file_path;concept_name;pattern;match_type;matched_text;similarity_score;first_line;name_score;summary_score
Cirq/cirq-core/cirq/contrib/quimb/Cirq-to-Tensor-Networks.py;/pennylane/pennylane.templates.tensornetworks.mps.MPS;Quantum Neural Network (QNN);summary;!/usr/bin/env python coding: utf-8 In[ ]: Cirq to Tensor Networks Here we demonstrate turning circuits into tensor network representations of the circ...;0.6944;0;;0.6944
Cirq/cirq-core/cirq/contrib/quimb/Cirq-to-Tensor-Networks.py;/pennylane/pennylane.templates.tensornetworks.ttn.TTN;Quantum Neural Network (QNN);summary;!/usr/bin/env python coding: utf-8 In[ ]: Cirq to Tensor Networks Here we demonstrate turning circuits into tensor network representations of the circ...;0.6752;0;;0.6752
Cirq/cirq-core/cirq/contrib/quimb/Cirq-to-Tensor-Networks.py;/pennylane/pennylane.templates.subroutines.select.Select;Dynamic Circuit;name;select;1.0000;234;1.0000;
OpenFermion/docs/fqe/tutorials/fermi_hubbard.py;/qiskit/qiskit.circuit.library.generalized_gates.diagonal.Diagonal;Circuit Construction Utility;name;diagonal;1.0000;377;1.0000;
Perceval/docs/source/notebooks/2-mode_Grover_algorithm.py;/qiskit-algorithms/qiskit_algorithms.amplitude_amplifiers.grover.Grover;Grover;summary;!/usr/bin/env python coding: utf-8 2-mode Grover's search algorithm We implement in this notebook a 2-mode optical realization of Grover's search algo...;0.6674;0;;0.6674
Perceval/docs/source/notebooks/2-mode_Grover_algorithm.py;expanded/repeat_grover_until_success;Grover;summary;!/usr/bin/env python coding: utf-8 2-mode Grover's search algorithm We implement in this notebook a 2-mode optical realization of Grover's search algo...;0.6674;0;;0.6674
Perceval/docs/source/notebooks/2-mode_Grover_algorithm.py;expanded/GroverOptimizer;Grover;summary;!/usr/bin/env python coding: utf-8 2-mode Grover's search algorithm We implement in this notebook a 2-mode optical realization of Grover's search algo...;0.6674;0;;0.6674
Perceval/docs/source/notebooks/Graph_States_Tutorial.py;/qiskit/qiskit.circuit.library.graph_state.GraphStateGate;Circuit Construction Utility;summary;!/usr/bin/env python coding: utf-8 Graph States I. Some definitions and properties of graph states Graph states are specific entangled states that are...;0.7415;0;;0.7415
Perceval/docs/source/notebooks/Graph_States_Tutorial.py;/qiskit/qiskit.circuit.library.graph_state.GraphState;Circuit Construction Utility;name;graph_state;1.0000;174;1.0000;
Perceval/docs/source/notebooks/QLOQ_QUBO_tutorial.py;/pennylane/pennylane.templates.layers.random.RandomLayers;Variational Quantum Algorithm (VQA);summary;!/usr/bin/env python coding: utf-8 QLOQ (Qubit Logic on Qudits) Welcome to this tutorial, where we explore **QLOQ** (Qubit Logic on Qudits) for linear...;0.6935;0;;0.6935
Perceval/docs/source/notebooks/Variational_Quantum_Eigensolver.py;/qiskit-algorithms/qiskit_algorithms.minimum_eigensolvers.adapt_vqe.AdaptVQE;Variational Quantum Eigensolver (VQE);summary;!/usr/bin/env python coding: utf-8 Variational Quantum Eigensolver We provide a Perceval implementation  of original photonic Variational Quantum Eige...;0.6755;0;;0.6755
Perceval/docs/source/notebooks/Variational_Quantum_Eigensolver.py;/qiskit-algorithms/qiskit_algorithms.minimum_eigensolvers.sampling_vqe.SamplingVQE;Variational Quantum Eigensolver (VQE);summary;!/usr/bin/env python coding: utf-8 Variational Quantum Eigensolver We provide a Perceval implementation  of original photonic Variational Quantum Eige...;0.7059;0;;0.7059
Perceval/docs/source/notebooks/Variational_Quantum_Eigensolver.py;/qiskit-algorithms/qiskit_algorithms.minimum_eigensolvers.vqe.VQE;Variational Quantum Eigensolver (VQE);summary;!/usr/bin/env python coding: utf-8 Variational Quantum Eigensolver We provide a Perceval implementation  of original photonic Variational Quantum Eige...;0.7287;0;;0.7287
Perceval/docs/source/notebooks/Variational_Quantum_Eigensolver.py;expanded/adapt_vqe_ansatz;Variational Quantum Eigensolver (VQE);summary;!/usr/bin/env python coding: utf-8 Variational Quantum Eigensolver We provide a Perceval implementation  of original photonic Variational Quantum Eige...;0.6755;0;;0.6755
Perceval/docs/source/notebooks/Variational_Quantum_Eigensolver.py;expanded/VqlsOptimizer;Variational Quantum Eigensolver (VQE);summary;!/usr/bin/env python coding: utf-8 Variational Quantum Eigensolver We provide a Perceval implementation  of original photonic Variational Quantum Eige...;0.7287;0;;0.7287
Perceval/docs/source/notebooks/Variational_Quantum_Eigensolver.py;expanded/get_qc;Variational Quantum Eigensolver (VQE);summary;!/usr/bin/env python coding: utf-8 Variational Quantum Eigensolver We provide a Perceval implementation  of original photonic Variational Quantum Eige...;0.7287;0;;0.7287
Perceval/docs/source/notebooks/Variational_Quantum_Eigensolver.py;expanded/adapt_layer;Variational Quantum Eigensolver (VQE);summary;!/usr/bin/env python coding: utf-8 Variational Quantum Eigensolver We provide a Perceval implementation  of original photonic Variational Quantum Eige...;0.6755;0;;0.6755
ProjectQ/examples/mapper_tutorial.py;/pennylane/pennylane.templates.embeddings.qaoaembedding.QAOAEmbedding;Quantum Approximate Optimization Algorithm (QAOA);summary;!/usr/bin/env python coding: utf-8 ProjectQ Mapper Tutorial The aim of this short tutorial is to give an introduction to the ProjectQ mappers. Project...;0.6613;0;;0.6613
ProjectQ/examples/mapper_tutorial.py;/qiskit-algorithms/qiskit_algorithms.state_fidelities.base_state_fidelity.BaseStateFidelity;Uncompute;summary;!/usr/bin/env python coding: utf-8 ProjectQ Mapper Tutorial The aim of this short tutorial is to give an introduction to the ProjectQ mappers. Project...;0.6645;0;;0.6645
ProjectQ/examples/spectral_measurement.py;/classiq/open_library.functions.qpe.qpe_flexible;Quantum Phase Estimation (QPE);summary;!/usr/bin/env python coding: utf-8 Quantum Algorithm for Spectral Measurement with Lower Gate Count This tutorial shows how to implement the algorithm...;0.6840;0;;0.6840
ProjectQ/examples/spectral_measurement.py;/classiq/open_library.functions.qpe.qpe;Quantum Phase Estimation (QPE);summary;!/usr/bin/env python coding: utf-8 Quantum Algorithm for Spectral Measurement with Lower Gate Count This tutorial shows how to implement the algorithm...;0.6876;0;;0.6876
ProjectQ/examples/spectral_measurement.py;/qiskit-algorithms/qiskit_algorithms.phase_estimators.hamiltonian_phase_estimation.HamiltonianPhaseEstimation;Quantum Phase Estimation (QPE);summary;!/usr/bin/env python coding: utf-8 Quantum Algorithm for Spectral Measurement with Lower Gate Count This tutorial shows how to implement the algorithm...;0.6584;0;;0.6584
ProjectQ/examples/spectral_measurement.py;expanded/my_qpe_flexible;Quantum Phase Estimation (QPE);summary;!/usr/bin/env python coding: utf-8 Quantum Algorithm for Spectral Measurement with Lower Gate Count This tutorial shows how to implement the algorithm...;0.6840;0;;0.6840
ProjectQ/examples/spectral_measurement.py;expanded/run_quantum_phase_estimation;Quantum Phase Estimation (QPE);summary;!/usr/bin/env python coding: utf-8 Quantum Algorithm for Spectral Measurement with Lower Gate Count This tutorial shows how to implement the algorithm...;0.6584;0;;0.6584
ProjectQ/examples/spectral_measurement.py;expanded/get_quantum_phase_estimation_results;Quantum Phase Estimation (QPE);summary;!/usr/bin/env python coding: utf-8 Quantum Algorithm for Spectral Measurement with Lower Gate Count This tutorial shows how to implement the algorithm...;0.6584;0;;0.6584
ProjectQ/examples/spectral_measurement.py;expanded/quantum_phase_estimation_circuit;Quantum Phase Estimation (QPE);summary;!/usr/bin/env python coding: utf-8 Quantum Algorithm for Spectral Measurement with Lower Gate Count This tutorial shows how to implement the algorithm...;0.6584;0;;0.6584
ProjectQ/examples/spectral_measurement.py;expanded/get_qpe_precision;Quantum Phase Estimation (QPE);summary;!/usr/bin/env python coding: utf-8 Quantum Algorithm for Spectral Measurement with Lower Gate Count This tutorial shows how to implement the algorithm...;0.6876;0;;0.6876
ProjectQ/examples/spectral_measurement.py;expanded/QControlBox;Quantum Phase Estimation (QPE);summary;!/usr/bin/env python coding: utf-8 Quantum Algorithm for Spectral Measurement with Lower Gate Count This tutorial shows how to implement the algorithm...;0.6840;0;;0.6840
ProjectQ/examples/spectral_measurement.py;expanded/normalize_hamiltonian;Quantum Phase Estimation (QPE);summary;!/usr/bin/env python coding: utf-8 Quantum Algorithm for Spectral Measurement with Lower Gate Count This tutorial shows how to implement the algorithm...;0.6584;0;;0.6584
ProjectQ/examples/spectral_measurement.py;expanded/QArray;Quantum Phase Estimation (QPE);summary;!/usr/bin/env python coding: utf-8 Quantum Algorithm for Spectral Measurement with Lower Gate Count This tutorial shows how to implement the algorithm...;0.6876;0;;0.6876
ProjectQ/examples/spectral_measurement.py;/qiskit/qiskit.circuit.library.data_preparation.state_preparation.StatePreparation;Initialization;name;StatePreparation;1.0000;171;1.0000;
ProjectQ/examples/variational_quantum_eigensolver.py;/qiskit-algorithms/qiskit_algorithms.minimum_eigensolvers.adapt_vqe.AdaptVQE;Variational Quantum Eigensolver (VQE);summary;"!/usr/bin/env python coding: utf-8 Implementation of a Variational Quantum Eigensolver (VQE). The example shown here is from the paper ""Scalable Quant...";0.6870;0;;0.6870
ProjectQ/examples/variational_quantum_eigensolver.py;/qiskit-algorithms/qiskit_algorithms.minimum_eigensolvers.sampling_vqe.SamplingVQE;Variational Quantum Eigensolver (VQE);summary;"!/usr/bin/env python coding: utf-8 Implementation of a Variational Quantum Eigensolver (VQE). The example shown here is from the paper ""Scalable Quant...";0.7088;0;;0.7088
ProjectQ/examples/variational_quantum_eigensolver.py;/qiskit-algorithms/qiskit_algorithms.minimum_eigensolvers.vqe.VQE;Variational Quantum Eigensolver (VQE);summary;"!/usr/bin/env python coding: utf-8 Implementation of a Variational Quantum Eigensolver (VQE). The example shown here is from the paper ""Scalable Quant...";0.7291;0;;0.7291
ProjectQ/examples/variational_quantum_eigensolver.py;/qiskit-algorithms/qiskit_algorithms.time_evolvers.pvqd.pvqd.PVQD;Variational Quantum Algorithm (VQA);summary;"!/usr/bin/env python coding: utf-8 Implementation of a Variational Quantum Eigensolver (VQE). The example shown here is from the paper ""Scalable Quant...";0.6554;0;;0.6554
ProjectQ/examples/variational_quantum_eigensolver.py;expanded/adapt_vqe_ansatz;Variational Quantum Eigensolver (VQE);summary;"!/usr/bin/env python coding: utf-8 Implementation of a Variational Quantum Eigensolver (VQE). The example shown here is from the paper ""Scalable Quant...";0.6870;0;;0.6870
ProjectQ/examples/variational_quantum_eigensolver.py;expanded/VqlsOptimizer;Variational Quantum Eigensolver (VQE);summary;"!/usr/bin/env python coding: utf-8 Implementation of a Variational Quantum Eigensolver (VQE). The example shown here is from the paper ""Scalable Quant...";0.7291;0;;0.7291
ProjectQ/examples/variational_quantum_eigensolver.py;expanded/get_qc;Variational Quantum Eigensolver (VQE);summary;"!/usr/bin/env python coding: utf-8 Implementation of a Variational Quantum Eigensolver (VQE). The example shown here is from the paper ""Scalable Quant...";0.7291;0;;0.7291
ProjectQ/examples/variational_quantum_eigensolver.py;expanded/adapt_layer;Variational Quantum Eigensolver (VQE);summary;"!/usr/bin/env python coding: utf-8 Implementation of a Variational Quantum Eigensolver (VQE). The example shown here is from the paper ""Scalable Quant...";0.6870;0;;0.6870
Qrisp/documentation/source/general/tutorial/BE_tutorial/BE_vol2.py;/classiq/open_library.functions.qsvt.qsvt;Domain Specific Application;summary;!/usr/bin/env python coding: utf-8 BlockEncoding class 201: Qubitization, Chebyshev polynomials, QSP Welcome back to the tutorial on Quantum Linear Al...;0.7113;0;;0.7113
Qrisp/documentation/source/general/tutorial/BE_tutorial/BE_vol2.py;/classiq/open_library.functions.qsvt.qsvt_lcu;Domain Specific Application;summary;!/usr/bin/env python coding: utf-8 BlockEncoding class 201: Qubitization, Chebyshev polynomials, QSP Welcome back to the tutorial on Quantum Linear Al...;0.7026;0;;0.7026
Qrisp/documentation/source/general/tutorial/BE_tutorial/BE_vol2.py;/classiq/open_library.functions.qsvt.gqsp;Domain Specific Application;summary;!/usr/bin/env python coding: utf-8 BlockEncoding class 201: Qubitization, Chebyshev polynomials, QSP Welcome back to the tutorial on Quantum Linear Al...;0.6817;0;;0.6817
Qrisp/documentation/source/general/tutorial/BE_tutorial/BE_vol2.py;expanded/gqsp_phases;Domain Specific Application;summary;!/usr/bin/env python coding: utf-8 BlockEncoding class 201: Qubitization, Chebyshev polynomials, QSP Welcome back to the tutorial on Quantum Linear Al...;0.6817;0;;0.6817
Qrisp/documentation/source/general/tutorial/BE_tutorial/BE_vol2.py;expanded/qsvt_phases;Domain Specific Application;summary;!/usr/bin/env python coding: utf-8 BlockEncoding class 201: Qubitization, Chebyshev polynomials, QSP Welcome back to the tutorial on Quantum Linear Al...;0.7113;0;;0.7113
Qrisp/documentation/source/general/tutorial/BE_tutorial/BE_vol2.py;expanded/parse_qsvt_results;Domain Specific Application;summary;!/usr/bin/env python coding: utf-8 BlockEncoding class 201: Qubitization, Chebyshev polynomials, QSP Welcome back to the tutorial on Quantum Linear Al...;0.7113;0;;0.7113
Qrisp/documentation/source/general/tutorial/BE_tutorial/BE_vol2.py;expanded/qsvt_sqrt_polynomial;Domain Specific Application;summary;!/usr/bin/env python coding: utf-8 BlockEncoding class 201: Qubitization, Chebyshev polynomials, QSP Welcome back to the tutorial on Quantum Linear Al...;0.7113;0;;0.7113
Qrisp/documentation/source/general/tutorial/BE_tutorial/BE_vol2.py;expanded/be_qfunc;Domain Specific Application;summary;!/usr/bin/env python coding: utf-8 BlockEncoding class 201: Qubitization, Chebyshev polynomials, QSP Welcome back to the tutorial on Quantum Linear Al...;0.7113;0;;0.7113
Qrisp/documentation/source/general/tutorial/BE_tutorial/BE_vol2.py;expanded/from_qsp_polynomial;Domain Specific Application;summary;!/usr/bin/env python coding: utf-8 BlockEncoding class 201: Qubitization, Chebyshev polynomials, QSP Welcome back to the tutorial on Quantum Linear Al...;0.6817;0;;0.6817
Qrisp/documentation/source/general/tutorial/BE_tutorial/BE_vol2.py;/pennylane/pennylane.templates.subroutines.qubitization.Qubitization;Data Encoding;name;qubitization;1.0000;63;1.0000;
Qrisp/documentation/source/general/tutorial/BigInteger.py;/classiq/open_library.functions.qft_functions.qft;Basis Change;name;QFT;1.0000;161;1.0000;
Qrisp/documentation/source/general/tutorial/BigInteger.py;/pennylane/pennylane.templates.subroutines.qft.QFT;Basis Change;name;QFT;1.0000;161;1.0000;
Qrisp/documentation/source/general/tutorial/BigInteger.py;/qiskit/qiskit.circuit.library.basis_change.qft.QFT;Basis Change;name;QFT;1.0000;161;1.0000;
Qrisp/documentation/source/general/tutorial/FT_compilation.py;/classiq/open_library.functions.qft_functions.qft;Basis Change;name;QFT;1.0000;281;1.0000;
Qrisp/documentation/source/general/tutorial/FT_compilation.py;/pennylane/pennylane.templates.subroutines.qft.QFT;Basis Change;name;QFT;1.0000;281;1.0000;
Qrisp/documentation/source/general/tutorial/FT_compilation.py;/qiskit/qiskit.circuit.library.basis_change.qft.QFT;Basis Change;name;QFT;1.0000;281;1.0000;
Qrisp/documentation/source/general/tutorial/GQSP_filtering.py;/pennylane/pennylane.templates.subroutines.reflection.Reflection;Grover;name;reflection;1.0000;369;1.0000;
Qrisp/documentation/source/general/tutorial/GQSP_filtering.py;/classiq/open_library.functions.qsvt.gqsp;Domain Specific Application;name;GQSP;1.0000;379;1.0000;
Qrisp/documentation/source/general/tutorial/GQSP_filtering.py;/pennylane/pennylane.templates.subroutines.gqsp.GQSP;Basis Change;name;GQSP;1.0000;379;1.0000;
Qrisp/documentation/source/general/tutorial/HHL.py;/qiskit-algorithms/qiskit_algorithms.minimum_eigensolvers.vqe.VQE;Variational Quantum Eigensolver (VQE);summary;!/usr/bin/env python coding: utf-8 Solving linear system problems with HHL The Harrow-Hassidim-Lloyd (HHL) quantum algorithm offers an exponential spe...;0.6709;0;;0.6709
Qrisp/documentation/source/general/tutorial/HHL.py;expanded/VqlsOptimizer;Variational Quantum Eigensolver (VQE);summary;!/usr/bin/env python coding: utf-8 Solving linear system problems with HHL The Harrow-Hassidim-Lloyd (HHL) quantum algorithm offers an exponential spe...;0.6709;0;;0.6709
Qrisp/documentation/source/general/tutorial/HHL.py;expanded/get_qc;Variational Quantum Eigensolver (VQE);summary;!/usr/bin/env python coding: utf-8 Solving linear system problems with HHL The Harrow-Hassidim-Lloyd (HHL) quantum algorithm offers an exponential spe...;0.6709;0;;0.6709
Qrisp/documentation/source/general/tutorial/HHL.py;/classiq/open_library.functions.qpe.qpe;Quantum Phase Estimation (QPE);name;QPE;1.0000;132;1.0000;
Qrisp/documentation/source/general/tutorial/Jasp.py;/qiskit/qiskit.circuit.library.arithmetic.multipliers.rg_qft_multiplier.RGQFTMultiplier;Quantum Arithmetic;name;RGQFTMultiplier;1.0000;29;1.0000;
Qrisp/documentation/source/general/tutorial/QAOAtutorial/MaxCut.py;/qiskit-algorithms/qiskit_algorithms.minimum_eigensolvers.qaoa.QAOA;Quantum Approximate Optimization Algorithm (QAOA);summary;!/usr/bin/env python coding: utf-8 MaxCut QAOA Implementation Welcome to our Quantum Approximate Optimization Algorithm (QAOA) implementation tutorial...;0.7129;0;;0.7129
Qrisp/documentation/source/general/tutorial/QAOAtutorial/MaxCut.py;expanded/qaoa;Quantum Approximate Optimization Algorithm (QAOA);summary;!/usr/bin/env python coding: utf-8 MaxCut QAOA Implementation Welcome to our Quantum Approximate Optimization Algorithm (QAOA) implementation tutorial...;0.7129;0;;0.7129
Qrisp/documentation/source/general/tutorial/QAOAtutorial/MaxCut.py;expanded/QUBO_QAOA;Quantum Approximate Optimization Algorithm (QAOA);summary;!/usr/bin/env python coding: utf-8 MaxCut QAOA Implementation Welcome to our Quantum Approximate Optimization Algorithm (QAOA) implementation tutorial...;0.7129;0;;0.7129
Qrisp/documentation/source/general/tutorial/QAOAtutorial/MaxCut.py;expanded/QUBO_QAOA_cvar;Quantum Approximate Optimization Algorithm (QAOA);summary;!/usr/bin/env python coding: utf-8 MaxCut QAOA Implementation Welcome to our Quantum Approximate Optimization Algorithm (QAOA) implementation tutorial...;0.7129;0;;0.7129
Qrisp/documentation/source/general/tutorial/QAOAtutorial/MaxCut.py;expanded/optimize_qaoa_params;Quantum Approximate Optimization Algorithm (QAOA);summary;!/usr/bin/env python coding: utf-8 MaxCut QAOA Implementation Welcome to our Quantum Approximate Optimization Algorithm (QAOA) implementation tutorial...;0.7129;0;;0.7129
Qrisp/documentation/source/general/tutorial/QAOAtutorial/MaxCut.py;expanded/QAOA_ansatz_for_Ising;Quantum Approximate Optimization Algorithm (QAOA);summary;!/usr/bin/env python coding: utf-8 MaxCut QAOA Implementation Welcome to our Quantum Approximate Optimization Algorithm (QAOA) implementation tutorial...;0.7129;0;;0.7129
Qrisp/documentation/source/general/tutorial/QAOAtutorial/MaxCut.py;expanded/run_qiro;Quantum Approximate Optimization Algorithm (QAOA);summary;!/usr/bin/env python coding: utf-8 MaxCut QAOA Implementation Welcome to our Quantum Approximate Optimization Algorithm (QAOA) implementation tutorial...;0.7129;0;;0.7129
Qrisp/documentation/source/general/tutorial/QIROtutorial.py;/qiskit-algorithms/qiskit_algorithms.minimum_eigensolvers.qaoa.QAOA;Quantum Approximate Optimization Algorithm (QAOA);summary;!/usr/bin/env python coding: utf-8 Quantum-Informed Recursive Optimization This tutorial will give you an overview of problem specific implementations...;0.7818;0;;0.7818
Qrisp/documentation/source/general/tutorial/QIROtutorial.py;expanded/qaoa;Quantum Approximate Optimization Algorithm (QAOA);summary;!/usr/bin/env python coding: utf-8 Quantum-Informed Recursive Optimization This tutorial will give you an overview of problem specific implementations...;0.7818;0;;0.7818
Qrisp/documentation/source/general/tutorial/QIROtutorial.py;expanded/QUBO_QAOA;Quantum Approximate Optimization Algorithm (QAOA);summary;!/usr/bin/env python coding: utf-8 Quantum-Informed Recursive Optimization This tutorial will give you an overview of problem specific implementations...;0.7818;0;;0.7818
Qrisp/documentation/source/general/tutorial/QIROtutorial.py;expanded/QUBO_QAOA_cvar;Quantum Approximate Optimization Algorithm (QAOA);summary;!/usr/bin/env python coding: utf-8 Quantum-Informed Recursive Optimization This tutorial will give you an overview of problem specific implementations...;0.7818;0;;0.7818
Qrisp/documentation/source/general/tutorial/QIROtutorial.py;expanded/optimize_qaoa_params;Quantum Approximate Optimization Algorithm (QAOA);summary;!/usr/bin/env python coding: utf-8 Quantum-Informed Recursive Optimization This tutorial will give you an overview of problem specific implementations...;0.7818;0;;0.7818
Qrisp/documentation/source/general/tutorial/QIROtutorial.py;expanded/QAOA_ansatz_for_Ising;Quantum Approximate Optimization Algorithm (QAOA);summary;!/usr/bin/env python coding: utf-8 Quantum-Informed Recursive Optimization This tutorial will give you an overview of problem specific implementations...;0.7818;0;;0.7818
Qrisp/documentation/source/general/tutorial/QIROtutorial.py;expanded/run_qiro;Quantum Approximate Optimization Algorithm (QAOA);name;run_qiro;1.0000;254;1.0000;0.7818
Qrisp/documentation/source/general/tutorial/QMCItutorial.py;/pennylane/pennylane.templates.subroutines.qmc.QuantumMonteCarlo;Domain Specific Application;summary;!/usr/bin/env python coding: utf-8 Quantum Monte Carlo Integration This tutorial will provide you with an introduction to Quantum Monte Carlo (QMCI) I...;0.7154;0;;0.7154
Qrisp/documentation/source/general/tutorial/Shor.py;/classiq/open_library.functions.qft_functions.qft;Basis Change;name;QFT;1.0000;171;1.0000;
Qrisp/documentation/source/general/tutorial/Shor.py;/pennylane/pennylane.templates.subroutines.qft.QFT;Basis Change;name;QFT;1.0000;171;1.0000;
Qrisp/documentation/source/general/tutorial/Shor.py;/qiskit/qiskit.circuit.library.basis_change.qft.QFT;Basis Change;name;QFT;1.0000;171;1.0000;
Qrisp/documentation/source/general/tutorial/TSP.py;/classiq/open_library.functions.qpe.qpe;Quantum Phase Estimation (QPE);name;QPE;1.0000;183;1.0000;
Qrisp/documentation/source/general/tutorial/tutorial.py;/classiq/open_library.functions.amplitude_amplification.amplitude_amplification;Amplitude Amplification;summary;!/usr/bin/env python coding: utf-8 Getting familiar with Qrisp Congratulations, you made it to your first Qrisp tutorial! This tutorial is designed to...;0.6514;0;;0.6514
Qrisp/documentation/source/general/tutorial/tutorial.py;/classiq/open_library.functions.qpe.qpe_flexible;Quantum Phase Estimation (QPE);summary;!/usr/bin/env python coding: utf-8 Getting familiar with Qrisp Congratulations, you made it to your first Qrisp tutorial! This tutorial is designed to...;0.6980;0;;0.6980
Qrisp/documentation/source/general/tutorial/tutorial.py;/pennylane/pennylane.templates.subroutines.qmc.QuantumMonteCarlo;Domain Specific Application;summary;!/usr/bin/env python coding: utf-8 Getting familiar with Qrisp Congratulations, you made it to your first Qrisp tutorial! This tutorial is designed to...;0.6661;0;;0.6661
Qrisp/documentation/source/general/tutorial/tutorial.py;/qiskit-algorithms/qiskit_algorithms.minimum_eigensolvers.qaoa.QAOA;Quantum Approximate Optimization Algorithm (QAOA);summary;!/usr/bin/env python coding: utf-8 Getting familiar with Qrisp Congratulations, you made it to your first Qrisp tutorial! This tutorial is designed to...;0.7120;0;;0.7120
Qrisp/documentation/source/general/tutorial/tutorial.py;/qiskit-algorithms/qiskit_algorithms.phase_estimators.ipe.IterativePhaseEstimation;Quantum Phase Estimation (QPE);summary;!/usr/bin/env python coding: utf-8 Getting familiar with Qrisp Congratulations, you made it to your first Qrisp tutorial! This tutorial is designed to...;0.6613;0;;0.6613
Qrisp/documentation/source/general/tutorial/tutorial.py;/qiskit-algorithms/qiskit_algorithms.phase_estimators.phase_estimation.PhaseEstimation;Quantum Phase Estimation (QPE);summary;!/usr/bin/env python coding: utf-8 Getting familiar with Qrisp Congratulations, you made it to your first Qrisp tutorial! This tutorial is designed to...;0.6599;0;;0.6599
Qrisp/documentation/source/general/tutorial/tutorial.py;expanded/qaoa;Quantum Approximate Optimization Algorithm (QAOA);summary;!/usr/bin/env python coding: utf-8 Getting familiar with Qrisp Congratulations, you made it to your first Qrisp tutorial! This tutorial is designed to...;0.7120;0;;0.7120
Qrisp/documentation/source/general/tutorial/tutorial.py;expanded/my_qpe_flexible;Quantum Phase Estimation (QPE);summary;!/usr/bin/env python coding: utf-8 Getting familiar with Qrisp Congratulations, you made it to your first Qrisp tutorial! This tutorial is designed to...;0.6980;0;;0.6980
Qrisp/documentation/source/general/tutorial/tutorial.py;expanded/QUBO_QAOA;Quantum Approximate Optimization Algorithm (QAOA);summary;!/usr/bin/env python coding: utf-8 Getting familiar with Qrisp Congratulations, you made it to your first Qrisp tutorial! This tutorial is designed to...;0.7120;0;;0.7120
Qrisp/documentation/source/general/tutorial/tutorial.py;expanded/QUBO_QAOA_cvar;Quantum Approximate Optimization Algorithm (QAOA);summary;!/usr/bin/env python coding: utf-8 Getting familiar with Qrisp Congratulations, you made it to your first Qrisp tutorial! This tutorial is designed to...;0.7120;0;;0.7120
Qrisp/documentation/source/general/tutorial/tutorial.py;expanded/get_qpe_precision;Quantum Phase Estimation (QPE);summary;!/usr/bin/env python coding: utf-8 Getting familiar with Qrisp Congratulations, you made it to your first Qrisp tutorial! This tutorial is designed to...;0.6840;0;;0.6840
Qrisp/documentation/source/general/tutorial/tutorial.py;expanded/optimize_qaoa_params;Quantum Approximate Optimization Algorithm (QAOA);summary;!/usr/bin/env python coding: utf-8 Getting familiar with Qrisp Congratulations, you made it to your first Qrisp tutorial! This tutorial is designed to...;0.7120;0;;0.7120
Qrisp/documentation/source/general/tutorial/tutorial.py;expanded/QControlBox;Quantum Phase Estimation (QPE);summary;!/usr/bin/env python coding: utf-8 Getting familiar with Qrisp Congratulations, you made it to your first Qrisp tutorial! This tutorial is designed to...;0.6980;0;;0.6980
Qrisp/documentation/source/general/tutorial/tutorial.py;expanded/QAOA_ansatz_for_Ising;Quantum Approximate Optimization Algorithm (QAOA);summary;!/usr/bin/env python coding: utf-8 Getting familiar with Qrisp Congratulations, you made it to your first Qrisp tutorial! This tutorial is designed to...;0.7120;0;;0.7120
Qrisp/documentation/source/general/tutorial/tutorial.py;expanded/QArray;Quantum Phase Estimation (QPE);summary;!/usr/bin/env python coding: utf-8 Getting familiar with Qrisp Congratulations, you made it to your first Qrisp tutorial! This tutorial is designed to...;0.6840;0;;0.6840
Qrisp/documentation/source/general/tutorial/tutorial.py;expanded/run_qiro;Quantum Approximate Optimization Algorithm (QAOA);summary;!/usr/bin/env python coding: utf-8 Getting familiar with Qrisp Congratulations, you made it to your first Qrisp tutorial! This tutorial is designed to...;0.7120;0;;0.7120
Qrisp/documentation/source/general/tutorial/tutorial.py;/classiq/open_library.functions.qft_functions.qft;Basis Change;name;QFT;1.0000;256;1.0000;
Qrisp/documentation/source/general/tutorial/tutorial.py;/pennylane/pennylane.templates.subroutines.qft.QFT;Basis Change;name;QFT;1.0000;256;1.0000;
Qrisp/documentation/source/general/tutorial/tutorial.py;/qiskit/qiskit.circuit.library.basis_change.qft.QFT;Basis Change;name;QFT;1.0000;256;1.0000;
Qrisp/documentation/source/general/tutorial/tutorial.py;/classiq/open_library.functions.qpe.qpe;Quantum Phase Estimation (QPE);name;QPE;1.0000;286;1.0000;0.6840
Qualtran/dev_tools/ui-export.py;/pennylane/pennylane.templates.subroutines.arithmetic.mod_exp.ModExp;Quantum Arithmetic;name;ModExp;1.0000;10;1.0000;
Qualtran/qualtran/Adjoint.py;/qiskit/qiskit.circuit.library.boolean_logic.quantum_and.AND;Quantum Logical Operators;name;And;1.0000;92;1.0000;
Qualtran/qualtran/_infra/Bloqs-Tutorial.py;/pennylane/pennylane.templates.subroutines.arithmetic.mod_exp.ModExp;Quantum Arithmetic;name;ModExp;1.0000;592;1.0000;
Qualtran/qualtran/bloqs/arithmetic/addition.py;/classiq/open_library.functions.modular_exponentiation.qft_space_add_const;Quantum Arithmetic;summary;!/usr/bin/env python coding: utf-8 Addition In[ ]: `Add` An n-bit addition gate. This computes `a + b` and stores the result in `b`. Specifically it i...;0.6875;0;;0.6875
Qualtran/qualtran/bloqs/arithmetic/addition.py;/classiq/open_library.functions.modular_exponentiation.cc_modular_add;Quantum Arithmetic;summary;!/usr/bin/env python coding: utf-8 Addition In[ ]: `Add` An n-bit addition gate. This computes `a + b` and stores the result in `b`. Specifically it i...;0.6543;0;;0.6543
Qualtran/qualtran/bloqs/arithmetic/addition.py;/classiq/open_library.functions.modular_exponentiation.modular_multiply;Quantum Arithmetic;summary;!/usr/bin/env python coding: utf-8 Addition In[ ]: `Add` An n-bit addition gate. This computes `a + b` and stores the result in `b`. Specifically it i...;0.6515;0;;0.6515
Qualtran/qualtran/bloqs/arithmetic/addition.py;/qiskit/qiskit.circuit.library.arithmetic.adders.adder.FullAdderGate;Quantum Arithmetic;summary;!/usr/bin/env python coding: utf-8 Addition In[ ]: `Add` An n-bit addition gate. This computes `a + b` and stores the result in `b`. Specifically it i...;0.6681;0;;0.6681
Qualtran/qualtran/bloqs/arithmetic/addition.py;/qiskit/qiskit.circuit.library.arithmetic.adders.draper_qft_adder.DraperQFTAdder;Quantum Arithmetic;summary;!/usr/bin/env python coding: utf-8 Addition In[ ]: `Add` An n-bit addition gate. This computes `a + b` and stores the result in `b`. Specifically it i...;0.6993;0;;0.6993
Qualtran/qualtran/bloqs/arithmetic/controlled_addition.py;/classiq/open_library.functions.modular_exponentiation.qft_space_add_const;Quantum Arithmetic;summary;!/usr/bin/env python coding: utf-8 Controlled Addition In[ ]: `CAdd` An n-bit controlled-addition gate. This uses $n$ `And` gates plus an uncontrolled...;0.6661;0;;0.6661
Qualtran/qualtran/bloqs/arithmetic/controlled_addition.py;/classiq/open_library.functions.modular_exponentiation.c_modular_multiply;Quantum Arithmetic;summary;!/usr/bin/env python coding: utf-8 Controlled Addition In[ ]: `CAdd` An n-bit controlled-addition gate. This uses $n$ `And` gates plus an uncontrolled...;0.6525;0;;0.6525
Qualtran/qualtran/bloqs/arithmetic/controlled_addition.py;/qiskit/qiskit.circuit.library.arithmetic.adders.cdkm_ripple_carry_adder.CDKMRippleCarryAdder;Quantum Arithmetic;summary;!/usr/bin/env python coding: utf-8 Controlled Addition In[ ]: `CAdd` An n-bit controlled-addition gate. This uses $n$ `And` gates plus an uncontrolled...;0.6550;0;;0.6550
Qualtran/qualtran/bloqs/arithmetic/controlled_addition.py;/qiskit/qiskit.circuit.library.arithmetic.adders.draper_qft_adder.DraperQFTAdder;Quantum Arithmetic;summary;!/usr/bin/env python coding: utf-8 Controlled Addition In[ ]: `CAdd` An n-bit controlled-addition gate. This uses $n$ `And` gates plus an uncontrolled...;0.7032;0;;0.7032
Qualtran/qualtran/bloqs/arithmetic/permutation.py;/qiskit/qiskit.circuit.library.generalized_gates.permutation.Permutation;Circuit Construction Utility;name;Permutation;1.0000;65;1.0000;
Qualtran/qualtran/bloqs/arithmetic/t_complexity_of_comparison_gates.py;/qiskit/qiskit.circuit.library.boolean_logic.quantum_and.AND;Quantum Logical Operators;name;And;1.0000;191;1.0000;
Qualtran/qualtran/bloqs/basic_gates/identity.py;/qiskit/qiskit.circuit.library.boolean_logic.quantum_and.AndGate;Quantum Logical Operators;summary;!/usr/bin/env python coding: utf-8 Identity Gate In[ ]: `Identity` The identity gate on `n` qubits. Parameters - `bitsize`: number of qubits `n`, defa...;0.6527;0;;0.6527
Qualtran/qualtran/bloqs/basic_gates/rotation.py;/pennylane/pennylane.templates.subroutines.select_pauli_rot.SelectPauliRot;Circuit Construction Utility;summary;!/usr/bin/env python coding: utf-8 Basic Rotation Gates Single-qubit rotation gates. A single qubit's state can be mapped to the Bloch sphere. Rotatio...;0.6931;0;;0.6931
Qualtran/qualtran/bloqs/basic_gates/rotation.py;/qiskit/qiskit.circuit.library.arithmetic.polynomial_pauli_rotations.PolynomialPauliRotationsGate;Quantum Arithmetic;summary;!/usr/bin/env python coding: utf-8 Basic Rotation Gates Single-qubit rotation gates. A single qubit's state can be mapped to the Bloch sphere. Rotatio...;0.6751;0;;0.6751
Qualtran/qualtran/bloqs/block_encoding/block_encoding.py;/pennylane/pennylane.templates.subroutines.prepselprep.PrepSelPrep;Data Encoding;summary;!/usr/bin/env python coding: utf-8 Block Encoding Interface High level bloqs for defining bloq encodings and operations on block encodings. In[ ]: `Bl...;0.7225;0;;0.7225
Qualtran/qualtran/bloqs/block_encoding/linear_combination.py;/pennylane/pennylane.templates.subroutines.prepselprep.PrepSelPrep;Data Encoding;summary;!/usr/bin/env python coding: utf-8 Linear Combination In[ ]: `LinearCombination` Linear combination of a sequence of block encodings. Builds the block...;0.6839;0;;0.6839
Qualtran/qualtran/bloqs/block_encoding/tensor_product.py;/pennylane/pennylane.templates.subroutines.prepselprep.PrepSelPrep;Data Encoding;summary;!/usr/bin/env python coding: utf-8 Tensor Product In[ ]: `TensorProduct` Tensor product of a sequence of block encodings. Builds the block encoding as...;0.6660;0;;0.6660
Qualtran/qualtran/bloqs/bookkeeping/always.py;/qiskit/qiskit.circuit.library.boolean_logic.quantum_and.AND;Quantum Logical Operators;name;And;1.0000;61;1.0000;
Qualtran/qualtran/bloqs/chemistry/trotter/grid_ham/trotter_costs.py;/qiskit/qiskit.circuit.library.boolean_logic.quantum_and.AND;Quantum Logical Operators;name;And;1.0000;495;1.0000;
Qualtran/qualtran/bloqs/cryptography/rsa/factoring-via-modexp.py;/pennylane/pennylane.templates.subroutines.arithmetic.mod_exp.ModExp;Quantum Arithmetic;name;ModExp;1.0000;107;1.0000;
Qualtran/qualtran/bloqs/cryptography/rsa/rsa.py;/pennylane/pennylane.templates.subroutines.arithmetic.mod_exp.ModExp;Quantum Arithmetic;name;ModExp;1.0000;72;1.0000;
Qualtran/qualtran/bloqs/data_loading/qrom.py;/pennylane/pennylane.templates.state_preparations.qrom_state_prep.QROMStatePreparation;Initialization;summary;!/usr/bin/env python coding: utf-8 QROM Quantum read-only memory. In[ ]: `QROMBase` Interface for Bloqs to load `data[l]` when the selection register ...;0.6509;0;;0.6509
Qualtran/qualtran/bloqs/data_loading/qrom.py;/pennylane/pennylane.templates.subroutines.qrom.QROM;Data Encoding;name;QROM;1.0000;167;1.0000;
Qualtran/qualtran/bloqs/gf_arithmetic/gf2_addition.py;/qiskit/qiskit.circuit.library.arithmetic.adders.draper_qft_adder.DraperQFTAdder;Quantum Arithmetic;summary;!/usr/bin/env python coding: utf-8 GF($2^m$) Addition In[ ]: `GF2Addition` In place addition over GF($2^m$). The bloq implements in place addition of ...;0.6830;0;;0.6830
Qualtran/qualtran/bloqs/gf_arithmetic/gf2_multiplication.py;/qiskit/qiskit.circuit.library.arithmetic.multipliers.rg_qft_multiplier.RGQFTMultiplier;Quantum Arithmetic;summary;!/usr/bin/env python coding: utf-8 GF($2^m$) Multiplication In[ ]: `GF2Multiplication` Out of place multiplication over GF($2^m$). The bloq implements...;0.6500;0;;0.6500
Qualtran/qualtran/bloqs/gf_arithmetic/gf2_square.py;/qiskit/qiskit.circuit.library.arithmetic.quadratic_form.QuadraticFormGate;Quantum Arithmetic;summary;!/usr/bin/env python coding: utf-8 GF($2^m$) Square In[ ]: `GF2Square` In place squaring for elements in GF($2^m$) The bloq implements in-place squari...;0.6702;0;;0.6702
Qualtran/qualtran/bloqs/hamiltonian_simulation/guided_hamiltonian.py;/qiskit-algorithms/qiskit_algorithms.phase_estimators.hamiltonian_phase_estimation.HamiltonianPhaseEstimation;Quantum Phase Estimation (QPE);name;GuidedHamiltonianPhaseEstimation;0.9139;146;0.9139;
Qualtran/qualtran/bloqs/mcmt/and_bloq.py;/qiskit/qiskit.circuit.library.boolean_logic.quantum_and.AND;Quantum Logical Operators;name;And;1.0000;196;1.0000;
Qualtran/qualtran/bloqs/multiplexers/unary_iteration.py;/qiskit/qiskit.circuit.library.boolean_logic.quantum_and.AND;Quantum Logical Operators;name;And;1.0000;134;1.0000;
Qualtran/qualtran/bloqs/phase_estimation/kaiser_window_state.py;/classiq/open_library.functions.qpe.qpe_flexible;Quantum Phase Estimation (QPE);summary;!/usr/bin/env python coding: utf-8 Kaiser Window State for Quantum Phase Estimation In[ ]: `KaiserWindowState` Bloq to prepare a Kaiser window state f...;0.6825;0;;0.6825
Qualtran/qualtran/bloqs/phase_estimation/kaiser_window_state.py;/classiq/open_library.functions.qpe.qpe;Quantum Phase Estimation (QPE);summary;!/usr/bin/env python coding: utf-8 Kaiser Window State for Quantum Phase Estimation In[ ]: `KaiserWindowState` Bloq to prepare a Kaiser window state f...;0.7101;0;;0.7101
Qualtran/qualtran/bloqs/phase_estimation/kaiser_window_state.py;/qiskit-algorithms/qiskit_algorithms.phase_estimators.ipe.IterativePhaseEstimation;Quantum Phase Estimation (QPE);summary;!/usr/bin/env python coding: utf-8 Kaiser Window State for Quantum Phase Estimation In[ ]: `KaiserWindowState` Bloq to prepare a Kaiser window state f...;0.6638;0;;0.6638
Qualtran/qualtran/bloqs/phase_estimation/kaiser_window_state.py;/qiskit-algorithms/qiskit_algorithms.phase_estimators.phase_estimation.PhaseEstimation;Quantum Phase Estimation (QPE);summary;!/usr/bin/env python coding: utf-8 Kaiser Window State for Quantum Phase Estimation In[ ]: `KaiserWindowState` Bloq to prepare a Kaiser window state f...;0.6530;0;;0.6530
Qualtran/qualtran/bloqs/phase_estimation/kaiser_window_state.py;expanded/my_qpe_flexible;Quantum Phase Estimation (QPE);summary;!/usr/bin/env python coding: utf-8 Kaiser Window State for Quantum Phase Estimation In[ ]: `KaiserWindowState` Bloq to prepare a Kaiser window state f...;0.6825;0;;0.6825
Qualtran/qualtran/bloqs/phase_estimation/kaiser_window_state.py;expanded/get_qpe_precision;Quantum Phase Estimation (QPE);summary;!/usr/bin/env python coding: utf-8 Kaiser Window State for Quantum Phase Estimation In[ ]: `KaiserWindowState` Bloq to prepare a Kaiser window state f...;0.7101;0;;0.7101
Qualtran/qualtran/bloqs/phase_estimation/kaiser_window_state.py;expanded/QControlBox;Quantum Phase Estimation (QPE);summary;!/usr/bin/env python coding: utf-8 Kaiser Window State for Quantum Phase Estimation In[ ]: `KaiserWindowState` Bloq to prepare a Kaiser window state f...;0.6825;0;;0.6825
Qualtran/qualtran/bloqs/phase_estimation/kaiser_window_state.py;expanded/QArray;Quantum Phase Estimation (QPE);summary;!/usr/bin/env python coding: utf-8 Kaiser Window State for Quantum Phase Estimation In[ ]: `KaiserWindowState` Bloq to prepare a Kaiser window state f...;0.7101;0;;0.7101
Qualtran/qualtran/bloqs/phase_estimation/phase_estimation_of_quantum_walk.py;/classiq/open_library.functions.qft_functions.qft;Basis Change;name;qft;1.0000;82;1.0000;
Qualtran/qualtran/bloqs/phase_estimation/phase_estimation_of_quantum_walk.py;/pennylane/pennylane.templates.subroutines.qft.QFT;Basis Change;name;qft;1.0000;82;1.0000;
Qualtran/qualtran/bloqs/phase_estimation/phase_estimation_of_quantum_walk.py;/qiskit/qiskit.circuit.library.basis_change.qft.QFT;Basis Change;name;qft;1.0000;82;1.0000;
Qualtran/qualtran/bloqs/phase_estimation/phase_estimation_of_quantum_walk.py;/qiskit/qiskit.circuit.library.phase_estimation.PhaseEstimation;Quantum Phase Estimation (QPE);name;phase_estimation;1.0000;93;1.0000;
Qualtran/qualtran/bloqs/phase_estimation/phase_estimation_of_quantum_walk.py;/qiskit-algorithms/qiskit_algorithms.phase_estimators.phase_estimation.PhaseEstimation;Quantum Phase Estimation (QPE);name;phase_estimation;1.0000;93;1.0000;
Qualtran/qualtran/bloqs/phase_estimation/qubitization_qpe.py;/classiq/open_library.functions.qpe.qpe_flexible;Quantum Phase Estimation (QPE);summary;!/usr/bin/env python coding: utf-8 Qubitization Phase Estimation In[ ]: `QubitizationQPE` Heisenberg limited phase estimation circuit for learning eig...;0.7160;0;;0.7160
Qualtran/qualtran/bloqs/phase_estimation/qubitization_qpe.py;/classiq/open_library.functions.qpe.qpe;Quantum Phase Estimation (QPE);summary;!/usr/bin/env python coding: utf-8 Qubitization Phase Estimation In[ ]: `QubitizationQPE` Heisenberg limited phase estimation circuit for learning eig...;0.6647;0;;0.6647
Qualtran/qualtran/bloqs/phase_estimation/qubitization_qpe.py;expanded/my_qpe_flexible;Quantum Phase Estimation (QPE);summary;!/usr/bin/env python coding: utf-8 Qubitization Phase Estimation In[ ]: `QubitizationQPE` Heisenberg limited phase estimation circuit for learning eig...;0.7160;0;;0.7160
Qualtran/qualtran/bloqs/phase_estimation/qubitization_qpe.py;expanded/get_qpe_precision;Quantum Phase Estimation (QPE);summary;!/usr/bin/env python coding: utf-8 Qubitization Phase Estimation In[ ]: `QubitizationQPE` Heisenberg limited phase estimation circuit for learning eig...;0.6647;0;;0.6647
Qualtran/qualtran/bloqs/phase_estimation/qubitization_qpe.py;expanded/QControlBox;Quantum Phase Estimation (QPE);summary;!/usr/bin/env python coding: utf-8 Qubitization Phase Estimation In[ ]: `QubitizationQPE` Heisenberg limited phase estimation circuit for learning eig...;0.7160;0;;0.7160
Qualtran/qualtran/bloqs/phase_estimation/qubitization_qpe.py;expanded/QArray;Quantum Phase Estimation (QPE);summary;!/usr/bin/env python coding: utf-8 Qubitization Phase Estimation In[ ]: `QubitizationQPE` Heisenberg limited phase estimation circuit for learning eig...;0.6647;0;;0.6647
Qualtran/qualtran/bloqs/phase_estimation/text_book_qpe.py;/classiq/open_library.functions.qpe.qpe_flexible;Quantum Phase Estimation (QPE);summary;!/usr/bin/env python coding: utf-8 Textbook Quantum Phase Estimation In[ ]: `TextbookQPE` Phase Estimation algorithm as presented in Chapter 5.2 of Ne...;0.7193;0;;0.7193
Qualtran/qualtran/bloqs/phase_estimation/text_book_qpe.py;/classiq/open_library.functions.qpe.qpe;Quantum Phase Estimation (QPE);summary;!/usr/bin/env python coding: utf-8 Textbook Quantum Phase Estimation In[ ]: `TextbookQPE` Phase Estimation algorithm as presented in Chapter 5.2 of Ne...;0.7210;0;;0.7210
Qualtran/qualtran/bloqs/phase_estimation/text_book_qpe.py;/qiskit-algorithms/qiskit_algorithms.amplitude_estimators.ae.AmplitudeEstimation;Quantum Amplitude Estimation;summary;!/usr/bin/env python coding: utf-8 Textbook Quantum Phase Estimation In[ ]: `TextbookQPE` Phase Estimation algorithm as presented in Chapter 5.2 of Ne...;0.6733;0;;0.6733
Qualtran/qualtran/bloqs/phase_estimation/text_book_qpe.py;/qiskit-algorithms/qiskit_algorithms.phase_estimators.ipe.IterativePhaseEstimation;Quantum Phase Estimation (QPE);summary;!/usr/bin/env python coding: utf-8 Textbook Quantum Phase Estimation In[ ]: `TextbookQPE` Phase Estimation algorithm as presented in Chapter 5.2 of Ne...;0.7167;0;;0.7167
Qualtran/qualtran/bloqs/phase_estimation/text_book_qpe.py;/qiskit-algorithms/qiskit_algorithms.phase_estimators.phase_estimation.PhaseEstimation;Quantum Phase Estimation (QPE);summary;!/usr/bin/env python coding: utf-8 Textbook Quantum Phase Estimation In[ ]: `TextbookQPE` Phase Estimation algorithm as presented in Chapter 5.2 of Ne...;0.7072;0;;0.7072
Qualtran/qualtran/bloqs/phase_estimation/text_book_qpe.py;expanded/my_qpe_flexible;Quantum Phase Estimation (QPE);summary;!/usr/bin/env python coding: utf-8 Textbook Quantum Phase Estimation In[ ]: `TextbookQPE` Phase Estimation algorithm as presented in Chapter 5.2 of Ne...;0.7193;0;;0.7193
Qualtran/qualtran/bloqs/phase_estimation/text_book_qpe.py;expanded/get_qpe_precision;Quantum Phase Estimation (QPE);summary;!/usr/bin/env python coding: utf-8 Textbook Quantum Phase Estimation In[ ]: `TextbookQPE` Phase Estimation algorithm as presented in Chapter 5.2 of Ne...;0.7210;0;;0.7210
Qualtran/qualtran/bloqs/phase_estimation/text_book_qpe.py;expanded/QControlBox;Quantum Phase Estimation (QPE);summary;!/usr/bin/env python coding: utf-8 Textbook Quantum Phase Estimation In[ ]: `TextbookQPE` Phase Estimation algorithm as presented in Chapter 5.2 of Ne...;0.7193;0;;0.7193
Qualtran/qualtran/bloqs/phase_estimation/text_book_qpe.py;expanded/QArray;Quantum Phase Estimation (QPE);summary;!/usr/bin/env python coding: utf-8 Textbook Quantum Phase Estimation In[ ]: `TextbookQPE` Phase Estimation algorithm as presented in Chapter 5.2 of Ne...;0.7210;0;;0.7210
Qualtran/qualtran/bloqs/qft/qft_phase_gradient.py;/classiq/open_library.functions.qft_functions.qft_no_swap;Basis Change;summary;!/usr/bin/env python coding: utf-8 Phase Gradient QFT In[ ]: `QFTPhaseGradient` QFT implemented using coherent addition into a phase gradient register...;0.6622;0;;0.6622
Qualtran/qualtran/bloqs/qft/qft_phase_gradient.py;/classiq/open_library.functions.qft_functions.qft;Basis Change;summary;!/usr/bin/env python coding: utf-8 Phase Gradient QFT In[ ]: `QFTPhaseGradient` QFT implemented using coherent addition into a phase gradient register...;0.6688;0;;0.6688
Qualtran/qualtran/bloqs/qft/qft_text_book.py;/classiq/open_library.functions.qft_functions.qft_no_swap;Basis Change;summary;!/usr/bin/env python coding: utf-8 Textbook QFT In[ ]: `QFTTextBook` Standard Quantum Fourier Transform from Nielsen and Chuang Performs the QFT on a ...;0.7427;0;;0.7427
Qualtran/qualtran/bloqs/qft/qft_text_book.py;/classiq/open_library.functions.qft_functions.qft;Basis Change;summary;!/usr/bin/env python coding: utf-8 Textbook QFT In[ ]: `QFTTextBook` Standard Quantum Fourier Transform from Nielsen and Chuang Performs the QFT on a ...;0.7259;0;;0.7259
Qualtran/qualtran/bloqs/qft/qft_text_book.py;/qiskit/qiskit.circuit.library.basis_change.qft.QFT;Basis Change;summary;!/usr/bin/env python coding: utf-8 Textbook QFT In[ ]: `QFTTextBook` Standard Quantum Fourier Transform from Nielsen and Chuang Performs the QFT on a ...;0.6530;0;;0.6530
Qualtran/qualtran/bloqs/qft/qft_text_book.py;/qiskit/qiskit.circuit.library.basis_change.qft.QFTGate;Basis Change;summary;!/usr/bin/env python coding: utf-8 Textbook QFT In[ ]: `QFTTextBook` Standard Quantum Fourier Transform from Nielsen and Chuang Performs the QFT on a ...;0.6564;0;;0.6564
Qualtran/qualtran/bloqs/qsp/generalized_qsp.py;/classiq/open_library.functions.qsvt.qsvt;Domain Specific Application;summary;!/usr/bin/env python coding: utf-8 Generalized Quantum Signal Processing In[ ]: `GeneralizedQSP` Applies a QSP polynomial $P$ to a unitary $U$ to obta...;0.6863;0;;0.6863
Qualtran/qualtran/bloqs/qsp/generalized_qsp.py;/classiq/open_library.functions.qsvt.qsvt_lcu;Domain Specific Application;summary;!/usr/bin/env python coding: utf-8 Generalized Quantum Signal Processing In[ ]: `GeneralizedQSP` Applies a QSP polynomial $P$ to a unitary $U$ to obta...;0.6949;0;;0.6949
Qualtran/qualtran/bloqs/qsp/generalized_qsp.py;/classiq/open_library.functions.qsvt.gqsp;Domain Specific Application;summary;!/usr/bin/env python coding: utf-8 Generalized Quantum Signal Processing In[ ]: `GeneralizedQSP` Applies a QSP polynomial $P$ to a unitary $U$ to obta...;0.7807;0;;0.7807
Qualtran/qualtran/bloqs/qsp/generalized_qsp.py;/pennylane/pennylane.templates.subroutines.gqsp.GQSP;Basis Change;summary;!/usr/bin/env python coding: utf-8 Generalized Quantum Signal Processing In[ ]: `GeneralizedQSP` Applies a QSP polynomial $P$ to a unitary $U$ to obta...;0.6677;0;;0.6677
Qualtran/qualtran/bloqs/qsp/generalized_qsp.py;expanded/gqsp_phases;Domain Specific Application;summary;!/usr/bin/env python coding: utf-8 Generalized Quantum Signal Processing In[ ]: `GeneralizedQSP` Applies a QSP polynomial $P$ to a unitary $U$ to obta...;0.7807;0;;0.7807
Qualtran/qualtran/bloqs/qsp/generalized_qsp.py;expanded/qsvt_phases;Domain Specific Application;summary;!/usr/bin/env python coding: utf-8 Generalized Quantum Signal Processing In[ ]: `GeneralizedQSP` Applies a QSP polynomial $P$ to a unitary $U$ to obta...;0.6863;0;;0.6863
Qualtran/qualtran/bloqs/qsp/generalized_qsp.py;expanded/parse_qsvt_results;Domain Specific Application;summary;!/usr/bin/env python coding: utf-8 Generalized Quantum Signal Processing In[ ]: `GeneralizedQSP` Applies a QSP polynomial $P$ to a unitary $U$ to obta...;0.6863;0;;0.6863
Qualtran/qualtran/bloqs/qsp/generalized_qsp.py;expanded/qsvt_sqrt_polynomial;Domain Specific Application;summary;!/usr/bin/env python coding: utf-8 Generalized Quantum Signal Processing In[ ]: `GeneralizedQSP` Applies a QSP polynomial $P$ to a unitary $U$ to obta...;0.6863;0;;0.6863
Qualtran/qualtran/bloqs/qsp/generalized_qsp.py;expanded/be_qfunc;Domain Specific Application;summary;!/usr/bin/env python coding: utf-8 Generalized Quantum Signal Processing In[ ]: `GeneralizedQSP` Applies a QSP polynomial $P$ to a unitary $U$ to obta...;0.6863;0;;0.6863
Qualtran/qualtran/bloqs/qsp/generalized_qsp.py;expanded/from_qsp_polynomial;Domain Specific Application;name;from_qsp_polynomial;1.0000;87;1.0000;0.7807
Qualtran/qualtran/bloqs/state_preparation/state_preparation_via_rotation_tutorial.py;/classiq/open_library.functions.linear_pauli_rotation.linear_pauli_rotations;Data Encoding;summary;"!/usr/bin/env python coding: utf-8 In[ ]: Copyright 2023 Google LLC Licensed under the Apache License, Version 2.0 (the ""License""), you may not use th...";0.6734;0;;0.6734
Qualtran/qualtran/bloqs/state_preparation/state_preparation_via_rotation_tutorial.py;/pennylane/pennylane.templates.embeddings.angle.AngleEmbedding;Data Encoding;summary;"!/usr/bin/env python coding: utf-8 In[ ]: Copyright 2023 Google LLC Licensed under the Apache License, Version 2.0 (the ""License""), you may not use th...";0.6542;0;;0.6542
Qualtran/qualtran/bloqs/state_preparation/state_preparation_via_rotation_tutorial.py;/pennylane/pennylane.templates.state_preparations.multiplexer_state_prep.MultiplexerStatePreparation;N/A;summary;"!/usr/bin/env python coding: utf-8 In[ ]: Copyright 2023 Google LLC Licensed under the Apache License, Version 2.0 (the ""License""), you may not use th...";0.7036;0;;0.7036
Qualtran/qualtran/bloqs/state_preparation/state_preparation_via_rotation_tutorial.py;/pennylane/pennylane.templates.subroutines.select_pauli_rot.SelectPauliRot;Circuit Construction Utility;summary;"!/usr/bin/env python coding: utf-8 In[ ]: Copyright 2023 Google LLC Licensed under the Apache License, Version 2.0 (the ""License""), you may not use th...";0.6836;0;;0.6836
Qualtran/qualtran/bloqs/swap_network/swap_network.py;/classiq/open_library.functions.modular_exponentiation.multiswap;Circuit Construction Utility;summary;!/usr/bin/env python coding: utf-8 Swap Networks Functionality for moving data between registers (swapping). In[ ]: `CSwapApprox` Approximately implem...;0.6816;0;;0.6816
Qualtran/qualtran/cirq_interop/cirq_interop.py;/pennylane/pennylane.templates.subroutines.arithmetic.mod_exp.ModExp;Quantum Arithmetic;name;ModExp;1.0000;293;1.0000;
Qualtran/qualtran/cirq_interop/t_complexity.py;/qiskit/qiskit.circuit.library.boolean_logic.quantum_and.AND;Quantum Logical Operators;name;And;1.0000;41;1.0000;
Qualtran/qualtran/resource_counting/call_graph.py;/qiskit/qiskit.circuit.library.boolean_logic.quantum_and.AND;Quantum Logical Operators;name;And;1.0000;34;1.0000;
Qualtran/qualtran/simulation/MBUC.py;/qiskit-algorithms/qiskit_algorithms.state_fidelities.compute_uncompute.ComputeUncompute;Uncompute;summary;!/usr/bin/env python coding: utf-8 Verifying Measurement-Based Uncomputation Quantum information cannot be destroyed, but during a computation, we may...;0.6506;0;;0.6506
Qualtran/qualtran/simulation/MBUC.py;/qiskit/qiskit.circuit.library.boolean_logic.quantum_and.AND;Quantum Logical Operators;name;And;1.0000;20;1.0000;
Qualtran/qualtran/simulation/tensor.py;/qiskit/qiskit.circuit.library.boolean_logic.quantum_and.AND;Quantum Logical Operators;name;And;1.0000;35;1.0000;
Qualtran/qualtran/surface_code/msft_resource_estimator_interop.py;/pennylane/pennylane.templates.subroutines.arithmetic.mod_exp.ModExp;Quantum Arithmetic;name;ModExp;1.0000;19;1.0000;
Qualtran/tutorials/quantum-programming/1-wiring-up.py;/classiq/open_library.functions.modular_exponentiation.c_modular_multiply;Quantum Arithmetic;summary;!/usr/bin/env python coding: utf-8 Writing a quantum program 1: wiring up Qualtran lets you write quantum programs and subroutines by composing lower-...;0.6883;0;;0.6883
Qualtran/tutorials/quantum-programming/2-bloqs.py;/classiq/open_library.functions.modular_exponentiation.c_modular_multiply;Quantum Arithmetic;summary;!/usr/bin/env python coding: utf-8 Writing a quantum program 2: bloq properties Qualtran lets you write quantum programs and subroutines by composing ...;0.6620;0;;0.6620
ReCirq/docs/ftbbl.py;/qiskit-algorithms/qiskit_algorithms.state_fidelities.base_state_fidelity.BaseStateFidelity;Uncompute;summary;!/usr/bin/env python coding: utf-8 Feature Testbed Benchmark Library The Feature Testbed and Benchmarking Library (FTb/BL) consists of a series of wor...;0.6503;0;;0.6503
ReCirq/docs/ftbbl.py;/qiskit-algorithms/qiskit_algorithms.state_fidelities.compute_uncompute.ComputeUncompute;Uncompute;summary;!/usr/bin/env python coding: utf-8 Feature Testbed Benchmark Library The Feature Testbed and Benchmarking Library (FTb/BL) consists of a series of wor...;0.6519;0;;0.6519
ReCirq/docs/qaoa/binary_paintshop.py;/qiskit/qiskit.circuit.library.generalized_gates.permutation.Permutation;Circuit Construction Utility;name;permutation;1.0000;65;1.0000;
ReCirq/docs/qaoa/qaoa_ising.py;/qiskit-algorithms/qiskit_algorithms.minimum_eigensolvers.qaoa.QAOA;Quantum Approximate Optimization Algorithm (QAOA);summary;"!/usr/bin/env python coding: utf-8 In[ ]: @title Copyright 2020 The Cirq Developers Licensed under the Apache License, Version 2.0 (the ""License""), yo...";0.6907;0;;0.6907
ReCirq/docs/qaoa/qaoa_ising.py;expanded/qaoa;Quantum Approximate Optimization Algorithm (QAOA);summary;"!/usr/bin/env python coding: utf-8 In[ ]: @title Copyright 2020 The Cirq Developers Licensed under the Apache License, Version 2.0 (the ""License""), yo...";0.6907;0;;0.6907
ReCirq/docs/qaoa/qaoa_ising.py;expanded/QUBO_QAOA;Quantum Approximate Optimization Algorithm (QAOA);summary;"!/usr/bin/env python coding: utf-8 In[ ]: @title Copyright 2020 The Cirq Developers Licensed under the Apache License, Version 2.0 (the ""License""), yo...";0.6907;0;;0.6907
ReCirq/docs/qaoa/qaoa_ising.py;expanded/QUBO_QAOA_cvar;Quantum Approximate Optimization Algorithm (QAOA);summary;"!/usr/bin/env python coding: utf-8 In[ ]: @title Copyright 2020 The Cirq Developers Licensed under the Apache License, Version 2.0 (the ""License""), yo...";0.6907;0;;0.6907
ReCirq/docs/qaoa/qaoa_ising.py;expanded/optimize_qaoa_params;Quantum Approximate Optimization Algorithm (QAOA);summary;"!/usr/bin/env python coding: utf-8 In[ ]: @title Copyright 2020 The Cirq Developers Licensed under the Apache License, Version 2.0 (the ""License""), yo...";0.6907;0;;0.6907
ReCirq/docs/qaoa/qaoa_ising.py;expanded/QAOA_ansatz_for_Ising;Quantum Approximate Optimization Algorithm (QAOA);summary;"!/usr/bin/env python coding: utf-8 In[ ]: @title Copyright 2020 The Cirq Developers Licensed under the Apache License, Version 2.0 (the ""License""), yo...";0.6907;0;;0.6907
ReCirq/docs/qaoa/qaoa_ising.py;expanded/run_qiro;Quantum Approximate Optimization Algorithm (QAOA);summary;"!/usr/bin/env python coding: utf-8 In[ ]: @title Copyright 2020 The Cirq Developers Licensed under the Apache License, Version 2.0 (the ""License""), yo...";0.6907;0;;0.6907
ReCirq/docs/qaoa/routing_with_tket.py;/qiskit/qiskit.circuit.library.generalized_gates.permutation.PermutationGate;Circuit Construction Utility;name;LinearPermutationGate;0.9196;261;0.9196;
amazon-braket-algorithm-library/notebooks/advanced_algorithms/HHL_Algorithm.py;/classiq/open_library.functions.qpe.qpe_flexible;Quantum Phase Estimation (QPE);summary;!/usr/bin/env python coding: utf-8 Harrow-Hassidim-Lloyd (HHL) Algorithm This notebook demonstrates the **HHL algorithm** for solving systems of linea...;0.6830;0;;0.6830
amazon-braket-algorithm-library/notebooks/advanced_algorithms/HHL_Algorithm.py;/classiq/open_library.functions.qpe.qpe;Quantum Phase Estimation (QPE);summary;!/usr/bin/env python coding: utf-8 Harrow-Hassidim-Lloyd (HHL) Algorithm This notebook demonstrates the **HHL algorithm** for solving systems of linea...;0.7016;0;;0.7016
amazon-braket-algorithm-library/notebooks/advanced_algorithms/HHL_Algorithm.py;/classiq/open_library.functions.qsvt.qsvt;Domain Specific Application;summary;!/usr/bin/env python coding: utf-8 Harrow-Hassidim-Lloyd (HHL) Algorithm This notebook demonstrates the **HHL algorithm** for solving systems of linea...;0.6956;0;;0.6956
amazon-braket-algorithm-library/notebooks/advanced_algorithms/HHL_Algorithm.py;/qiskit-algorithms/qiskit_algorithms.amplitude_estimators.ae.AmplitudeEstimation;Quantum Amplitude Estimation;summary;!/usr/bin/env python coding: utf-8 Harrow-Hassidim-Lloyd (HHL) Algorithm This notebook demonstrates the **HHL algorithm** for solving systems of linea...;0.6594;0;;0.6594
amazon-braket-algorithm-library/notebooks/advanced_algorithms/HHL_Algorithm.py;/qiskit-algorithms/qiskit_algorithms.phase_estimators.hamiltonian_phase_estimation.HamiltonianPhaseEstimation;Quantum Phase Estimation (QPE);summary;!/usr/bin/env python coding: utf-8 Harrow-Hassidim-Lloyd (HHL) Algorithm This notebook demonstrates the **HHL algorithm** for solving systems of linea...;0.6515;0;;0.6515
amazon-braket-algorithm-library/notebooks/advanced_algorithms/HHL_Algorithm.py;expanded/my_qpe_flexible;Quantum Phase Estimation (QPE);summary;!/usr/bin/env python coding: utf-8 Harrow-Hassidim-Lloyd (HHL) Algorithm This notebook demonstrates the **HHL algorithm** for solving systems of linea...;0.6830;0;;0.6830
amazon-braket-algorithm-library/notebooks/advanced_algorithms/HHL_Algorithm.py;expanded/run_quantum_phase_estimation;Quantum Phase Estimation (QPE);summary;!/usr/bin/env python coding: utf-8 Harrow-Hassidim-Lloyd (HHL) Algorithm This notebook demonstrates the **HHL algorithm** for solving systems of linea...;0.6515;0;;0.6515
amazon-braket-algorithm-library/notebooks/advanced_algorithms/HHL_Algorithm.py;expanded/get_quantum_phase_estimation_results;Quantum Phase Estimation (QPE);summary;!/usr/bin/env python coding: utf-8 Harrow-Hassidim-Lloyd (HHL) Algorithm This notebook demonstrates the **HHL algorithm** for solving systems of linea...;0.6515;0;;0.6515
amazon-braket-algorithm-library/notebooks/advanced_algorithms/HHL_Algorithm.py;expanded/quantum_phase_estimation_circuit;Quantum Phase Estimation (QPE);summary;!/usr/bin/env python coding: utf-8 Harrow-Hassidim-Lloyd (HHL) Algorithm This notebook demonstrates the **HHL algorithm** for solving systems of linea...;0.6515;0;;0.6515
amazon-braket-algorithm-library/notebooks/advanced_algorithms/HHL_Algorithm.py;expanded/qsvt_phases;Domain Specific Application;summary;!/usr/bin/env python coding: utf-8 Harrow-Hassidim-Lloyd (HHL) Algorithm This notebook demonstrates the **HHL algorithm** for solving systems of linea...;0.6956;0;;0.6956
amazon-braket-algorithm-library/notebooks/advanced_algorithms/HHL_Algorithm.py;expanded/parse_qsvt_results;Domain Specific Application;summary;!/usr/bin/env python coding: utf-8 Harrow-Hassidim-Lloyd (HHL) Algorithm This notebook demonstrates the **HHL algorithm** for solving systems of linea...;0.6956;0;;0.6956
amazon-braket-algorithm-library/notebooks/advanced_algorithms/HHL_Algorithm.py;expanded/qsvt_sqrt_polynomial;Domain Specific Application;summary;!/usr/bin/env python coding: utf-8 Harrow-Hassidim-Lloyd (HHL) Algorithm This notebook demonstrates the **HHL algorithm** for solving systems of linea...;0.6956;0;;0.6956
amazon-braket-algorithm-library/notebooks/advanced_algorithms/HHL_Algorithm.py;expanded/get_qpe_precision;Quantum Phase Estimation (QPE);summary;!/usr/bin/env python coding: utf-8 Harrow-Hassidim-Lloyd (HHL) Algorithm This notebook demonstrates the **HHL algorithm** for solving systems of linea...;0.7016;0;;0.7016
amazon-braket-algorithm-library/notebooks/advanced_algorithms/HHL_Algorithm.py;expanded/QControlBox;Quantum Phase Estimation (QPE);summary;!/usr/bin/env python coding: utf-8 Harrow-Hassidim-Lloyd (HHL) Algorithm This notebook demonstrates the **HHL algorithm** for solving systems of linea...;0.6830;0;;0.6830
amazon-braket-algorithm-library/notebooks/advanced_algorithms/HHL_Algorithm.py;expanded/be_qfunc;Domain Specific Application;summary;!/usr/bin/env python coding: utf-8 Harrow-Hassidim-Lloyd (HHL) Algorithm This notebook demonstrates the **HHL algorithm** for solving systems of linea...;0.6956;0;;0.6956
amazon-braket-algorithm-library/notebooks/advanced_algorithms/HHL_Algorithm.py;expanded/normalize_hamiltonian;Quantum Phase Estimation (QPE);summary;!/usr/bin/env python coding: utf-8 Harrow-Hassidim-Lloyd (HHL) Algorithm This notebook demonstrates the **HHL algorithm** for solving systems of linea...;0.6515;0;;0.6515
amazon-braket-algorithm-library/notebooks/advanced_algorithms/HHL_Algorithm.py;expanded/QArray;Quantum Phase Estimation (QPE);summary;!/usr/bin/env python coding: utf-8 Harrow-Hassidim-Lloyd (HHL) Algorithm This notebook demonstrates the **HHL algorithm** for solving systems of linea...;0.7016;0;;0.7016
amazon-braket-algorithm-library/notebooks/auxiliary_functions/Random_Circuit.py;/qiskit/qiskit.circuit.library.iqp.random_iqp;Circuit Construction Utility;summary;!/usr/bin/env python coding: utf-8 Random Circuit Generates random quantum circuits using the Amazon Braket SDK. Circuit Generation for Testing Random...;0.6616;0;;0.6616
amazon-braket-algorithm-library/notebooks/textbook/Grovers_Search.py;/classiq/open_library.functions.grover.grover_search;Grover;name;grovers_search;0.9620;46;0.9620;
amazon-braket-algorithm-library/notebooks/textbook/Quantum_Approximate_Optimization_Algorithm.py;expanded/QUBO_QAOA;Quantum Approximate Optimization Algorithm (QAOA);summary;!/usr/bin/env python coding: utf-8 Quantum Approximate Optimization Algorithm (QAOA) In this notebook, we show how to (approximately) solve binary com...;0.7562;0;;0.7562
amazon-braket-algorithm-library/notebooks/textbook/Quantum_Approximate_Optimization_Algorithm.py;expanded/QUBO_QAOA_cvar;Quantum Approximate Optimization Algorithm (QAOA);summary;!/usr/bin/env python coding: utf-8 Quantum Approximate Optimization Algorithm (QAOA) In this notebook, we show how to (approximately) solve binary com...;0.7562;0;;0.7562
amazon-braket-algorithm-library/notebooks/textbook/Quantum_Approximate_Optimization_Algorithm.py;expanded/optimize_qaoa_params;Quantum Approximate Optimization Algorithm (QAOA);summary;!/usr/bin/env python coding: utf-8 Quantum Approximate Optimization Algorithm (QAOA) In this notebook, we show how to (approximately) solve binary com...;0.7562;0;;0.7562
amazon-braket-algorithm-library/notebooks/textbook/Quantum_Approximate_Optimization_Algorithm.py;expanded/QAOA_ansatz_for_Ising;Quantum Approximate Optimization Algorithm (QAOA);summary;!/usr/bin/env python coding: utf-8 Quantum Approximate Optimization Algorithm (QAOA) In this notebook, we show how to (approximately) solve binary com...;0.7562;0;;0.7562
amazon-braket-algorithm-library/notebooks/textbook/Quantum_Approximate_Optimization_Algorithm.py;expanded/run_qiro;Quantum Approximate Optimization Algorithm (QAOA);summary;!/usr/bin/env python coding: utf-8 Quantum Approximate Optimization Algorithm (QAOA) In this notebook, we show how to (approximately) solve binary com...;0.7562;0;;0.7562
amazon-braket-algorithm-library/notebooks/textbook/Quantum_Approximate_Optimization_Algorithm.py;/qiskit-algorithms/qiskit_algorithms.minimum_eigensolvers.qaoa.QAOA;Quantum Approximate Optimization Algorithm (QAOA);name;qaoa;1.0000;41;1.0000;0.7562
amazon-braket-algorithm-library/notebooks/textbook/Quantum_Approximate_Optimization_Algorithm.py;expanded/qaoa;Quantum Approximate Optimization Algorithm (QAOA);name;qaoa;1.0000;41;1.0000;0.7562
amazon-braket-algorithm-library/notebooks/textbook/Quantum_Fourier_Transform.py;/classiq/open_library.functions.qft_functions.qft_no_swap;Basis Change;summary;!/usr/bin/env python coding: utf-8 Quantum Fourier Transform The Quantum Fourier Transform (QFT) is an important subroutine to many quantum algorithms...;0.7250;0;;0.7250
amazon-braket-algorithm-library/notebooks/textbook/Quantum_Fourier_Transform.py;/classiq/open_library.functions.qpe.qpe_flexible;Quantum Phase Estimation (QPE);summary;!/usr/bin/env python coding: utf-8 Quantum Fourier Transform The Quantum Fourier Transform (QFT) is an important subroutine to many quantum algorithms...;0.6795;0;;0.6795
amazon-braket-algorithm-library/notebooks/textbook/Quantum_Fourier_Transform.py;/pennylane/pennylane.templates.subroutines.gqsp.GQSP;Basis Change;summary;!/usr/bin/env python coding: utf-8 Quantum Fourier Transform The Quantum Fourier Transform (QFT) is an important subroutine to many quantum algorithms...;0.6616;0;;0.6616
amazon-braket-algorithm-library/notebooks/textbook/Quantum_Fourier_Transform.py;/qiskit/qiskit.circuit.library.basis_change.qft.QFTGate;Basis Change;summary;!/usr/bin/env python coding: utf-8 Quantum Fourier Transform The Quantum Fourier Transform (QFT) is an important subroutine to many quantum algorithms...;0.6854;0;;0.6854
amazon-braket-algorithm-library/notebooks/textbook/Quantum_Fourier_Transform.py;expanded/my_qpe_flexible;Quantum Phase Estimation (QPE);summary;!/usr/bin/env python coding: utf-8 Quantum Fourier Transform The Quantum Fourier Transform (QFT) is an important subroutine to many quantum algorithms...;0.6795;0;;0.6795
amazon-braket-algorithm-library/notebooks/textbook/Quantum_Fourier_Transform.py;expanded/QControlBox;Quantum Phase Estimation (QPE);summary;!/usr/bin/env python coding: utf-8 Quantum Fourier Transform The Quantum Fourier Transform (QFT) is an important subroutine to many quantum algorithms...;0.6795;0;;0.6795
amazon-braket-algorithm-library/notebooks/textbook/Quantum_Fourier_Transform.py;/classiq/open_library.functions.qft_functions.qft;Basis Change;name;qft;1.0000;55;1.0000;0.7153
amazon-braket-algorithm-library/notebooks/textbook/Quantum_Fourier_Transform.py;/pennylane/pennylane.templates.subroutines.qft.QFT;Basis Change;name;qft;1.0000;55;1.0000;
amazon-braket-algorithm-library/notebooks/textbook/Quantum_Fourier_Transform.py;/qiskit/qiskit.circuit.library.basis_change.qft.QFT;Basis Change;name;qft;1.0000;55;1.0000;0.7098
amazon-braket-algorithm-library/notebooks/textbook/Quantum_Phase_Estimation_Algorithm.py;/classiq/open_library.functions.qpe.qpe_flexible;Quantum Phase Estimation (QPE);summary;!/usr/bin/env python coding: utf-8 Quantum Phase Estimation This example provides an implementation of the Quantum Phase Estimation (QPE) algorithm us...;0.8073;0;;0.8073
amazon-braket-algorithm-library/notebooks/textbook/Quantum_Phase_Estimation_Algorithm.py;/classiq/open_library.functions.qpe.qpe;Quantum Phase Estimation (QPE);summary;!/usr/bin/env python coding: utf-8 Quantum Phase Estimation This example provides an implementation of the Quantum Phase Estimation (QPE) algorithm us...;0.8099;0;;0.8099
amazon-braket-algorithm-library/notebooks/textbook/Quantum_Phase_Estimation_Algorithm.py;/classiq/open_library.functions.qsvt.qsvt;Domain Specific Application;summary;!/usr/bin/env python coding: utf-8 Quantum Phase Estimation This example provides an implementation of the Quantum Phase Estimation (QPE) algorithm us...;0.7026;0;;0.7026
amazon-braket-algorithm-library/notebooks/textbook/Quantum_Phase_Estimation_Algorithm.py;/qiskit-algorithms/qiskit_algorithms.amplitude_estimators.ae.AmplitudeEstimation;Quantum Amplitude Estimation;summary;!/usr/bin/env python coding: utf-8 Quantum Phase Estimation This example provides an implementation of the Quantum Phase Estimation (QPE) algorithm us...;0.7429;0;;0.7429
amazon-braket-algorithm-library/notebooks/textbook/Quantum_Phase_Estimation_Algorithm.py;/qiskit-algorithms/qiskit_algorithms.phase_estimators.hamiltonian_phase_estimation.HamiltonianPhaseEstimation;Quantum Phase Estimation (QPE);summary;!/usr/bin/env python coding: utf-8 Quantum Phase Estimation This example provides an implementation of the Quantum Phase Estimation (QPE) algorithm us...;0.7725;0;;0.7725
amazon-braket-algorithm-library/notebooks/textbook/Quantum_Phase_Estimation_Algorithm.py;/qiskit-algorithms/qiskit_algorithms.phase_estimators.ipe.IterativePhaseEstimation;Quantum Phase Estimation (QPE);summary;!/usr/bin/env python coding: utf-8 Quantum Phase Estimation This example provides an implementation of the Quantum Phase Estimation (QPE) algorithm us...;0.7862;0;;0.7862
amazon-braket-algorithm-library/notebooks/textbook/Quantum_Phase_Estimation_Algorithm.py;/qiskit-algorithms/qiskit_algorithms.phase_estimators.phase_estimation.PhaseEstimation;Quantum Phase Estimation (QPE);summary;!/usr/bin/env python coding: utf-8 Quantum Phase Estimation This example provides an implementation of the Quantum Phase Estimation (QPE) algorithm us...;0.7868;0;;0.7868
amazon-braket-algorithm-library/notebooks/textbook/Quantum_Phase_Estimation_Algorithm.py;expanded/my_qpe_flexible;Quantum Phase Estimation (QPE);summary;!/usr/bin/env python coding: utf-8 Quantum Phase Estimation This example provides an implementation of the Quantum Phase Estimation (QPE) algorithm us...;0.8073;0;;0.8073
amazon-braket-algorithm-library/notebooks/textbook/Quantum_Phase_Estimation_Algorithm.py;expanded/qsvt_phases;Domain Specific Application;summary;!/usr/bin/env python coding: utf-8 Quantum Phase Estimation This example provides an implementation of the Quantum Phase Estimation (QPE) algorithm us...;0.7026;0;;0.7026
amazon-braket-algorithm-library/notebooks/textbook/Quantum_Phase_Estimation_Algorithm.py;expanded/parse_qsvt_results;Domain Specific Application;summary;!/usr/bin/env python coding: utf-8 Quantum Phase Estimation This example provides an implementation of the Quantum Phase Estimation (QPE) algorithm us...;0.7026;0;;0.7026
amazon-braket-algorithm-library/notebooks/textbook/Quantum_Phase_Estimation_Algorithm.py;expanded/qsvt_sqrt_polynomial;Domain Specific Application;summary;!/usr/bin/env python coding: utf-8 Quantum Phase Estimation This example provides an implementation of the Quantum Phase Estimation (QPE) algorithm us...;0.7026;0;;0.7026
amazon-braket-algorithm-library/notebooks/textbook/Quantum_Phase_Estimation_Algorithm.py;expanded/get_qpe_precision;Quantum Phase Estimation (QPE);summary;!/usr/bin/env python coding: utf-8 Quantum Phase Estimation This example provides an implementation of the Quantum Phase Estimation (QPE) algorithm us...;0.8099;0;;0.8099
amazon-braket-algorithm-library/notebooks/textbook/Quantum_Phase_Estimation_Algorithm.py;expanded/QControlBox;Quantum Phase Estimation (QPE);summary;!/usr/bin/env python coding: utf-8 Quantum Phase Estimation This example provides an implementation of the Quantum Phase Estimation (QPE) algorithm us...;0.8073;0;;0.8073
amazon-braket-algorithm-library/notebooks/textbook/Quantum_Phase_Estimation_Algorithm.py;expanded/be_qfunc;Domain Specific Application;summary;!/usr/bin/env python coding: utf-8 Quantum Phase Estimation This example provides an implementation of the Quantum Phase Estimation (QPE) algorithm us...;0.7026;0;;0.7026
amazon-braket-algorithm-library/notebooks/textbook/Quantum_Phase_Estimation_Algorithm.py;expanded/normalize_hamiltonian;Quantum Phase Estimation (QPE);summary;!/usr/bin/env python coding: utf-8 Quantum Phase Estimation This example provides an implementation of the Quantum Phase Estimation (QPE) algorithm us...;0.7725;0;;0.7725
amazon-braket-algorithm-library/notebooks/textbook/Quantum_Phase_Estimation_Algorithm.py;expanded/QArray;Quantum Phase Estimation (QPE);summary;!/usr/bin/env python coding: utf-8 Quantum Phase Estimation This example provides an implementation of the Quantum Phase Estimation (QPE) algorithm us...;0.8099;0;;0.8099
amazon-braket-algorithm-library/notebooks/textbook/Quantum_Phase_Estimation_Algorithm.py;expanded/quantum_phase_estimation_circuit;Quantum Phase Estimation (QPE);name;quantum_phase_estimation_circuit;1.0000;75;1.0000;0.7725
amazon-braket-algorithm-library/notebooks/textbook/Quantum_Phase_Estimation_Algorithm.py;expanded/run_quantum_phase_estimation;Quantum Phase Estimation (QPE);name;run_quantum_phase_estimation;1.0000;90;1.0000;0.7725
amazon-braket-algorithm-library/notebooks/textbook/Quantum_Phase_Estimation_Algorithm.py;/pennylane/pennylane.templates.subroutines.qpe.QuantumPhaseEstimation;Quantum Phase Estimation (QPE);name;get_quantum_phase_estimation_results;0.9204;94;0.9204;
amazon-braket-algorithm-library/notebooks/textbook/Quantum_Phase_Estimation_Algorithm.py;expanded/get_quantum_phase_estimation_results;Quantum Phase Estimation (QPE);name;get_quantum_phase_estimation_results;1.0000;94;1.0000;0.7725
catalyst/demos/qml/tutorial_learningshallow.py;/pennylane/pennylane.templates.embeddings.qaoaembedding.QAOAEmbedding;Quantum Approximate Optimization Algorithm (QAOA);summary;!/usr/bin/env python coding: utf-8 Learning shallow quantum circuits with local inversions and circuit sewing ========================================...;0.6903;0;;0.6903
catalyst/demos/qml/tutorial_qft_arithmetics.py;/classiq/open_library.functions.qft_functions.qft_no_swap;Basis Change;summary;!/usr/bin/env python coding: utf-8 Basic arithmetic with the QFT ============================= This demo requires matplotlib: In[ ]: <div class='admon...;0.6536;0;;0.6536
catalyst/demos/qml/tutorial_qft_arithmetics.py;/qiskit/qiskit.circuit.library.arithmetic.adders.draper_qft_adder.DraperQFTAdder;Quantum Arithmetic;summary;!/usr/bin/env python coding: utf-8 Basic arithmetic with the QFT ============================= This demo requires matplotlib: In[ ]: <div class='admon...;0.6580;0;;0.6580
catalyst/demos/qml/tutorial_qft_arithmetics.py;/pennylane/pennylane.templates.embeddings.basis.BasisEmbedding;Data Encoding;name;BasisEmbedding;1.0000;145;1.0000;
catalyst/demos/qml/tutorial_qft_arithmetics.py;/classiq/open_library.functions.qft_functions.qft;Basis Change;name;QFT;1.0000;217;1.0000;
catalyst/demos/qml/tutorial_qft_arithmetics.py;/pennylane/pennylane.templates.subroutines.qft.QFT;Basis Change;name;QFT;1.0000;217;1.0000;
catalyst/demos/qml/tutorial_qft_arithmetics.py;/qiskit/qiskit.circuit.library.basis_change.qft.QFT;Basis Change;name;QFT;1.0000;217;1.0000;
catalyst/demos/qml/tutorial_qft_arithmetics.py;/pennylane/pennylane.templates.subroutines.flip_sign.FlipSign;Phase Shift;name;FlipSign;1.0000;450;1.0000;
catalyst/demos/qml/tutorial_qft_arithmetics.py;/classiq/open_library.functions.grover.grover_operator;Amplitude Amplification;name;GroverOperator;1.0000;456;1.0000;
catalyst/demos/qml/tutorial_qft_arithmetics.py;/pennylane/pennylane.templates.subroutines.grover.GroverOperator;Grover;name;GroverOperator;1.0000;456;1.0000;
catalyst/demos/qml/tutorial_qft_arithmetics.py;/qiskit/qiskit.circuit.library.grover_operator.GroverOperator;Grover;name;GroverOperator;1.0000;456;1.0000;
classiq-library/algorithms/amplitude_amplification_and_estimation/oblivious_amplitude_amplification/oblivious_amplitude_amplification.py;/classiq/open_library.functions.lcu.lcu_pauli;Linear Combination of Unitaries;name;lcu_pauli;1.0000;85;1.0000;
classiq-library/algorithms/amplitude_amplification_and_estimation/oblivious_amplitude_amplification/oblivious_amplitude_amplification.py;/classiq/open_library.functions.grover.grover_operator;Amplitude Amplification;name;grover_operator;1.0000;145;1.0000;
classiq-library/algorithms/amplitude_amplification_and_estimation/oblivious_amplitude_amplification/oblivious_amplitude_amplification.py;/pennylane/pennylane.templates.subroutines.grover.GroverOperator;Grover;name;grover_operator;1.0000;145;1.0000;
classiq-library/algorithms/amplitude_amplification_and_estimation/oblivious_amplitude_amplification/oblivious_amplitude_amplification.py;/qiskit/qiskit.circuit.library.grover_operator.GroverOperator;Grover;name;grover_operator;1.0000;145;1.0000;
classiq-library/algorithms/amplitude_amplification_and_estimation/oblivious_amplitude_amplification/oblivious_amplitude_amplification.py;/classiq/open_library.functions.grover.phase_oracle;Oracle;name;phase_oracle;1.0000;146;1.0000;
classiq-library/algorithms/amplitude_amplification_and_estimation/oblivious_amplitude_amplification/oblivious_amplitude_amplification.py;/qiskit/qiskit.circuit.library.phase_oracle.PhaseOracle;Oracle;name;phase_oracle;1.0000;146;1.0000;
classiq-library/algorithms/amplitude_amplification_and_estimation/qmc_user_defined/qmc_user_defined.py;/pennylane/pennylane.templates.subroutines.qmc.QuantumMonteCarlo;Domain Specific Application;summary;!/usr/bin/env python coding: utf-8 Quantum Monte Carlo Integration (QMCI) Monte Carlo integration refers to estimating expectation values of a functio...;0.6776;0;;0.6776
classiq-library/algorithms/amplitude_amplification_and_estimation/qmc_user_defined/qmc_user_defined.py;/classiq/open_library.functions.linear_pauli_rotation.linear_pauli_rotations;Data Encoding;name;linear_pauli_rotations;1.0000;115;1.0000;
classiq-library/algorithms/amplitude_amplification_and_estimation/qmc_user_defined/qmc_user_defined.py;/classiq/open_library.functions.grover.grover_operator;Amplitude Amplification;name;my_grover_operator;0.9529;227;0.9529;
classiq-library/algorithms/amplitude_amplification_and_estimation/qmc_user_defined/qmc_user_defined.py;/pennylane/pennylane.templates.subroutines.grover.GroverOperator;Grover;name;my_grover_operator;0.9529;227;0.9529;
classiq-library/algorithms/amplitude_amplification_and_estimation/qmc_user_defined/qmc_user_defined.py;/qiskit/qiskit.circuit.library.grover_operator.GroverOperator;Grover;name;my_grover_operator;0.9529;227;0.9529;
classiq-library/algorithms/amplitude_amplification_and_estimation/qmc_user_defined/qmc_user_defined.py;expanded/QArray;Quantum Phase Estimation (QPE);name;QArray;1.0000;258;1.0000;
classiq-library/algorithms/amplitude_amplification_and_estimation/qmc_user_defined/qmc_user_defined.py;/classiq/open_library.functions.qpe.qpe;Quantum Phase Estimation (QPE);name;qpe;1.0000;262;1.0000;
classiq-library/algorithms/amplitude_amplification_and_estimation/qsvt_fixed_point_amplitude_amplification/qsvt_fixed_point_amplitude_amplification.py;/classiq/open_library.functions.amplitude_amplification.amplitude_amplification;Amplitude Amplification;summary;!/usr/bin/env python coding: utf-8 Using QSVT for Fixed-point Amplitude Amplification This demo shows how to use the QSVT framework for search problem...;0.6840;0;;0.6840
classiq-library/algorithms/amplitude_amplification_and_estimation/qsvt_fixed_point_amplitude_amplification/qsvt_fixed_point_amplitude_amplification.py;/classiq/open_library.functions.qsvt.qsvt;Domain Specific Application;name;qsvt;1.0000;106;1.0000;
classiq-library/algorithms/amplitude_amplification_and_estimation/qsvt_fixed_point_amplitude_amplification/qsvt_fixed_point_amplitude_amplification.py;/pennylane/pennylane.templates.subroutines.qsvt.QSVT;Domain Specific Application;name;qsvt;1.0000;106;1.0000;
classiq-library/algorithms/amplitude_amplification_and_estimation/qsvt_fixed_point_amplitude_amplification/qsvt_fixed_point_amplitude_amplification.py;expanded/qsp_approximate;Domain Specific Application;name;qsp_approximate;1.0000;133;1.0000;
classiq-library/algorithms/amplitude_amplification_and_estimation/qsvt_fixed_point_amplitude_amplification/qsvt_fixed_point_amplitude_amplification.py;expanded/qsvt_phases;Domain Specific Application;name;qsvt_phases;1.0000;137;1.0000;
classiq-library/algorithms/amplitude_amplification_and_estimation/qsvt_fixed_point_amplitude_amplification/qsvt_fixed_point_amplitude_amplification.py;/classiq/open_library.functions.utility_functions.hadamard_transform;Basis Change;name;hadamard_transform;1.0000;148;1.0000;
classiq-library/algorithms/amplitude_amplification_and_estimation/quantum_counting/quantum_counting.py;/classiq/open_library.functions.grover.phase_oracle;Oracle;name;phase_oracle;1.0000;88;1.0000;
classiq-library/algorithms/amplitude_amplification_and_estimation/quantum_counting/quantum_counting.py;/qiskit/qiskit.circuit.library.phase_oracle.PhaseOracle;Oracle;name;phase_oracle;1.0000;88;1.0000;
classiq-library/algorithms/amplitude_amplification_and_estimation/quantum_counting/quantum_counting.py;/classiq/open_library.functions.qpe.qpe;Quantum Phase Estimation (QPE);name;qpe;1.0000;134;1.0000;
classiq-library/algorithms/amplitude_amplification_and_estimation/quantum_counting/quantum_counting.py;/classiq/open_library.functions.grover.grover_operator;Amplitude Amplification;name;grover_operator;1.0000;135;1.0000;
classiq-library/algorithms/amplitude_amplification_and_estimation/quantum_counting/quantum_counting.py;/pennylane/pennylane.templates.subroutines.grover.GroverOperator;Grover;name;grover_operator;1.0000;135;1.0000;
classiq-library/algorithms/amplitude_amplification_and_estimation/quantum_counting/quantum_counting.py;/qiskit/qiskit.circuit.library.grover_operator.GroverOperator;Grover;name;grover_operator;1.0000;135;1.0000;
classiq-library/algorithms/amplitude_amplification_and_estimation/quantum_counting/quantum_counting.py;/classiq/open_library.functions.utility_functions.hadamard_transform;Basis Change;name;hadamard_transform;1.0000;220;1.0000;
classiq-library/algorithms/foundational/bernstein_vazirani/bernstein_vazirani.py;/classiq/open_library.functions.utility_functions.hadamard_transform;Basis Change;name;hadamard_transform;1.0000;82;1.0000;
classiq-library/algorithms/foundational/deutsch_jozsa/deutsch_jozsa.py;/classiq/open_library.functions.modular_exponentiation.c_modular_multiply;Quantum Arithmetic;summary;!/usr/bin/env python coding: utf-8 Deutsch-Jozsa Algorithm > **The Deutsch–Jozsa algorithm** [\[1\]](#ref-original-paper), [\[2\]](#DJWiki), named aft...;0.6601;0;;0.6601
classiq-library/algorithms/foundational/deutsch_jozsa/deutsch_jozsa.py;/classiq/open_library.functions.utility_functions.hadamard_transform;Basis Change;name;hadamard_transform;1.0000;45;1.0000;
classiq-library/algorithms/foundational/deutsch_jozsa/deutsch_jozsa.py;/classiq/open_library.functions.grover.phase_oracle;Oracle;name;phase_oracle;1.0000;46;1.0000;
classiq-library/algorithms/foundational/deutsch_jozsa/deutsch_jozsa.py;/qiskit/qiskit.circuit.library.phase_oracle.PhaseOracle;Oracle;name;phase_oracle;1.0000;46;1.0000;
classiq-library/algorithms/foundational/simon/simon.py;/classiq/open_library.functions.utility_functions.hadamard_transform;Basis Change;name;hadamard_transform;1.0000;167;1.0000;
classiq-library/algorithms/hamiltonian_simulation/hamiltonian_simulation_guide/hamiltonian_simulation_guide.py;/classiq/qmod.builtins.functions.exponentiation.suzuki_trotter;Hamiltonian Simulation;name;suzuki_trotter;1.0000;116;1.0000;
classiq-library/algorithms/hamiltonian_simulation/hamiltonian_simulation_with_block_encoding/hamiltonian_simulation_with_block_encoding.py;/classiq/open_library.functions.qsvt.qsvt;Domain Specific Application;summary;!/usr/bin/env python coding: utf-8 Hamiltonian Simulation with Quantum Signal Processing and Qubitization > **Simulating physical and chemical systems...;0.7002;0;;0.7002
classiq-library/algorithms/hamiltonian_simulation/hamiltonian_simulation_with_block_encoding/hamiltonian_simulation_with_block_encoding.py;expanded/parse_qsvt_results;Domain Specific Application;summary;!/usr/bin/env python coding: utf-8 Hamiltonian Simulation with Quantum Signal Processing and Qubitization > **Simulating physical and chemical systems...;0.7002;0;;0.7002
classiq-library/algorithms/hamiltonian_simulation/hamiltonian_simulation_with_block_encoding/hamiltonian_simulation_with_block_encoding.py;expanded/qsvt_sqrt_polynomial;Domain Specific Application;summary;!/usr/bin/env python coding: utf-8 Hamiltonian Simulation with Quantum Signal Processing and Qubitization > **Simulating physical and chemical systems...;0.7002;0;;0.7002
classiq-library/algorithms/hamiltonian_simulation/hamiltonian_simulation_with_block_encoding/hamiltonian_simulation_with_block_encoding.py;expanded/from_qsp_polynomial;Domain Specific Application;summary;!/usr/bin/env python coding: utf-8 Hamiltonian Simulation with Quantum Signal Processing and Qubitization > **Simulating physical and chemical systems...;0.6678;0;;0.6678
classiq-library/algorithms/hamiltonian_simulation/hamiltonian_simulation_with_block_encoding/hamiltonian_simulation_with_block_encoding.py;/classiq/open_library.functions.lcu.lcu_pauli;Linear Combination of Unitaries;name;lcu_pauli;1.0000;135;1.0000;
classiq-library/algorithms/hamiltonian_simulation/hamiltonian_simulation_with_block_encoding/hamiltonian_simulation_with_block_encoding.py;expanded/be_qfunc;Domain Specific Application;name;be_qfunc;1.0000;308;1.0000;0.7002
classiq-library/algorithms/hamiltonian_simulation/hamiltonian_simulation_with_block_encoding/hamiltonian_simulation_with_block_encoding.py;expanded/gqsp_phases;Domain Specific Application;name;gqsp_phases;1.0000;433;1.0000;0.6678
classiq-library/algorithms/hamiltonian_simulation/hamiltonian_simulation_with_block_encoding/hamiltonian_simulation_with_block_encoding.py;/classiq/open_library.functions.qsvt.gqsp;Domain Specific Application;name;gqsp;1.0000;462;1.0000;0.6678
classiq-library/algorithms/hamiltonian_simulation/hamiltonian_simulation_with_block_encoding/hamiltonian_simulation_with_block_encoding.py;/pennylane/pennylane.templates.subroutines.gqsp.GQSP;Basis Change;name;gqsp;1.0000;462;1.0000;
classiq-library/algorithms/hamiltonian_simulation/hamiltonian_simulation_with_block_encoding/hamiltonian_simulation_with_block_encoding.py;expanded/qsvt_phases;Domain Specific Application;name;qsvt_phases;1.0000;559;1.0000;0.7002
classiq-library/algorithms/hamiltonian_simulation/hamiltonian_simulation_with_block_encoding/hamiltonian_simulation_with_block_encoding.py;/classiq/open_library.functions.qsvt.qsvt_lcu;Domain Specific Application;name;qsvt_lcu;1.0000;597;1.0000;0.6550
classiq-library/algorithms/number_theory_and_cryptography/discrete_log/discrete_log.py;/classiq/open_library.functions.utility_functions.hadamard_transform;Basis Change;name;hadamard_transform;1.0000;123;1.0000;
classiq-library/algorithms/number_theory_and_cryptography/discrete_log/discrete_log.py;/classiq/open_library.functions.qft_functions.qft;Basis Change;name;qft;1.0000;128;1.0000;
classiq-library/algorithms/number_theory_and_cryptography/discrete_log/discrete_log.py;/pennylane/pennylane.templates.subroutines.qft.QFT;Basis Change;name;qft;1.0000;128;1.0000;
classiq-library/algorithms/number_theory_and_cryptography/discrete_log/discrete_log.py;/qiskit/qiskit.circuit.library.basis_change.qft.QFT;Basis Change;name;qft;1.0000;128;1.0000;
classiq-library/algorithms/number_theory_and_cryptography/elliptic_curves/elliptic_curve_discrete_log.py;/classiq/open_library.functions.utility_functions.hadamard_transform;Basis Change;name;hadamard_transform;1.0000;311;1.0000;
classiq-library/algorithms/number_theory_and_cryptography/elliptic_curves/elliptic_curve_discrete_log.py;/classiq/open_library.functions.qft_functions.qft;Basis Change;name;qft;1.0000;323;1.0000;
classiq-library/algorithms/number_theory_and_cryptography/elliptic_curves/elliptic_curve_discrete_log.py;/pennylane/pennylane.templates.subroutines.qft.QFT;Basis Change;name;qft;1.0000;323;1.0000;
classiq-library/algorithms/number_theory_and_cryptography/elliptic_curves/elliptic_curve_discrete_log.py;/qiskit/qiskit.circuit.library.basis_change.qft.QFT;Basis Change;name;qft;1.0000;323;1.0000;
classiq-library/algorithms/number_theory_and_cryptography/elliptic_curves/elliptic_curve_discrete_log.py;/classiq/open_library.functions.modular_exponentiation.modular_multiply;Quantum Arithmetic;name;modular_multiply;1.0000;538;1.0000;
classiq-library/algorithms/number_theory_and_cryptography/elliptic_curves/elliptic_curve_discrete_log.py;expanded/QArray;Quantum Phase Estimation (QPE);name;QArray;1.0000;802;1.0000;
classiq-library/algorithms/number_theory_and_cryptography/hidden_shift/hidden_shift.py;/classiq/open_library.functions.utility_functions.hadamard_transform;Basis Change;name;hadamard_transform;1.0000;32;1.0000;
classiq-library/algorithms/number_theory_and_cryptography/hidden_shift/hidden_shift.py;/classiq/open_library.functions.grover.phase_oracle;Oracle;name;phase_oracle;1.0000;56;1.0000;
classiq-library/algorithms/number_theory_and_cryptography/hidden_shift/hidden_shift.py;/qiskit/qiskit.circuit.library.phase_oracle.PhaseOracle;Oracle;name;phase_oracle;1.0000;56;1.0000;
classiq-library/algorithms/number_theory_and_cryptography/shor/shor.py;/classiq/open_library.functions.qpe.qpe_flexible;Quantum Phase Estimation (QPE);name;qpe_flexible;1.0000;114;1.0000;
classiq-library/algorithms/number_theory_and_cryptography/shor/shor.py;expanded/my_qpe_flexible;Quantum Phase Estimation (QPE);name;qpe_flexible;0.9165;114;0.9165;
classiq-library/algorithms/qml/hybrid_qnn/hybrid_qnn_for_subset_majority.py;/pennylane/pennylane.templates.layers.cv_neural_net.CVNeuralNetLayers;Quantum Neural Network (QNN);summary;!/usr/bin/env python coding: utf-8 Hybrid Classical-Quantum Neural Network Classical Neural Networks Neural networks is one of the major branches in m...;0.6765;0;;0.6765
classiq-library/algorithms/qml/hybrid_qnn/hybrid_qnn_for_subset_majority.py;/classiq/open_library.functions.variational.encode_on_bloch;Data Encoding;name;encode_on_bloch;1.0000;197;1.0000;
classiq-library/algorithms/qml/qsvm/qsvm.py;/classiq/open_library.functions.utility_functions.hadamard_transform;Basis Change;name;hadamard_transform;1.0000;688;1.0000;
classiq-library/algorithms/qml/quantum_autoencoder/quantum_autoencoder.py;expanded/QArray;Quantum Phase Estimation (QPE);name;QArray;1.0000;108;1.0000;
classiq-library/algorithms/qml/quantum_autoencoder/quantum_autoencoder.py;/classiq/open_library.functions.swap_test.swap_test;SWAP Test;name;swap_test;1.0000;174;1.0000;
classiq-library/algorithms/quantum_differential_equations_solvers/discrete_poisson_solver/discrete_poisson_solver.py;/classiq/qmod.builtins.functions.exponentiation.suzuki_trotter;Hamiltonian Simulation;name;suzuki_trotter;1.0000;146;1.0000;
classiq-library/algorithms/quantum_differential_equations_solvers/discrete_poisson_solver/discrete_poisson_solver.py;/classiq/open_library.functions.discrete_sine_cosine_transform.qst_type2;Basis Change;name;qst_type2;1.0000;164;1.0000;
classiq-library/algorithms/quantum_differential_equations_solvers/discrete_poisson_solver/discrete_poisson_solver.py;/classiq/open_library.functions.discrete_sine_cosine_transform.qct_qst_type2;Basis Change;name;qct_type2;0.9215;165;0.9215;
classiq-library/algorithms/quantum_differential_equations_solvers/discrete_poisson_solver/discrete_poisson_solver.py;/classiq/open_library.functions.discrete_sine_cosine_transform.qct_type2;Basis Change;name;qct_type2;1.0000;165;1.0000;
classiq-library/algorithms/quantum_differential_equations_solvers/discrete_poisson_solver/discrete_poisson_solver.py;/classiq/open_library.functions.qpe.qpe_flexible;Quantum Phase Estimation (QPE);name;qpe_flexible;1.0000;186;1.0000;
classiq-library/algorithms/quantum_differential_equations_solvers/discrete_poisson_solver/discrete_poisson_solver.py;expanded/my_qpe_flexible;Quantum Phase Estimation (QPE);name;qpe_flexible;0.9165;186;0.9165;
classiq-library/algorithms/quantum_differential_equations_solvers/time_marching/time_marching.py;/classiq/open_library.functions.linear_pauli_rotation.linear_pauli_rotations;Data Encoding;name;linear_pauli_rotations;1.0000;153;1.0000;
classiq-library/algorithms/quantum_differential_equations_solvers/time_marching/time_marching.py;expanded/qsp_approximate;Domain Specific Application;name;qsp_approximate;1.0000;235;1.0000;
classiq-library/algorithms/quantum_differential_equations_solvers/time_marching/time_marching.py;/classiq/open_library.functions.qsvt.qsvt_lcu;Domain Specific Application;name;qsvt_lcu;1.0000;287;1.0000;
classiq-library/algorithms/quantum_differential_equations_solvers/time_marching/time_marching.py;expanded/qsvt_phases;Domain Specific Application;name;qsvt_phases;1.0000;334;1.0000;
classiq-library/algorithms/quantum_differential_equations_solvers/time_marching/time_marching.py;/classiq/open_library.functions.qsvt.qsvt;Domain Specific Application;name;qsvt;1.0000;353;1.0000;
classiq-library/algorithms/quantum_differential_equations_solvers/time_marching/time_marching.py;/pennylane/pennylane.templates.subroutines.qsvt.QSVT;Domain Specific Application;name;qsvt;1.0000;353;1.0000;
classiq-library/algorithms/quantum_differential_equations_solvers/time_marching/time_marching.py;/classiq/open_library.functions.utility_functions.hadamard_transform;Basis Change;name;hadamard_transform;1.0000;411;1.0000;
classiq-library/algorithms/quantum_linear_solvers/adiabatic_linear_solvers/solving_qlsp_with_aqc.py;/qiskit-algorithms/qiskit_algorithms.minimum_eigensolvers.adapt_vqe.AdaptVQE;Variational Quantum Eigensolver (VQE);summary;!/usr/bin/env python coding: utf-8 Solving the Quantum Linear Systems Problem (QLSP) using AQC **Adiabatic Quantum Computing (AQC)** leverages the adi...;0.6545;0;;0.6545
classiq-library/algorithms/quantum_linear_solvers/adiabatic_linear_solvers/solving_qlsp_with_aqc.py;/qiskit-algorithms/qiskit_algorithms.minimum_eigensolvers.qaoa.QAOA;Quantum Approximate Optimization Algorithm (QAOA);summary;!/usr/bin/env python coding: utf-8 Solving the Quantum Linear Systems Problem (QLSP) using AQC **Adiabatic Quantum Computing (AQC)** leverages the adi...;0.6789;0;;0.6789
classiq-library/algorithms/quantum_linear_solvers/adiabatic_linear_solvers/solving_qlsp_with_aqc.py;/qiskit-algorithms/qiskit_algorithms.minimum_eigensolvers.sampling_vqe.SamplingVQE;Variational Quantum Eigensolver (VQE);summary;!/usr/bin/env python coding: utf-8 Solving the Quantum Linear Systems Problem (QLSP) using AQC **Adiabatic Quantum Computing (AQC)** leverages the adi...;0.6688;0;;0.6688
classiq-library/algorithms/quantum_linear_solvers/adiabatic_linear_solvers/solving_qlsp_with_aqc.py;/qiskit-algorithms/qiskit_algorithms.minimum_eigensolvers.vqe.VQE;Variational Quantum Eigensolver (VQE);summary;!/usr/bin/env python coding: utf-8 Solving the Quantum Linear Systems Problem (QLSP) using AQC **Adiabatic Quantum Computing (AQC)** leverages the adi...;0.6892;0;;0.6892
classiq-library/algorithms/quantum_linear_solvers/adiabatic_linear_solvers/solving_qlsp_with_aqc.py;expanded/qaoa;Quantum Approximate Optimization Algorithm (QAOA);summary;!/usr/bin/env python coding: utf-8 Solving the Quantum Linear Systems Problem (QLSP) using AQC **Adiabatic Quantum Computing (AQC)** leverages the adi...;0.6789;0;;0.6789
classiq-library/algorithms/quantum_linear_solvers/adiabatic_linear_solvers/solving_qlsp_with_aqc.py;expanded/QUBO_QAOA;Quantum Approximate Optimization Algorithm (QAOA);summary;!/usr/bin/env python coding: utf-8 Solving the Quantum Linear Systems Problem (QLSP) using AQC **Adiabatic Quantum Computing (AQC)** leverages the adi...;0.6789;0;;0.6789
classiq-library/algorithms/quantum_linear_solvers/adiabatic_linear_solvers/solving_qlsp_with_aqc.py;expanded/adapt_vqe_ansatz;Variational Quantum Eigensolver (VQE);summary;!/usr/bin/env python coding: utf-8 Solving the Quantum Linear Systems Problem (QLSP) using AQC **Adiabatic Quantum Computing (AQC)** leverages the adi...;0.6545;0;;0.6545
classiq-library/algorithms/quantum_linear_solvers/adiabatic_linear_solvers/solving_qlsp_with_aqc.py;expanded/QUBO_QAOA_cvar;Quantum Approximate Optimization Algorithm (QAOA);summary;!/usr/bin/env python coding: utf-8 Solving the Quantum Linear Systems Problem (QLSP) using AQC **Adiabatic Quantum Computing (AQC)** leverages the adi...;0.6789;0;;0.6789
classiq-library/algorithms/quantum_linear_solvers/adiabatic_linear_solvers/solving_qlsp_with_aqc.py;expanded/optimize_qaoa_params;Quantum Approximate Optimization Algorithm (QAOA);summary;!/usr/bin/env python coding: utf-8 Solving the Quantum Linear Systems Problem (QLSP) using AQC **Adiabatic Quantum Computing (AQC)** leverages the adi...;0.6789;0;;0.6789
classiq-library/algorithms/quantum_linear_solvers/adiabatic_linear_solvers/solving_qlsp_with_aqc.py;expanded/VqlsOptimizer;Variational Quantum Eigensolver (VQE);summary;!/usr/bin/env python coding: utf-8 Solving the Quantum Linear Systems Problem (QLSP) using AQC **Adiabatic Quantum Computing (AQC)** leverages the adi...;0.6892;0;;0.6892
classiq-library/algorithms/quantum_linear_solvers/adiabatic_linear_solvers/solving_qlsp_with_aqc.py;expanded/QAOA_ansatz_for_Ising;Quantum Approximate Optimization Algorithm (QAOA);summary;!/usr/bin/env python coding: utf-8 Solving the Quantum Linear Systems Problem (QLSP) using AQC **Adiabatic Quantum Computing (AQC)** leverages the adi...;0.6789;0;;0.6789
classiq-library/algorithms/quantum_linear_solvers/adiabatic_linear_solvers/solving_qlsp_with_aqc.py;expanded/get_qc;Variational Quantum Eigensolver (VQE);summary;!/usr/bin/env python coding: utf-8 Solving the Quantum Linear Systems Problem (QLSP) using AQC **Adiabatic Quantum Computing (AQC)** leverages the adi...;0.6892;0;;0.6892
classiq-library/algorithms/quantum_linear_solvers/adiabatic_linear_solvers/solving_qlsp_with_aqc.py;expanded/adapt_layer;Variational Quantum Eigensolver (VQE);summary;!/usr/bin/env python coding: utf-8 Solving the Quantum Linear Systems Problem (QLSP) using AQC **Adiabatic Quantum Computing (AQC)** leverages the adi...;0.6545;0;;0.6545
classiq-library/algorithms/quantum_linear_solvers/adiabatic_linear_solvers/solving_qlsp_with_aqc.py;expanded/run_qiro;Quantum Approximate Optimization Algorithm (QAOA);summary;!/usr/bin/env python coding: utf-8 Solving the Quantum Linear Systems Problem (QLSP) using AQC **Adiabatic Quantum Computing (AQC)** leverages the adi...;0.6789;0;;0.6789
classiq-library/algorithms/quantum_linear_solvers/adiabatic_linear_solvers/solving_qlsp_with_aqc.py;/classiq/qmod.builtins.functions.exponentiation.suzuki_trotter;Hamiltonian Simulation;name;suzuki_trotter;1.0000;457;1.0000;
classiq-library/algorithms/quantum_linear_solvers/hhl/hhl.py;/classiq/open_library.functions.qsvt.qsvt;Domain Specific Application;summary;!/usr/bin/env python coding: utf-8 HHL Algorithm > **The HHL algorithm** [\[1\]](#HHL), named after Harrow, Hassidim and Lloyd, is a fundamental quant...;0.6928;0;;0.6928
classiq-library/algorithms/quantum_linear_solvers/hhl/hhl.py;expanded/qsvt_phases;Domain Specific Application;summary;!/usr/bin/env python coding: utf-8 HHL Algorithm > **The HHL algorithm** [\[1\]](#HHL), named after Harrow, Hassidim and Lloyd, is a fundamental quant...;0.6928;0;;0.6928
classiq-library/algorithms/quantum_linear_solvers/hhl/hhl.py;expanded/parse_qsvt_results;Domain Specific Application;summary;!/usr/bin/env python coding: utf-8 HHL Algorithm > **The HHL algorithm** [\[1\]](#HHL), named after Harrow, Hassidim and Lloyd, is a fundamental quant...;0.6928;0;;0.6928
classiq-library/algorithms/quantum_linear_solvers/hhl/hhl.py;expanded/qsvt_sqrt_polynomial;Domain Specific Application;summary;!/usr/bin/env python coding: utf-8 HHL Algorithm > **The HHL algorithm** [\[1\]](#HHL), named after Harrow, Hassidim and Lloyd, is a fundamental quant...;0.6928;0;;0.6928
classiq-library/algorithms/quantum_linear_solvers/hhl/hhl.py;expanded/be_qfunc;Domain Specific Application;summary;!/usr/bin/env python coding: utf-8 HHL Algorithm > **The HHL algorithm** [\[1\]](#HHL), named after Harrow, Hassidim and Lloyd, is a fundamental quant...;0.6928;0;;0.6928
classiq-library/algorithms/quantum_linear_solvers/hhl/hhl.py;/classiq/open_library.functions.qpe.qpe_flexible;Quantum Phase Estimation (QPE);name;qpe_flexible;1.0000;189;1.0000;
classiq-library/algorithms/quantum_linear_solvers/hhl/hhl.py;expanded/my_qpe_flexible;Quantum Phase Estimation (QPE);name;qpe_flexible;0.9165;189;0.9165;
classiq-library/algorithms/quantum_linear_solvers/hhl/hhl.py;/classiq/qmod.builtins.functions.exponentiation.suzuki_trotter;Hamiltonian Simulation;name;suzuki_trotter;1.0000;444;1.0000;
classiq-library/algorithms/quantum_linear_solvers/qsvt_matrix_inversion/qsvt_matrix_inversion.py;/classiq/open_library.functions.qsvt.qsvt;Domain Specific Application;summary;!/usr/bin/env python coding: utf-8 Matrix Inversion with Quantum Singular Value Transform (QSVT) > **Quantum Matrix Inversion (or Quantum Linear Solve...;0.7554;0;;0.7554
classiq-library/algorithms/quantum_linear_solvers/qsvt_matrix_inversion/qsvt_matrix_inversion.py;/classiq/open_library.functions.qsvt.qsvt_lcu;Domain Specific Application;summary;!/usr/bin/env python coding: utf-8 Matrix Inversion with Quantum Singular Value Transform (QSVT) > **Quantum Matrix Inversion (or Quantum Linear Solve...;0.6509;0;;0.6509
classiq-library/algorithms/quantum_linear_solvers/qsvt_matrix_inversion/qsvt_matrix_inversion.py;expanded/parse_qsvt_results;Domain Specific Application;summary;!/usr/bin/env python coding: utf-8 Matrix Inversion with Quantum Singular Value Transform (QSVT) > **Quantum Matrix Inversion (or Quantum Linear Solve...;0.7554;0;;0.7554
classiq-library/algorithms/quantum_linear_solvers/qsvt_matrix_inversion/qsvt_matrix_inversion.py;expanded/qsvt_sqrt_polynomial;Domain Specific Application;summary;!/usr/bin/env python coding: utf-8 Matrix Inversion with Quantum Singular Value Transform (QSVT) > **Quantum Matrix Inversion (or Quantum Linear Solve...;0.7554;0;;0.7554
classiq-library/algorithms/quantum_linear_solvers/qsvt_matrix_inversion/qsvt_matrix_inversion.py;expanded/qsp_approximate;Domain Specific Application;name;qsp_approximate;1.0000;190;1.0000;0.7734
classiq-library/algorithms/quantum_linear_solvers/qsvt_matrix_inversion/qsvt_matrix_inversion.py;expanded/qsvt_phases;Domain Specific Application;name;qsvt_phases;1.0000;194;1.0000;0.7554
classiq-library/algorithms/quantum_linear_solvers/qsvt_matrix_inversion/qsvt_matrix_inversion.py;/classiq/open_library.functions.qsvt.qsvt_inversion;Domain Specific Application;name;qsvt_inversion;1.0000;235;1.0000;0.7734
classiq-library/algorithms/quantum_linear_solvers/qsvt_matrix_inversion/qsvt_matrix_inversion.py;expanded/be_qfunc;Domain Specific Application;name;be_qfunc;1.0000;238;1.0000;0.7554
classiq-library/algorithms/quantum_linear_solvers/vqls/vqls_with_lcu.py;/qiskit-algorithms/qiskit_algorithms.minimum_eigensolvers.adapt_vqe.AdaptVQE;Variational Quantum Eigensolver (VQE);summary;!/usr/bin/env python coding: utf-8 Variational Quantum Linear Solver (VQLS) with Linear Combination of Unitaries (LCU) Block Encoding The Variational ...;0.6894;0;;0.6894
classiq-library/algorithms/quantum_linear_solvers/vqls/vqls_with_lcu.py;/qiskit-algorithms/qiskit_algorithms.minimum_eigensolvers.sampling_vqe.SamplingVQE;Variational Quantum Eigensolver (VQE);summary;!/usr/bin/env python coding: utf-8 Variational Quantum Linear Solver (VQLS) with Linear Combination of Unitaries (LCU) Block Encoding The Variational ...;0.6839;0;;0.6839
classiq-library/algorithms/quantum_linear_solvers/vqls/vqls_with_lcu.py;/qiskit-algorithms/qiskit_algorithms.minimum_eigensolvers.vqe.VQE;Variational Quantum Eigensolver (VQE);summary;!/usr/bin/env python coding: utf-8 Variational Quantum Linear Solver (VQLS) with Linear Combination of Unitaries (LCU) Block Encoding The Variational ...;0.7505;0;;0.7505
classiq-library/algorithms/quantum_linear_solvers/vqls/vqls_with_lcu.py;expanded/adapt_vqe_ansatz;Variational Quantum Eigensolver (VQE);summary;!/usr/bin/env python coding: utf-8 Variational Quantum Linear Solver (VQLS) with Linear Combination of Unitaries (LCU) Block Encoding The Variational ...;0.6894;0;;0.6894
classiq-library/algorithms/quantum_linear_solvers/vqls/vqls_with_lcu.py;expanded/get_qc;Variational Quantum Eigensolver (VQE);summary;!/usr/bin/env python coding: utf-8 Variational Quantum Linear Solver (VQLS) with Linear Combination of Unitaries (LCU) Block Encoding The Variational ...;0.7505;0;;0.7505
classiq-library/algorithms/quantum_linear_solvers/vqls/vqls_with_lcu.py;expanded/adapt_layer;Variational Quantum Eigensolver (VQE);summary;!/usr/bin/env python coding: utf-8 Variational Quantum Linear Solver (VQLS) with Linear Combination of Unitaries (LCU) Block Encoding The Variational ...;0.6894;0;;0.6894
classiq-library/algorithms/quantum_linear_solvers/vqls/vqls_with_lcu.py;/classiq/open_library.functions.lcu.lcu_pauli;Linear Combination of Unitaries;name;lcu_pauli;1.0000;305;1.0000;
classiq-library/algorithms/quantum_linear_solvers/vqls/vqls_with_lcu.py;/classiq/open_library.functions.utility_functions.apply_to_all;Circuit Construction Utility;name;apply_to_all;1.0000;308;1.0000;
classiq-library/algorithms/quantum_linear_solvers/vqls/vqls_with_lcu.py;expanded/VqlsOptimizer;Variational Quantum Eigensolver (VQE);name;VqlsOptimizer;1.0000;333;1.0000;0.7505
classiq-library/algorithms/quantum_phase_estimation/qpe_for_matrix/qpe_for_matrix.py;/classiq/open_library.functions.qpe.qpe;Quantum Phase Estimation (QPE);summary;!/usr/bin/env python coding: utf-8 Quantum Phase Estimation for Solving Matrix Eigenvalues Quantum Phase Estimation (QPE) is a key algorithm in quantu...;0.7979;0;;0.7979
classiq-library/algorithms/quantum_phase_estimation/qpe_for_matrix/qpe_for_matrix.py;/classiq/open_library.functions.qsvt.qsvt;Domain Specific Application;summary;!/usr/bin/env python coding: utf-8 Quantum Phase Estimation for Solving Matrix Eigenvalues Quantum Phase Estimation (QPE) is a key algorithm in quantu...;0.6958;0;;0.6958
classiq-library/algorithms/quantum_phase_estimation/qpe_for_matrix/qpe_for_matrix.py;/qiskit-algorithms/qiskit_algorithms.amplitude_estimators.ae.AmplitudeEstimation;Quantum Amplitude Estimation;summary;!/usr/bin/env python coding: utf-8 Quantum Phase Estimation for Solving Matrix Eigenvalues Quantum Phase Estimation (QPE) is a key algorithm in quantu...;0.6867;0;;0.6867
classiq-library/algorithms/quantum_phase_estimation/qpe_for_matrix/qpe_for_matrix.py;/qiskit-algorithms/qiskit_algorithms.phase_estimators.hamiltonian_phase_estimation.HamiltonianPhaseEstimation;Quantum Phase Estimation (QPE);summary;!/usr/bin/env python coding: utf-8 Quantum Phase Estimation for Solving Matrix Eigenvalues Quantum Phase Estimation (QPE) is a key algorithm in quantu...;0.7648;0;;0.7648
classiq-library/algorithms/quantum_phase_estimation/qpe_for_matrix/qpe_for_matrix.py;/qiskit-algorithms/qiskit_algorithms.phase_estimators.ipe.IterativePhaseEstimation;Quantum Phase Estimation (QPE);summary;!/usr/bin/env python coding: utf-8 Quantum Phase Estimation for Solving Matrix Eigenvalues Quantum Phase Estimation (QPE) is a key algorithm in quantu...;0.7195;0;;0.7195
classiq-library/algorithms/quantum_phase_estimation/qpe_for_matrix/qpe_for_matrix.py;/qiskit-algorithms/qiskit_algorithms.phase_estimators.phase_estimation.PhaseEstimation;Quantum Phase Estimation (QPE);summary;!/usr/bin/env python coding: utf-8 Quantum Phase Estimation for Solving Matrix Eigenvalues Quantum Phase Estimation (QPE) is a key algorithm in quantu...;0.7149;0;;0.7149
classiq-library/algorithms/quantum_phase_estimation/qpe_for_matrix/qpe_for_matrix.py;expanded/run_quantum_phase_estimation;Quantum Phase Estimation (QPE);summary;!/usr/bin/env python coding: utf-8 Quantum Phase Estimation for Solving Matrix Eigenvalues Quantum Phase Estimation (QPE) is a key algorithm in quantu...;0.7648;0;;0.7648
classiq-library/algorithms/quantum_phase_estimation/qpe_for_matrix/qpe_for_matrix.py;expanded/get_quantum_phase_estimation_results;Quantum Phase Estimation (QPE);summary;!/usr/bin/env python coding: utf-8 Quantum Phase Estimation for Solving Matrix Eigenvalues Quantum Phase Estimation (QPE) is a key algorithm in quantu...;0.7648;0;;0.7648
classiq-library/algorithms/quantum_phase_estimation/qpe_for_matrix/qpe_for_matrix.py;expanded/quantum_phase_estimation_circuit;Quantum Phase Estimation (QPE);summary;!/usr/bin/env python coding: utf-8 Quantum Phase Estimation for Solving Matrix Eigenvalues Quantum Phase Estimation (QPE) is a key algorithm in quantu...;0.7648;0;;0.7648
classiq-library/algorithms/quantum_phase_estimation/qpe_for_matrix/qpe_for_matrix.py;expanded/qsvt_phases;Domain Specific Application;summary;!/usr/bin/env python coding: utf-8 Quantum Phase Estimation for Solving Matrix Eigenvalues Quantum Phase Estimation (QPE) is a key algorithm in quantu...;0.6958;0;;0.6958
classiq-library/algorithms/quantum_phase_estimation/qpe_for_matrix/qpe_for_matrix.py;expanded/parse_qsvt_results;Domain Specific Application;summary;!/usr/bin/env python coding: utf-8 Quantum Phase Estimation for Solving Matrix Eigenvalues Quantum Phase Estimation (QPE) is a key algorithm in quantu...;0.6958;0;;0.6958
classiq-library/algorithms/quantum_phase_estimation/qpe_for_matrix/qpe_for_matrix.py;expanded/qsvt_sqrt_polynomial;Domain Specific Application;summary;!/usr/bin/env python coding: utf-8 Quantum Phase Estimation for Solving Matrix Eigenvalues Quantum Phase Estimation (QPE) is a key algorithm in quantu...;0.6958;0;;0.6958
classiq-library/algorithms/quantum_phase_estimation/qpe_for_matrix/qpe_for_matrix.py;expanded/QControlBox;Quantum Phase Estimation (QPE);summary;!/usr/bin/env python coding: utf-8 Quantum Phase Estimation for Solving Matrix Eigenvalues Quantum Phase Estimation (QPE) is a key algorithm in quantu...;0.7470;0;;0.7470
classiq-library/algorithms/quantum_phase_estimation/qpe_for_matrix/qpe_for_matrix.py;expanded/be_qfunc;Domain Specific Application;summary;!/usr/bin/env python coding: utf-8 Quantum Phase Estimation for Solving Matrix Eigenvalues Quantum Phase Estimation (QPE) is a key algorithm in quantu...;0.6958;0;;0.6958
classiq-library/algorithms/quantum_phase_estimation/qpe_for_matrix/qpe_for_matrix.py;/classiq/qmod.builtins.functions.exponentiation.suzuki_trotter;Hamiltonian Simulation;name;suzuki_trotter;1.0000;107;1.0000;
classiq-library/algorithms/quantum_phase_estimation/qpe_for_matrix/qpe_for_matrix.py;expanded/get_qpe_precision;Quantum Phase Estimation (QPE);name;get_qpe_precision;1.0000;173;1.0000;0.7979
classiq-library/algorithms/quantum_phase_estimation/qpe_for_matrix/qpe_for_matrix.py;expanded/normalize_hamiltonian;Quantum Phase Estimation (QPE);name;normalize_hamiltonian;1.0000;186;1.0000;0.7648
classiq-library/algorithms/quantum_phase_estimation/qpe_for_matrix/qpe_for_matrix.py;expanded/QArray;Quantum Phase Estimation (QPE);name;QArray;1.0000;207;1.0000;0.7979
classiq-library/algorithms/quantum_phase_estimation/qpe_for_matrix/qpe_for_matrix.py;/classiq/open_library.functions.qpe.qpe_flexible;Quantum Phase Estimation (QPE);name;qpe_flexible;1.0000;210;1.0000;0.7470
classiq-library/algorithms/quantum_phase_estimation/qpe_for_matrix/qpe_for_matrix.py;expanded/my_qpe_flexible;Quantum Phase Estimation (QPE);name;qpe_flexible;0.9165;210;0.9165;0.7470
classiq-library/algorithms/quantum_phase_estimation/qpe_with_qubitization/qpe_for_molecule_with_qubitization.py;/classiq/open_library.functions.qpe.qpe_flexible;Quantum Phase Estimation (QPE);summary;!/usr/bin/env python coding: utf-8 Qubitization based Quantum Phase Estimation (QPE) for Solving Molecular Energies This notebook is based on Ref. [[1...;0.6743;0;;0.6743
classiq-library/algorithms/quantum_phase_estimation/qpe_with_qubitization/qpe_for_molecule_with_qubitization.py;/classiq/open_library.functions.qsvt.qsvt;Domain Specific Application;summary;!/usr/bin/env python coding: utf-8 Qubitization based Quantum Phase Estimation (QPE) for Solving Molecular Energies This notebook is based on Ref. [[1...;0.6703;0;;0.6703
classiq-library/algorithms/quantum_phase_estimation/qpe_with_qubitization/qpe_for_molecule_with_qubitization.py;expanded/my_qpe_flexible;Quantum Phase Estimation (QPE);summary;!/usr/bin/env python coding: utf-8 Qubitization based Quantum Phase Estimation (QPE) for Solving Molecular Energies This notebook is based on Ref. [[1...;0.6743;0;;0.6743
classiq-library/algorithms/quantum_phase_estimation/qpe_with_qubitization/qpe_for_molecule_with_qubitization.py;expanded/qsvt_phases;Domain Specific Application;summary;!/usr/bin/env python coding: utf-8 Qubitization based Quantum Phase Estimation (QPE) for Solving Molecular Energies This notebook is based on Ref. [[1...;0.6703;0;;0.6703
classiq-library/algorithms/quantum_phase_estimation/qpe_with_qubitization/qpe_for_molecule_with_qubitization.py;expanded/parse_qsvt_results;Domain Specific Application;summary;!/usr/bin/env python coding: utf-8 Qubitization based Quantum Phase Estimation (QPE) for Solving Molecular Energies This notebook is based on Ref. [[1...;0.6703;0;;0.6703
classiq-library/algorithms/quantum_phase_estimation/qpe_with_qubitization/qpe_for_molecule_with_qubitization.py;expanded/qsvt_sqrt_polynomial;Domain Specific Application;summary;!/usr/bin/env python coding: utf-8 Qubitization based Quantum Phase Estimation (QPE) for Solving Molecular Energies This notebook is based on Ref. [[1...;0.6703;0;;0.6703
classiq-library/algorithms/quantum_phase_estimation/qpe_with_qubitization/qpe_for_molecule_with_qubitization.py;expanded/get_qpe_precision;Quantum Phase Estimation (QPE);summary;!/usr/bin/env python coding: utf-8 Qubitization based Quantum Phase Estimation (QPE) for Solving Molecular Energies This notebook is based on Ref. [[1...;0.6928;0;;0.6928
classiq-library/algorithms/quantum_phase_estimation/qpe_with_qubitization/qpe_for_molecule_with_qubitization.py;expanded/QControlBox;Quantum Phase Estimation (QPE);summary;!/usr/bin/env python coding: utf-8 Qubitization based Quantum Phase Estimation (QPE) for Solving Molecular Energies This notebook is based on Ref. [[1...;0.6743;0;;0.6743
classiq-library/algorithms/quantum_phase_estimation/qpe_with_qubitization/qpe_for_molecule_with_qubitization.py;expanded/QArray;Quantum Phase Estimation (QPE);summary;!/usr/bin/env python coding: utf-8 Qubitization based Quantum Phase Estimation (QPE) for Solving Molecular Energies This notebook is based on Ref. [[1...;0.6928;0;;0.6928
classiq-library/algorithms/quantum_phase_estimation/qpe_with_qubitization/qpe_for_molecule_with_qubitization.py;expanded/be_qfunc;Domain Specific Application;name;be_qfunc;1.0000;244;1.0000;0.6703
classiq-library/algorithms/quantum_phase_estimation/qpe_with_qubitization/qpe_for_molecule_with_qubitization.py;/classiq/open_library.functions.state_preparation.prepare_basis_state;Initialization;name;prepare_basis_state;1.0000;316;1.0000;
classiq-library/algorithms/quantum_phase_estimation/qpe_with_qubitization/qpe_for_molecule_with_qubitization.py;/classiq/open_library.functions.qpe.qpe;Quantum Phase Estimation (QPE);name;qpe;1.0000;320;1.0000;0.6928
classiq-library/algorithms/quantum_phase_estimation/qpe_with_qubitization/qpe_for_molecule_with_qubitization.py;/classiq/open_library.functions.utility_functions.hadamard_transform;Basis Change;name;hadamard_transform;1.0000;360;1.0000;
classiq-library/algorithms/quantum_phase_estimation/qpe_with_qubitization/qpe_for_molecule_with_qubitization.py;/classiq/open_library.functions.qft_functions.qft;Basis Change;name;qft;1.0000;375;1.0000;
classiq-library/algorithms/quantum_phase_estimation/qpe_with_qubitization/qpe_for_molecule_with_qubitization.py;/pennylane/pennylane.templates.subroutines.qft.QFT;Basis Change;name;qft;1.0000;375;1.0000;
classiq-library/algorithms/quantum_phase_estimation/qpe_with_qubitization/qpe_for_molecule_with_qubitization.py;/qiskit/qiskit.circuit.library.basis_change.qft.QFT;Basis Change;name;qft;1.0000;375;1.0000;
classiq-library/algorithms/quantum_primitives/gqsp/gqsp.py;/classiq/open_library.functions.qpe.qpe_flexible;Quantum Phase Estimation (QPE);summary;!/usr/bin/env python coding: utf-8 Generalized Quantum Signal Processing (GQSP) > **Generalized Quantum Signal Processing (GQSP)** is a quantum algori...;0.6639;0;;0.6639
classiq-library/algorithms/quantum_primitives/gqsp/gqsp.py;/classiq/open_library.functions.qsvt.qsvt;Domain Specific Application;summary;!/usr/bin/env python coding: utf-8 Generalized Quantum Signal Processing (GQSP) > **Generalized Quantum Signal Processing (GQSP)** is a quantum algori...;0.7361;0;;0.7361
classiq-library/algorithms/quantum_primitives/gqsp/gqsp.py;/classiq/open_library.functions.qsvt.qsvt_lcu;Domain Specific Application;summary;!/usr/bin/env python coding: utf-8 Generalized Quantum Signal Processing (GQSP) > **Generalized Quantum Signal Processing (GQSP)** is a quantum algori...;0.7209;0;;0.7209
classiq-library/algorithms/quantum_primitives/gqsp/gqsp.py;/qiskit/qiskit.circuit.library.arithmetic.piecewise_polynomial_pauli_rotations.PiecewisePolynomialPauliRotationsGate;Quantum Arithmetic;summary;!/usr/bin/env python coding: utf-8 Generalized Quantum Signal Processing (GQSP) > **Generalized Quantum Signal Processing (GQSP)** is a quantum algori...;0.6504;0;;0.6504
classiq-library/algorithms/quantum_primitives/gqsp/gqsp.py;expanded/my_qpe_flexible;Quantum Phase Estimation (QPE);summary;!/usr/bin/env python coding: utf-8 Generalized Quantum Signal Processing (GQSP) > **Generalized Quantum Signal Processing (GQSP)** is a quantum algori...;0.6639;0;;0.6639
classiq-library/algorithms/quantum_primitives/gqsp/gqsp.py;expanded/qsvt_phases;Domain Specific Application;summary;!/usr/bin/env python coding: utf-8 Generalized Quantum Signal Processing (GQSP) > **Generalized Quantum Signal Processing (GQSP)** is a quantum algori...;0.7361;0;;0.7361
classiq-library/algorithms/quantum_primitives/gqsp/gqsp.py;expanded/parse_qsvt_results;Domain Specific Application;summary;!/usr/bin/env python coding: utf-8 Generalized Quantum Signal Processing (GQSP) > **Generalized Quantum Signal Processing (GQSP)** is a quantum algori...;0.7361;0;;0.7361
classiq-library/algorithms/quantum_primitives/gqsp/gqsp.py;expanded/qsvt_sqrt_polynomial;Domain Specific Application;summary;!/usr/bin/env python coding: utf-8 Generalized Quantum Signal Processing (GQSP) > **Generalized Quantum Signal Processing (GQSP)** is a quantum algori...;0.7361;0;;0.7361
classiq-library/algorithms/quantum_primitives/gqsp/gqsp.py;expanded/QControlBox;Quantum Phase Estimation (QPE);summary;!/usr/bin/env python coding: utf-8 Generalized Quantum Signal Processing (GQSP) > **Generalized Quantum Signal Processing (GQSP)** is a quantum algori...;0.6639;0;;0.6639
classiq-library/algorithms/quantum_primitives/gqsp/gqsp.py;expanded/be_qfunc;Domain Specific Application;summary;!/usr/bin/env python coding: utf-8 Generalized Quantum Signal Processing (GQSP) > **Generalized Quantum Signal Processing (GQSP)** is a quantum algori...;0.7361;0;;0.7361
classiq-library/algorithms/quantum_primitives/gqsp/gqsp.py;expanded/from_qsp_polynomial;Domain Specific Application;summary;!/usr/bin/env python coding: utf-8 Generalized Quantum Signal Processing (GQSP) > **Generalized Quantum Signal Processing (GQSP)** is a quantum algori...;0.7865;0;;0.7865
classiq-library/algorithms/quantum_primitives/gqsp/gqsp.py;expanded/gqsp_phases;Domain Specific Application;name;gqsp_phases;1.0000;49;1.0000;0.7865
classiq-library/algorithms/quantum_primitives/gqsp/gqsp.py;/classiq/open_library.functions.utility_functions.hadamard_transform;Basis Change;name;hadamard_transform;1.0000;88;1.0000;
classiq-library/algorithms/quantum_primitives/gqsp/gqsp.py;/classiq/open_library.functions.qsvt.gqsp;Domain Specific Application;name;gqsp;1.0000;89;1.0000;0.7865
classiq-library/algorithms/quantum_primitives/gqsp/gqsp.py;/pennylane/pennylane.templates.subroutines.gqsp.GQSP;Basis Change;name;gqsp;1.0000;89;1.0000;
classiq-library/algorithms/quantum_primitives/hadamard_test/hadamard_test.py;/classiq/open_library.functions.qft_functions.qft;Basis Change;name;qft;1.0000;71;1.0000;
classiq-library/algorithms/quantum_primitives/hadamard_test/hadamard_test.py;/pennylane/pennylane.templates.subroutines.qft.QFT;Basis Change;name;qft;1.0000;71;1.0000;
classiq-library/algorithms/quantum_primitives/hadamard_test/hadamard_test.py;/qiskit/qiskit.circuit.library.basis_change.qft.QFT;Basis Change;name;qft;1.0000;71;1.0000;
classiq-library/algorithms/quantum_primitives/hadamard_test/hadamard_test.py;expanded/QArray;Quantum Phase Estimation (QPE);name;QArray;1.0000;99;1.0000;
classiq-library/algorithms/quantum_primitives/swap_test/swap_test.py;expanded/QArray;Quantum Phase Estimation (QPE);name;QArray;1.0000;50;1.0000;
classiq-library/algorithms/quantum_primitives/swap_test/swap_test.py;/classiq/open_library.functions.swap_test.swap_test;SWAP Test;name;swap_test;1.0000;54;1.0000;0.7279
classiq-library/algorithms/quantum_state_preparation/adapt_vqe/adapt_vqe.py;/qiskit-algorithms/qiskit_algorithms.eigensolvers.vqd.VQD;Variational Quantum Algorithm (VQA);summary;!/usr/bin/env python coding: utf-8 ADAPT VQE > The **Adaptive Derivative-Assembled Pseudo-Trotter Variational Quantum Eigensolver (ADAPT-VQE)** [[1](#...;0.6724;0;;0.6724
classiq-library/algorithms/quantum_state_preparation/adapt_vqe/adapt_vqe.py;/qiskit-algorithms/qiskit_algorithms.minimum_eigensolvers.adapt_vqe.AdaptVQE;Variational Quantum Eigensolver (VQE);summary;!/usr/bin/env python coding: utf-8 ADAPT VQE > The **Adaptive Derivative-Assembled Pseudo-Trotter Variational Quantum Eigensolver (ADAPT-VQE)** [[1](#...;0.7650;0;;0.7650
classiq-library/algorithms/quantum_state_preparation/adapt_vqe/adapt_vqe.py;/qiskit-algorithms/qiskit_algorithms.minimum_eigensolvers.qaoa.QAOA;Quantum Approximate Optimization Algorithm (QAOA);summary;!/usr/bin/env python coding: utf-8 ADAPT VQE > The **Adaptive Derivative-Assembled Pseudo-Trotter Variational Quantum Eigensolver (ADAPT-VQE)** [[1](#...;0.6574;0;;0.6574
classiq-library/algorithms/quantum_state_preparation/adapt_vqe/adapt_vqe.py;/qiskit-algorithms/qiskit_algorithms.minimum_eigensolvers.sampling_vqe.SamplingVQE;Variational Quantum Eigensolver (VQE);summary;!/usr/bin/env python coding: utf-8 ADAPT VQE > The **Adaptive Derivative-Assembled Pseudo-Trotter Variational Quantum Eigensolver (ADAPT-VQE)** [[1](#...;0.7741;0;;0.7741
classiq-library/algorithms/quantum_state_preparation/adapt_vqe/adapt_vqe.py;/qiskit-algorithms/qiskit_algorithms.minimum_eigensolvers.vqe.VQE;Variational Quantum Eigensolver (VQE);summary;!/usr/bin/env python coding: utf-8 ADAPT VQE > The **Adaptive Derivative-Assembled Pseudo-Trotter Variational Quantum Eigensolver (ADAPT-VQE)** [[1](#...;0.7858;0;;0.7858
classiq-library/algorithms/quantum_state_preparation/adapt_vqe/adapt_vqe.py;/qiskit-algorithms/qiskit_algorithms.time_evolvers.pvqd.pvqd.PVQD;Variational Quantum Algorithm (VQA);summary;!/usr/bin/env python coding: utf-8 ADAPT VQE > The **Adaptive Derivative-Assembled Pseudo-Trotter Variational Quantum Eigensolver (ADAPT-VQE)** [[1](#...;0.6811;0;;0.6811
classiq-library/algorithms/quantum_state_preparation/adapt_vqe/adapt_vqe.py;/qiskit-algorithms/qiskit_algorithms.time_evolvers.variational.var_qrte.VarQRTE;Variational Quantum Algorithm (VQA);summary;!/usr/bin/env python coding: utf-8 ADAPT VQE > The **Adaptive Derivative-Assembled Pseudo-Trotter Variational Quantum Eigensolver (ADAPT-VQE)** [[1](#...;0.6669;0;;0.6669
classiq-library/algorithms/quantum_state_preparation/adapt_vqe/adapt_vqe.py;expanded/qaoa;Quantum Approximate Optimization Algorithm (QAOA);summary;!/usr/bin/env python coding: utf-8 ADAPT VQE > The **Adaptive Derivative-Assembled Pseudo-Trotter Variational Quantum Eigensolver (ADAPT-VQE)** [[1](#...;0.6574;0;;0.6574
classiq-library/algorithms/quantum_state_preparation/adapt_vqe/adapt_vqe.py;expanded/QUBO_QAOA;Quantum Approximate Optimization Algorithm (QAOA);summary;!/usr/bin/env python coding: utf-8 ADAPT VQE > The **Adaptive Derivative-Assembled Pseudo-Trotter Variational Quantum Eigensolver (ADAPT-VQE)** [[1](#...;0.6574;0;;0.6574
classiq-library/algorithms/quantum_state_preparation/adapt_vqe/adapt_vqe.py;expanded/QUBO_QAOA_cvar;Quantum Approximate Optimization Algorithm (QAOA);summary;!/usr/bin/env python coding: utf-8 ADAPT VQE > The **Adaptive Derivative-Assembled Pseudo-Trotter Variational Quantum Eigensolver (ADAPT-VQE)** [[1](#...;0.6574;0;;0.6574
classiq-library/algorithms/quantum_state_preparation/adapt_vqe/adapt_vqe.py;expanded/optimize_qaoa_params;Quantum Approximate Optimization Algorithm (QAOA);summary;!/usr/bin/env python coding: utf-8 ADAPT VQE > The **Adaptive Derivative-Assembled Pseudo-Trotter Variational Quantum Eigensolver (ADAPT-VQE)** [[1](#...;0.6574;0;;0.6574
classiq-library/algorithms/quantum_state_preparation/adapt_vqe/adapt_vqe.py;expanded/VqlsOptimizer;Variational Quantum Eigensolver (VQE);summary;!/usr/bin/env python coding: utf-8 ADAPT VQE > The **Adaptive Derivative-Assembled Pseudo-Trotter Variational Quantum Eigensolver (ADAPT-VQE)** [[1](#...;0.7858;0;;0.7858
classiq-library/algorithms/quantum_state_preparation/adapt_vqe/adapt_vqe.py;expanded/QAOA_ansatz_for_Ising;Quantum Approximate Optimization Algorithm (QAOA);summary;!/usr/bin/env python coding: utf-8 ADAPT VQE > The **Adaptive Derivative-Assembled Pseudo-Trotter Variational Quantum Eigensolver (ADAPT-VQE)** [[1](#...;0.6574;0;;0.6574
classiq-library/algorithms/quantum_state_preparation/adapt_vqe/adapt_vqe.py;expanded/get_qc;Variational Quantum Eigensolver (VQE);summary;!/usr/bin/env python coding: utf-8 ADAPT VQE > The **Adaptive Derivative-Assembled Pseudo-Trotter Variational Quantum Eigensolver (ADAPT-VQE)** [[1](#...;0.7858;0;;0.7858
classiq-library/algorithms/quantum_state_preparation/adapt_vqe/adapt_vqe.py;expanded/run_qiro;Quantum Approximate Optimization Algorithm (QAOA);summary;!/usr/bin/env python coding: utf-8 ADAPT VQE > The **Adaptive Derivative-Assembled Pseudo-Trotter Variational Quantum Eigensolver (ADAPT-VQE)** [[1](#...;0.6574;0;;0.6574
classiq-library/algorithms/quantum_state_preparation/adapt_vqe/adapt_vqe.py;/classiq/qmod.builtins.functions.exponentiation.suzuki_trotter;Hamiltonian Simulation;name;suzuki_trotter;1.0000;269;1.0000;
classiq-library/algorithms/quantum_state_preparation/adapt_vqe/adapt_vqe.py;expanded/adapt_layer;Variational Quantum Eigensolver (VQE);name;adapt_layer;1.0000;280;1.0000;0.7650
classiq-library/algorithms/quantum_state_preparation/adapt_vqe/adapt_vqe.py;expanded/adapt_vqe_ansatz;Variational Quantum Eigensolver (VQE);name;adapt_vqe_ansatz;1.0000;680;1.0000;0.7650
classiq-library/algorithms/quantum_state_preparation/gibbs/quantum_thermal_state_preparation.py;/classiq/qmod.builtins.functions.exponentiation.suzuki_trotter;Hamiltonian Simulation;name;suzuki_trotter;1.0000;150;1.0000;
classiq-library/algorithms/quantum_state_preparation/gibbs/quantum_thermal_state_preparation.py;/classiq/open_library.functions.qft_functions.qft;Basis Change;name;qft;1.0000;187;1.0000;
classiq-library/algorithms/quantum_state_preparation/gibbs/quantum_thermal_state_preparation.py;/pennylane/pennylane.templates.subroutines.qft.QFT;Basis Change;name;qft;1.0000;187;1.0000;
classiq-library/algorithms/quantum_state_preparation/gibbs/quantum_thermal_state_preparation.py;/qiskit/qiskit.circuit.library.basis_change.qft.QFT;Basis Change;name;qft;1.0000;187;1.0000;
classiq-library/algorithms/quantum_state_preparation/gibbs/quantum_thermal_state_preparation.py;/classiq/open_library.functions.utility_functions.hadamard_transform;Basis Change;name;hadamard_transform;1.0000;277;1.0000;
classiq-library/algorithms/quantum_state_preparation/gibbs/quantum_thermal_state_preparation.py;/classiq/open_library.functions.state_preparation.prepare_uniform_trimmed_state;Initialization;name;prepare_uniform_trimmed_state;1.0000;367;1.0000;
classiq-library/algorithms/quantum_state_preparation/gibbs/quantum_thermal_state_preparation.py;/classiq/open_library.functions.utility_functions.apply_to_all;Circuit Construction Utility;name;apply_to_all;1.0000;430;1.0000;
classiq-library/algorithms/search_and_optimization/dqi/dqi_max_xorsat.py;/classiq/open_library.functions.state_preparation.prepare_dicke_state;Initialization;name;prepare_dicke_state;1.0000;124;1.0000;
classiq-library/algorithms/search_and_optimization/dqi/dqi_max_xorsat.py;/classiq/open_library.functions.state_preparation.prepare_dicke_state_unary_input;Initialization;name;prepare_dicke_state_unary_input;1.0000;143;1.0000;
classiq-library/algorithms/search_and_optimization/dqi/dqi_max_xorsat.py;expanded/QArray;Quantum Phase Estimation (QPE);name;QArray;1.0000;204;1.0000;
classiq-library/algorithms/search_and_optimization/dqi/dqi_max_xorsat.py;/classiq/open_library.functions.utility_functions.hadamard_transform;Basis Change;name;hadamard_transform;1.0000;225;1.0000;
classiq-library/algorithms/search_and_optimization/grover/grover.py;/classiq/open_library.functions.grover.grover_search;Grover;summary;!/usr/bin/env python coding: utf-8 Grover's Search Algorithm > **Grover’s Search Algorithm**, introduced by Lov Grover in 1996 [\[1\]](#ref-Gro96), is...;0.7393;0;;0.7393
classiq-library/algorithms/search_and_optimization/grover/grover.py;/qiskit-algorithms/qiskit_algorithms.amplitude_amplifiers.grover.Grover;Grover;summary;!/usr/bin/env python coding: utf-8 Grover's Search Algorithm > **Grover’s Search Algorithm**, introduced by Lov Grover in 1996 [\[1\]](#ref-Gro96), is...;0.7612;0;;0.7612
classiq-library/algorithms/search_and_optimization/grover/grover.py;expanded/GroverOptimizer;Grover;summary;!/usr/bin/env python coding: utf-8 Grover's Search Algorithm > **Grover’s Search Algorithm**, introduced by Lov Grover in 1996 [\[1\]](#ref-Gro96), is...;0.7612;0;;0.7612
classiq-library/algorithms/search_and_optimization/grover/grover.py;/classiq/open_library.functions.utility_functions.hadamard_transform;Basis Change;name;hadamard_transform;1.0000;167;1.0000;
classiq-library/algorithms/search_and_optimization/grover/grover.py;/classiq/open_library.functions.grover.grover_operator;Amplitude Amplification;name;grover_operator;1.0000;171;1.0000;
classiq-library/algorithms/search_and_optimization/grover/grover.py;/pennylane/pennylane.templates.subroutines.grover.GroverOperator;Grover;name;grover_operator;1.0000;171;1.0000;
classiq-library/algorithms/search_and_optimization/grover/grover.py;/qiskit/qiskit.circuit.library.grover_operator.GroverOperator;Grover;name;grover_operator;1.0000;171;1.0000;
classiq-library/algorithms/search_and_optimization/grover/grover.py;/classiq/open_library.functions.grover.phase_oracle;Oracle;name;phase_oracle;1.0000;172;1.0000;
classiq-library/algorithms/search_and_optimization/grover/grover.py;/qiskit/qiskit.circuit.library.phase_oracle.PhaseOracle;Oracle;name;phase_oracle;1.0000;172;1.0000;
classiq-library/algorithms/search_and_optimization/grover/grover.py;expanded/repeat_grover_until_success;Grover;name;repeat_grover_until_success;1.0000;191;1.0000;0.7612
classiq-library/algorithms/search_and_optimization/grover_mixer_qaoa/gm_qaoa.py;/qiskit-algorithms/qiskit_algorithms.minimum_eigensolvers.qaoa.QAOA;Quantum Approximate Optimization Algorithm (QAOA);summary;!/usr/bin/env python coding: utf-8 Grover Mixers for QAOA Grover Mixers for QAOA (GM-QAOA) is one of the algorithms applied to constrained optimizatio...;0.7222;0;;0.7222
classiq-library/algorithms/search_and_optimization/grover_mixer_qaoa/gm_qaoa.py;expanded/qaoa;Quantum Approximate Optimization Algorithm (QAOA);summary;!/usr/bin/env python coding: utf-8 Grover Mixers for QAOA Grover Mixers for QAOA (GM-QAOA) is one of the algorithms applied to constrained optimizatio...;0.7222;0;;0.7222
classiq-library/algorithms/search_and_optimization/grover_mixer_qaoa/gm_qaoa.py;expanded/QUBO_QAOA;Quantum Approximate Optimization Algorithm (QAOA);summary;!/usr/bin/env python coding: utf-8 Grover Mixers for QAOA Grover Mixers for QAOA (GM-QAOA) is one of the algorithms applied to constrained optimizatio...;0.7222;0;;0.7222
classiq-library/algorithms/search_and_optimization/grover_mixer_qaoa/gm_qaoa.py;expanded/QUBO_QAOA_cvar;Quantum Approximate Optimization Algorithm (QAOA);summary;!/usr/bin/env python coding: utf-8 Grover Mixers for QAOA Grover Mixers for QAOA (GM-QAOA) is one of the algorithms applied to constrained optimizatio...;0.7222;0;;0.7222
classiq-library/algorithms/search_and_optimization/grover_mixer_qaoa/gm_qaoa.py;expanded/optimize_qaoa_params;Quantum Approximate Optimization Algorithm (QAOA);summary;!/usr/bin/env python coding: utf-8 Grover Mixers for QAOA Grover Mixers for QAOA (GM-QAOA) is one of the algorithms applied to constrained optimizatio...;0.7222;0;;0.7222
classiq-library/algorithms/search_and_optimization/grover_mixer_qaoa/gm_qaoa.py;expanded/QAOA_ansatz_for_Ising;Quantum Approximate Optimization Algorithm (QAOA);summary;!/usr/bin/env python coding: utf-8 Grover Mixers for QAOA Grover Mixers for QAOA (GM-QAOA) is one of the algorithms applied to constrained optimizatio...;0.7222;0;;0.7222
classiq-library/algorithms/search_and_optimization/grover_mixer_qaoa/gm_qaoa.py;expanded/run_qiro;Quantum Approximate Optimization Algorithm (QAOA);summary;!/usr/bin/env python coding: utf-8 Grover Mixers for QAOA Grover Mixers for QAOA (GM-QAOA) is one of the algorithms applied to constrained optimizatio...;0.7222;0;;0.7222
classiq-library/algorithms/search_and_optimization/grover_mixer_qaoa/gm_qaoa.py;/classiq/open_library.functions.utility_functions.apply_to_all;Circuit Construction Utility;name;apply_to_all;1.0000;105;1.0000;
classiq-library/algorithms/search_and_optimization/grover_mixer_qaoa/gm_qaoa.py;/classiq/open_library.functions.utility_functions.hadamard_transform;Basis Change;name;hadamard_transform;1.0000;139;1.0000;
classiq-library/algorithms/search_and_optimization/grover_mixer_qaoa/gm_qaoa.py;/qiskit/qiskit.circuit.library.n_local.qaoa_ansatz.QAOAAnsatz;Quantum Approximate Optimization Algorithm (QAOA);name;qaoa_ansatz;1.0000;140;1.0000;
classiq-library/algorithms/search_and_optimization/grover_mixer_qaoa/gm_qaoa.py;/classiq/open_library.functions.state_preparation.prepare_dicke_state;Initialization;name;prepare_dicke_state;1.0000;229;1.0000;
classiq-library/algorithms/search_and_optimization/qaoa/qaoa.py;/pennylane/pennylane.templates.embeddings.qaoaembedding.QAOAEmbedding;Quantum Approximate Optimization Algorithm (QAOA);summary;!/usr/bin/env python coding: utf-8 Quantum Approximate Optimization Algorithm >The **Quantum Approximate Optimization Algorithm (QAOA)**, introduced b...;0.6672;0;;0.6672
classiq-library/algorithms/search_and_optimization/qaoa/qaoa.py;/qiskit-algorithms/qiskit_algorithms.minimum_eigensolvers.qaoa.QAOA;Quantum Approximate Optimization Algorithm (QAOA);summary;!/usr/bin/env python coding: utf-8 Quantum Approximate Optimization Algorithm >The **Quantum Approximate Optimization Algorithm (QAOA)**, introduced b...;0.7168;0;;0.7168
classiq-library/algorithms/search_and_optimization/qaoa/qaoa.py;expanded/qaoa;Quantum Approximate Optimization Algorithm (QAOA);summary;!/usr/bin/env python coding: utf-8 Quantum Approximate Optimization Algorithm >The **Quantum Approximate Optimization Algorithm (QAOA)**, introduced b...;0.7168;0;;0.7168
classiq-library/algorithms/search_and_optimization/qaoa/qaoa.py;expanded/QUBO_QAOA;Quantum Approximate Optimization Algorithm (QAOA);summary;!/usr/bin/env python coding: utf-8 Quantum Approximate Optimization Algorithm >The **Quantum Approximate Optimization Algorithm (QAOA)**, introduced b...;0.7168;0;;0.7168
classiq-library/algorithms/search_and_optimization/qaoa/qaoa.py;expanded/QUBO_QAOA_cvar;Quantum Approximate Optimization Algorithm (QAOA);summary;!/usr/bin/env python coding: utf-8 Quantum Approximate Optimization Algorithm >The **Quantum Approximate Optimization Algorithm (QAOA)**, introduced b...;0.7168;0;;0.7168
classiq-library/algorithms/search_and_optimization/qaoa/qaoa.py;expanded/optimize_qaoa_params;Quantum Approximate Optimization Algorithm (QAOA);summary;!/usr/bin/env python coding: utf-8 Quantum Approximate Optimization Algorithm >The **Quantum Approximate Optimization Algorithm (QAOA)**, introduced b...;0.7168;0;;0.7168
classiq-library/algorithms/search_and_optimization/qaoa/qaoa.py;expanded/QAOA_ansatz_for_Ising;Quantum Approximate Optimization Algorithm (QAOA);summary;!/usr/bin/env python coding: utf-8 Quantum Approximate Optimization Algorithm >The **Quantum Approximate Optimization Algorithm (QAOA)**, introduced b...;0.7168;0;;0.7168
classiq-library/algorithms/search_and_optimization/qaoa/qaoa.py;expanded/run_qiro;Quantum Approximate Optimization Algorithm (QAOA);summary;!/usr/bin/env python coding: utf-8 Quantum Approximate Optimization Algorithm >The **Quantum Approximate Optimization Algorithm (QAOA)**, introduced b...;0.7168;0;;0.7168
classiq-library/algorithms/search_and_optimization/qaoa/qaoa.py;/classiq/open_library.functions.utility_functions.apply_to_all;Circuit Construction Utility;name;apply_to_all;1.0000;193;1.0000;
classiq-library/algorithms/search_and_optimization/qaoa/qaoa.py;/classiq/open_library.functions.utility_functions.hadamard_transform;Basis Change;name;hadamard_transform;1.0000;238;1.0000;
classiq-library/algorithms/search_and_optimization/qaoa/qaoa.py;/qiskit/qiskit.circuit.library.n_local.qaoa_ansatz.QAOAAnsatz;Quantum Approximate Optimization Algorithm (QAOA);name;qaoa_ansatz;1.0000;239;1.0000;
classiq-library/applications/automotive/cooling_systems_optimization/cooling_systems_optimization.py;/classiq/open_library.functions.lcu.lcu_pauli;Linear Combination of Unitaries;name;lcu_pauli;1.0000;141;1.0000;
classiq-library/applications/automotive/cooling_systems_optimization/cooling_systems_optimization.py;/classiq/open_library.functions.utility_functions.hadamard_transform;Basis Change;name;hadamard_transform;1.0000;343;1.0000;
classiq-library/applications/automotive/cooling_systems_optimization/cooling_systems_optimization.py;expanded/qsp_approximate;Domain Specific Application;name;qsp_approximate;1.0000;485;1.0000;
classiq-library/applications/automotive/cooling_systems_optimization/cooling_systems_optimization.py;expanded/qsvt_phases;Domain Specific Application;name;qsvt_phases;1.0000;489;1.0000;
classiq-library/applications/automotive/cooling_systems_optimization/cooling_systems_optimization.py;expanded/QArray;Quantum Phase Estimation (QPE);name;QArray;1.0000;524;1.0000;
classiq-library/applications/automotive/cooling_systems_optimization/cooling_systems_optimization.py;/classiq/open_library.functions.qsvt.qsvt_inversion;Domain Specific Application;name;qsvt_inversion;1.0000;548;1.0000;
classiq-library/applications/automotive/cooling_systems_optimization/cooling_systems_optimization.py;/classiq/open_library.functions.amplitude_estimation.amplitude_estimation;Quantum Amplitude Estimation;name;amplitude_estimation;1.0000;839;1.0000;
classiq-library/applications/automotive/cooling_systems_optimization/cooling_systems_optimization.py;/qiskit-algorithms/qiskit_algorithms.amplitude_estimators.ae.AmplitudeEstimation;Quantum Amplitude Estimation;name;amplitude_estimation;1.0000;839;1.0000;
classiq-library/applications/automotive/cooling_systems_optimization/cooling_systems_optimization.py;/classiq/open_library.functions.grover.reflect_about_zero;Amplitude Amplification;name;reflect_about_zero;1.0000;840;1.0000;
classiq-library/applications/automotive/cooling_systems_optimization/cooling_systems_optimization.py;/classiq/open_library.functions.state_preparation.inplace_prepare_complex_amplitudes;Initialization;name;inplace_prepare_complex_amplitudes;1.0000;1051;1.0000;
classiq-library/applications/automotive/cooling_systems_optimization/cooling_systems_optimization.py;/classiq/open_library.functions.state_preparation.prepare_complex_amplitudes;Initialization;name;inplace_prepare_complex_amplitudes;0.9210;1051;0.9210;
classiq-library/applications/automotive/cooling_systems_optimization/cooling_systems_optimization.py;/classiq/open_library.functions.qaoa_penalty.qaoa_layer;Quantum Approximate Optimization Algorithm (QAOA);name;qaoa_layer;1.0000;1081;1.0000;
classiq-library/applications/cfd/double_slit_experiment/quantum_double_slit_experiment.py;expanded/qsvt_phases;Domain Specific Application;name;qsvt_phases;1.0000;502;1.0000;
classiq-library/applications/cfd/double_slit_experiment/quantum_double_slit_experiment.py;expanded/QArray;Quantum Phase Estimation (QPE);name;QArray;1.0000;708;1.0000;
classiq-library/applications/cfd/double_slit_experiment/quantum_double_slit_experiment.py;/classiq/open_library.functions.qsvt.qsvt_inversion;Domain Specific Application;name;qsvt_inversion;1.0000;780;1.0000;
classiq-library/applications/cfd/heat_eq_qsvt/heat_eq_qsvt.py;expanded/QArray;Quantum Phase Estimation (QPE);name;QArray;1.0000;398;1.0000;
classiq-library/applications/cfd/heat_eq_qsvt/heat_eq_qsvt.py;/classiq/open_library.functions.variational.encode_in_angle;Data Encoding;name;encode_in_angle;1.0000;430;1.0000;
classiq-library/applications/cfd/heat_eq_qsvt/heat_eq_qsvt.py;/classiq/open_library.functions.qsvt.projector_controlled_phase;Phase Shift;name;my_projector_controlled_phase;0.9692;554;0.9692;
classiq-library/applications/cfd/heat_eq_qsvt/heat_eq_qsvt.py;/classiq/open_library.functions.qsvt.qsvt_step;Domain Specific Application;name;my_qsvt_step;0.9358;570;0.9358;
classiq-library/applications/cfd/heat_eq_qsvt/heat_eq_qsvt.py;/classiq/open_library.functions.qsvt.qsvt_inversion;Domain Specific Application;name;qsvt_inversion_my;0.9209;593;0.9209;
classiq-library/applications/cfd/qlbm/qlbm.py;/pennylane/pennylane.templates.subroutines.reflection.Reflection;Grover;name;reflection;1.0000;497;1.0000;
classiq-library/applications/cfd/qls_for_hybrid_solvers/qls_chebyshev_lcu.py;expanded/be_qfunc;Domain Specific Application;name;be_qfunc;1.0000;165;1.0000;
classiq-library/applications/cfd/qls_for_hybrid_solvers/qls_qsvt.py;/classiq/open_library.functions.qsvt.qsvt;Domain Specific Application;summary;!/usr/bin/env python coding: utf-8 Quantum linear solver based on QSVT The code here can be integrated as part of a larger CFD solver, e.g., as in [qc...;0.7206;0;;0.7206
classiq-library/applications/cfd/qls_for_hybrid_solvers/qls_qsvt.py;/classiq/open_library.functions.qsvt.qsvt_lcu;Domain Specific Application;summary;!/usr/bin/env python coding: utf-8 Quantum linear solver based on QSVT The code here can be integrated as part of a larger CFD solver, e.g., as in [qc...;0.6552;0;;0.6552
classiq-library/applications/cfd/qls_for_hybrid_solvers/qls_qsvt.py;expanded/parse_qsvt_results;Domain Specific Application;summary;!/usr/bin/env python coding: utf-8 Quantum linear solver based on QSVT The code here can be integrated as part of a larger CFD solver, e.g., as in [qc...;0.7206;0;;0.7206
classiq-library/applications/cfd/qls_for_hybrid_solvers/qls_qsvt.py;expanded/qsvt_sqrt_polynomial;Domain Specific Application;summary;!/usr/bin/env python coding: utf-8 Quantum linear solver based on QSVT The code here can be integrated as part of a larger CFD solver, e.g., as in [qc...;0.7206;0;;0.7206
classiq-library/applications/cfd/qls_for_hybrid_solvers/qls_qsvt.py;expanded/qsp_approximate;Domain Specific Application;summary;!/usr/bin/env python coding: utf-8 Quantum linear solver based on QSVT The code here can be integrated as part of a larger CFD solver, e.g., as in [qc...;0.7216;0;;0.7216
classiq-library/applications/cfd/qls_for_hybrid_solvers/qls_qsvt.py;expanded/qsvt_phases;Domain Specific Application;name;qsvt_phases;1.0000;85;1.0000;0.7206
classiq-library/applications/cfd/qls_for_hybrid_solvers/qls_qsvt.py;/classiq/open_library.functions.qsvt.qsvt_inversion;Domain Specific Application;name;qsvt_inversion;1.0000;106;1.0000;0.7216
classiq-library/applications/cfd/qls_for_hybrid_solvers/qls_qsvt.py;expanded/be_qfunc;Domain Specific Application;name;be_qfunc;1.0000;109;1.0000;0.7206
classiq-library/applications/cfd/qls_for_hybrid_solvers/verify_block_encoding.py;/classiq/open_library.functions.qsvt.qsvt;Domain Specific Application;summary;!/usr/bin/env python coding: utf-8 Block Encoding Verification This notebook verifies the various block encoding, whose code are given in this directo...;0.6750;0;;0.6750
classiq-library/applications/cfd/qls_for_hybrid_solvers/verify_block_encoding.py;expanded/qsvt_phases;Domain Specific Application;summary;!/usr/bin/env python coding: utf-8 Block Encoding Verification This notebook verifies the various block encoding, whose code are given in this directo...;0.6750;0;;0.6750
classiq-library/applications/cfd/qls_for_hybrid_solvers/verify_block_encoding.py;expanded/parse_qsvt_results;Domain Specific Application;summary;!/usr/bin/env python coding: utf-8 Block Encoding Verification This notebook verifies the various block encoding, whose code are given in this directo...;0.6750;0;;0.6750
classiq-library/applications/cfd/qls_for_hybrid_solvers/verify_block_encoding.py;expanded/qsvt_sqrt_polynomial;Domain Specific Application;summary;!/usr/bin/env python coding: utf-8 Block Encoding Verification This notebook verifies the various block encoding, whose code are given in this directo...;0.6750;0;;0.6750
classiq-library/applications/cfd/qls_for_hybrid_solvers/verify_block_encoding.py;expanded/be_qfunc;Domain Specific Application;name;be_qfunc;1.0000;79;1.0000;0.6750
classiq-library/applications/chemistry/classiq_chemistry_application/classiq_chemistry_application.py;/pennylane/pennylane.templates.subroutines.qchem.all_singles_doubles.AllSinglesDoubles;Variational Quantum Eigensolver (VQE);summary;!/usr/bin/env python coding: utf-8 Classiq Chemistry Application This tutorial presents the functionality of Classiq's Chemistry application module. T...;0.6573;0;;0.6573
classiq-library/applications/chemistry/classiq_chemistry_application/classiq_chemistry_application.py;/classiq/open_library.functions.state_preparation.prepare_basis_state;Initialization;name;prepare_basis_state;1.0000;427;1.0000;
classiq-library/applications/chemistry/molecular_energy_curve/molecular_energy_curve.py;/classiq/open_library.functions.state_preparation.prepare_basis_state;Initialization;name;prepare_basis_state;1.0000;105;1.0000;
classiq-library/applications/chemistry/molecule_eigensolver/molecule_eigensolver.py;/qiskit-algorithms/qiskit_algorithms.minimum_eigensolvers.sampling_vqe.SamplingVQE;Variational Quantum Eigensolver (VQE);summary;!/usr/bin/env python coding: utf-8 Molecule Eigensolver (VQE Method) Evaluating the ground state of a molecular Hamiltonian allows you to understand t...;0.6896;0;;0.6896
classiq-library/applications/chemistry/molecule_eigensolver/molecule_eigensolver.py;/qiskit-algorithms/qiskit_algorithms.minimum_eigensolvers.vqe.VQE;Variational Quantum Eigensolver (VQE);summary;!/usr/bin/env python coding: utf-8 Molecule Eigensolver (VQE Method) Evaluating the ground state of a molecular Hamiltonian allows you to understand t...;0.7113;0;;0.7113
classiq-library/applications/chemistry/molecule_eigensolver/molecule_eigensolver.py;expanded/VqlsOptimizer;Variational Quantum Eigensolver (VQE);summary;!/usr/bin/env python coding: utf-8 Molecule Eigensolver (VQE Method) Evaluating the ground state of a molecular Hamiltonian allows you to understand t...;0.7113;0;;0.7113
classiq-library/applications/chemistry/molecule_eigensolver/molecule_eigensolver.py;expanded/get_qc;Variational Quantum Eigensolver (VQE);summary;!/usr/bin/env python coding: utf-8 Molecule Eigensolver (VQE Method) Evaluating the ground state of a molecular Hamiltonian allows you to understand t...;0.7113;0;;0.7113
classiq-library/applications/chemistry/molecule_eigensolver/molecule_eigensolver.py;/classiq/open_library.functions.state_preparation.prepare_basis_state;Initialization;name;prepare_basis_state;1.0000;118;1.0000;
classiq-library/applications/chemistry/molecule_eigensolver/molecule_eigensolver.py;/classiq/open_library.functions.hea.full_hea;Variational Quantum Algorithm (VQA);name;full_hea;1.0000;119;1.0000;
classiq-library/applications/chemistry/qpe_for_molecules/qpe_for_molecules.py;/classiq/open_library.functions.qpe.qpe;Quantum Phase Estimation (QPE);summary;!/usr/bin/env python coding: utf-8 Quantum Phase Estimation (QPE) for Solving Molecular Energies Quantum Phase Estimation (QPE) is a key algorithm in ...;0.7060;0;;0.7060
classiq-library/applications/chemistry/qpe_for_molecules/qpe_for_molecules.py;/qiskit-algorithms/qiskit_algorithms.phase_estimators.ipe.IterativePhaseEstimation;Quantum Phase Estimation (QPE);summary;!/usr/bin/env python coding: utf-8 Quantum Phase Estimation (QPE) for Solving Molecular Energies Quantum Phase Estimation (QPE) is a key algorithm in ...;0.6635;0;;0.6635
classiq-library/applications/chemistry/qpe_for_molecules/qpe_for_molecules.py;/qiskit-algorithms/qiskit_algorithms.phase_estimators.phase_estimation.PhaseEstimation;Quantum Phase Estimation (QPE);summary;!/usr/bin/env python coding: utf-8 Quantum Phase Estimation (QPE) for Solving Molecular Energies Quantum Phase Estimation (QPE) is a key algorithm in ...;0.6527;0;;0.6527
classiq-library/applications/chemistry/qpe_for_molecules/qpe_for_molecules.py;expanded/get_qpe_precision;Quantum Phase Estimation (QPE);summary;!/usr/bin/env python coding: utf-8 Quantum Phase Estimation (QPE) for Solving Molecular Energies Quantum Phase Estimation (QPE) is a key algorithm in ...;0.7060;0;;0.7060
classiq-library/applications/chemistry/qpe_for_molecules/qpe_for_molecules.py;expanded/QControlBox;Quantum Phase Estimation (QPE);summary;!/usr/bin/env python coding: utf-8 Quantum Phase Estimation (QPE) for Solving Molecular Energies Quantum Phase Estimation (QPE) is a key algorithm in ...;0.6525;0;;0.6525
classiq-library/applications/chemistry/qpe_for_molecules/qpe_for_molecules.py;expanded/QArray;Quantum Phase Estimation (QPE);summary;!/usr/bin/env python coding: utf-8 Quantum Phase Estimation (QPE) for Solving Molecular Energies Quantum Phase Estimation (QPE) is a key algorithm in ...;0.7060;0;;0.7060
classiq-library/applications/chemistry/qpe_for_molecules/qpe_for_molecules.py;expanded/normalize_hamiltonian;Quantum Phase Estimation (QPE);name;normalize_hamiltonian;1.0000;193;1.0000;
classiq-library/applications/chemistry/qpe_for_molecules/qpe_for_molecules.py;/classiq/qmod.builtins.functions.exponentiation.suzuki_trotter;Hamiltonian Simulation;name;suzuki_trotter;1.0000;317;1.0000;
classiq-library/applications/chemistry/qpe_for_molecules/qpe_for_molecules.py;/classiq/open_library.functions.state_preparation.prepare_basis_state;Initialization;name;prepare_basis_state;1.0000;342;1.0000;
classiq-library/applications/chemistry/qpe_for_molecules/qpe_for_molecules.py;/classiq/open_library.functions.qpe.qpe_flexible;Quantum Phase Estimation (QPE);name;qpe_flexible;1.0000;344;1.0000;0.6525
classiq-library/applications/chemistry/qpe_for_molecules/qpe_for_molecules.py;expanded/my_qpe_flexible;Quantum Phase Estimation (QPE);name;qpe_flexible;0.9165;344;0.9165;0.6525
classiq-library/applications/chemistry/second_quantized_hamiltonian/second_quantized_hamiltonian.py;/classiq/open_library.functions.hea.full_hea;Variational Quantum Algorithm (VQA);name;full_hea;1.0000;57;1.0000;
classiq-library/applications/chemistry/tensor_hypercontraction/tensor_hypercontraction.py;/classiq/open_library.functions.utility_functions.apply_to_all;Circuit Construction Utility;name;apply_to_all;1.0000;237;1.0000;
classiq-library/applications/chemistry/tensor_hypercontraction/tensor_hypercontraction.py;expanded/QArray;Quantum Phase Estimation (QPE);name;QArray;1.0000;496;1.0000;
classiq-library/applications/chemistry/tensor_hypercontraction/tensor_hypercontraction.py;/pennylane/pennylane.templates.subroutines.select.Select;Dynamic Circuit;name;select;1.0000;525;1.0000;
classiq-library/applications/chemistry/tensor_hypercontraction/tensor_hypercontraction.py;/classiq/open_library.functions.qft_functions.qft;Basis Change;name;qft;1.0000;594;1.0000;
classiq-library/applications/chemistry/tensor_hypercontraction/tensor_hypercontraction.py;/pennylane/pennylane.templates.subroutines.qft.QFT;Basis Change;name;qft;1.0000;594;1.0000;
classiq-library/applications/chemistry/tensor_hypercontraction/tensor_hypercontraction.py;/qiskit/qiskit.circuit.library.basis_change.qft.QFT;Basis Change;name;qft;1.0000;594;1.0000;
classiq-library/applications/cybersecurity/whitebox_fuzzing/whitebox_fuzzing.py;/classiq/open_library.functions.utility_functions.hadamard_transform;Basis Change;name;hadamard_transform;1.0000;176;1.0000;
classiq-library/applications/cybersecurity/whitebox_fuzzing/whitebox_fuzzing.py;/classiq/open_library.functions.grover.grover_operator;Amplitude Amplification;name;my_grover_operator;0.9529;232;0.9529;
classiq-library/applications/cybersecurity/whitebox_fuzzing/whitebox_fuzzing.py;/pennylane/pennylane.templates.subroutines.grover.GroverOperator;Grover;name;my_grover_operator;0.9529;232;0.9529;
classiq-library/applications/cybersecurity/whitebox_fuzzing/whitebox_fuzzing.py;/qiskit/qiskit.circuit.library.grover_operator.GroverOperator;Grover;name;my_grover_operator;0.9529;232;0.9529;
classiq-library/applications/finance/autocallable_options/partial_exponential_state_preparation.py;/classiq/open_library.functions.state_preparation.prepare_exponential_state;Initialization;name;prepare_exponential_state;1.0000;32;1.0000;
classiq-library/applications/finance/autocallable_options/partial_exponential_state_preparation.py;/classiq/open_library.functions.amplitude_amplification.exact_amplitude_amplification;Amplitude Amplification;name;exact_amplitude_amplification;1.0000;107;1.0000;
classiq-library/applications/finance/autocallable_options/partial_exponential_state_preparation.py;/classiq/open_library.functions.grover.phase_oracle;Oracle;name;phase_oracle;1.0000;109;1.0000;
classiq-library/applications/finance/autocallable_options/partial_exponential_state_preparation.py;/qiskit/qiskit.circuit.library.phase_oracle.PhaseOracle;Oracle;name;phase_oracle;1.0000;109;1.0000;
classiq-library/applications/finance/autocallable_options/quantum_autocallable_option_pricing.py;/classiq/open_library.functions.state_preparation.prepare_exponential_state;Initialization;name;prepare_exponential_state;1.0000;351;1.0000;
classiq-library/applications/finance/brownian_chebyshev_polynomials/brownian_chebyshev_polynomials.py;/classiq/open_library.functions.utility_functions.hadamard_transform;Basis Change;name;hadamard_transform;1.0000;141;1.0000;
classiq-library/applications/finance/credit_card_fraud/credit_card_fraud.py;/classiq/open_library.functions.utility_functions.hadamard_transform;Basis Change;name;hadamard_transform;1.0000;451;1.0000;
classiq-library/applications/finance/hybrid_hhl_for_portfolio_optimization/portfolio_optimization_with_hhl.py;/qiskit-algorithms/qiskit_algorithms.minimum_eigensolvers.qaoa.QAOA;Quantum Approximate Optimization Algorithm (QAOA);summary;!/usr/bin/env python coding: utf-8 Portfolio Optimization with Hybrid HHL Algorithm 1. Introduction - portfolio optimization **Below we briefly presen...;0.7249;0;;0.7249
classiq-library/applications/finance/hybrid_hhl_for_portfolio_optimization/portfolio_optimization_with_hhl.py;expanded/qaoa;Quantum Approximate Optimization Algorithm (QAOA);summary;!/usr/bin/env python coding: utf-8 Portfolio Optimization with Hybrid HHL Algorithm 1. Introduction - portfolio optimization **Below we briefly presen...;0.7249;0;;0.7249
classiq-library/applications/finance/hybrid_hhl_for_portfolio_optimization/portfolio_optimization_with_hhl.py;expanded/QUBO_QAOA;Quantum Approximate Optimization Algorithm (QAOA);summary;!/usr/bin/env python coding: utf-8 Portfolio Optimization with Hybrid HHL Algorithm 1. Introduction - portfolio optimization **Below we briefly presen...;0.7249;0;;0.7249
classiq-library/applications/finance/hybrid_hhl_for_portfolio_optimization/portfolio_optimization_with_hhl.py;expanded/QUBO_QAOA_cvar;Quantum Approximate Optimization Algorithm (QAOA);summary;!/usr/bin/env python coding: utf-8 Portfolio Optimization with Hybrid HHL Algorithm 1. Introduction - portfolio optimization **Below we briefly presen...;0.7249;0;;0.7249
classiq-library/applications/finance/hybrid_hhl_for_portfolio_optimization/portfolio_optimization_with_hhl.py;expanded/optimize_qaoa_params;Quantum Approximate Optimization Algorithm (QAOA);summary;!/usr/bin/env python coding: utf-8 Portfolio Optimization with Hybrid HHL Algorithm 1. Introduction - portfolio optimization **Below we briefly presen...;0.7249;0;;0.7249
classiq-library/applications/finance/hybrid_hhl_for_portfolio_optimization/portfolio_optimization_with_hhl.py;expanded/QAOA_ansatz_for_Ising;Quantum Approximate Optimization Algorithm (QAOA);summary;!/usr/bin/env python coding: utf-8 Portfolio Optimization with Hybrid HHL Algorithm 1. Introduction - portfolio optimization **Below we briefly presen...;0.7249;0;;0.7249
classiq-library/applications/finance/hybrid_hhl_for_portfolio_optimization/portfolio_optimization_with_hhl.py;expanded/run_qiro;Quantum Approximate Optimization Algorithm (QAOA);summary;!/usr/bin/env python coding: utf-8 Portfolio Optimization with Hybrid HHL Algorithm 1. Introduction - portfolio optimization **Below we briefly presen...;0.7249;0;;0.7249
classiq-library/applications/finance/hybrid_hhl_for_portfolio_optimization/portfolio_optimization_with_hhl.py;expanded/QArray;Quantum Phase Estimation (QPE);name;QArray;1.0000;333;1.0000;
classiq-library/applications/finance/hybrid_hhl_for_portfolio_optimization/portfolio_optimization_with_hhl.py;/classiq/open_library.functions.qpe.qpe;Quantum Phase Estimation (QPE);name;qpe;1.0000;336;1.0000;
classiq-library/applications/finance/hybrid_hhl_for_portfolio_optimization/portfolio_optimization_with_hhl.py;/classiq/open_library.functions.swap_test.swap_test;SWAP Test;name;swap_test;1.0000;510;1.0000;
classiq-library/applications/finance/option_pricing/option_pricing.py;/pennylane/pennylane.templates.subroutines.qmc.QuantumMonteCarlo;Domain Specific Application;summary;!/usr/bin/env python coding: utf-8 Estimating European Option Price Using Amplitude Estimation In finance models it is often interesting to calculate ...;0.6609;0;;0.6609
classiq-library/applications/finance/portfolio_optimization/portfolio_optimization.py;/qiskit-algorithms/qiskit_algorithms.minimum_eigensolvers.qaoa.QAOA;Quantum Approximate Optimization Algorithm (QAOA);summary;!/usr/bin/env python coding: utf-8 Portfolio Optimization with the Quantum Approximate Optimization Algorithm (QAOA) Portfolio optimization [[1](#Port...;0.6681;0;;0.6681
classiq-library/applications/finance/portfolio_optimization/portfolio_optimization.py;expanded/qaoa;Quantum Approximate Optimization Algorithm (QAOA);summary;!/usr/bin/env python coding: utf-8 Portfolio Optimization with the Quantum Approximate Optimization Algorithm (QAOA) Portfolio optimization [[1](#Port...;0.6681;0;;0.6681
classiq-library/applications/finance/portfolio_optimization/portfolio_optimization.py;expanded/QUBO_QAOA;Quantum Approximate Optimization Algorithm (QAOA);summary;!/usr/bin/env python coding: utf-8 Portfolio Optimization with the Quantum Approximate Optimization Algorithm (QAOA) Portfolio optimization [[1](#Port...;0.6681;0;;0.6681
classiq-library/applications/finance/portfolio_optimization/portfolio_optimization.py;expanded/QUBO_QAOA_cvar;Quantum Approximate Optimization Algorithm (QAOA);summary;!/usr/bin/env python coding: utf-8 Portfolio Optimization with the Quantum Approximate Optimization Algorithm (QAOA) Portfolio optimization [[1](#Port...;0.6681;0;;0.6681
classiq-library/applications/finance/portfolio_optimization/portfolio_optimization.py;expanded/optimize_qaoa_params;Quantum Approximate Optimization Algorithm (QAOA);summary;!/usr/bin/env python coding: utf-8 Portfolio Optimization with the Quantum Approximate Optimization Algorithm (QAOA) Portfolio optimization [[1](#Port...;0.6681;0;;0.6681
classiq-library/applications/finance/portfolio_optimization/portfolio_optimization.py;expanded/QAOA_ansatz_for_Ising;Quantum Approximate Optimization Algorithm (QAOA);summary;!/usr/bin/env python coding: utf-8 Portfolio Optimization with the Quantum Approximate Optimization Algorithm (QAOA) Portfolio optimization [[1](#Port...;0.6681;0;;0.6681
classiq-library/applications/finance/portfolio_optimization/portfolio_optimization.py;expanded/run_qiro;Quantum Approximate Optimization Algorithm (QAOA);summary;!/usr/bin/env python coding: utf-8 Portfolio Optimization with the Quantum Approximate Optimization Algorithm (QAOA) Portfolio optimization [[1](#Port...;0.6681;0;;0.6681
classiq-library/applications/finance/portfolio_optimization_hhl/HHL_portfolio.py;/classiq/open_library.functions.qpe.qpe;Quantum Phase Estimation (QPE);name;qpe;1.0000;1790;1.0000;
classiq-library/applications/finance/rainbow_options/rainbow_options_direct_method.py;/classiq/open_library.functions.utility_functions.apply_to_all;Circuit Construction Utility;name;apply_to_all;1.0000;219;1.0000;
classiq-library/applications/finance/rainbow_options/rainbow_options_integration_method.py;/classiq/open_library.functions.state_preparation.prepare_exponential_state;Initialization;name;prepare_exponential_state;1.0000;216;1.0000;
classiq-library/applications/logistics/vehicle_routing_problem/vehicle_routing_problem.py;/classiq/open_library.functions.utility_functions.apply_to_all;Circuit Construction Utility;name;apply_to_all;1.0000;554;1.0000;
classiq-library/applications/logistics/vehicle_routing_problem/vehicle_routing_problem.py;/classiq/open_library.functions.utility_functions.hadamard_transform;Basis Change;name;hadamard_transform;1.0000;560;1.0000;
classiq-library/applications/optimization/adapt_qaoa/adapt_qaoa.py;/qiskit-algorithms/qiskit_algorithms.minimum_eigensolvers.qaoa.QAOA;Quantum Approximate Optimization Algorithm (QAOA);summary;"!/usr/bin/env python coding: utf-8 ADAPT QAOA The notebook demonstrates the solution of a generic optimization problem using both the ""vanilla"" QAOA (...";0.7322;0;;0.7322
classiq-library/applications/optimization/adapt_qaoa/adapt_qaoa.py;expanded/qaoa;Quantum Approximate Optimization Algorithm (QAOA);summary;"!/usr/bin/env python coding: utf-8 ADAPT QAOA The notebook demonstrates the solution of a generic optimization problem using both the ""vanilla"" QAOA (...";0.7322;0;;0.7322
classiq-library/applications/optimization/adapt_qaoa/adapt_qaoa.py;expanded/QUBO_QAOA;Quantum Approximate Optimization Algorithm (QAOA);summary;"!/usr/bin/env python coding: utf-8 ADAPT QAOA The notebook demonstrates the solution of a generic optimization problem using both the ""vanilla"" QAOA (...";0.7322;0;;0.7322
classiq-library/applications/optimization/adapt_qaoa/adapt_qaoa.py;expanded/QUBO_QAOA_cvar;Quantum Approximate Optimization Algorithm (QAOA);summary;"!/usr/bin/env python coding: utf-8 ADAPT QAOA The notebook demonstrates the solution of a generic optimization problem using both the ""vanilla"" QAOA (...";0.7322;0;;0.7322
classiq-library/applications/optimization/adapt_qaoa/adapt_qaoa.py;expanded/optimize_qaoa_params;Quantum Approximate Optimization Algorithm (QAOA);summary;"!/usr/bin/env python coding: utf-8 ADAPT QAOA The notebook demonstrates the solution of a generic optimization problem using both the ""vanilla"" QAOA (...";0.7322;0;;0.7322
classiq-library/applications/optimization/adapt_qaoa/adapt_qaoa.py;expanded/QAOA_ansatz_for_Ising;Quantum Approximate Optimization Algorithm (QAOA);summary;"!/usr/bin/env python coding: utf-8 ADAPT QAOA The notebook demonstrates the solution of a generic optimization problem using both the ""vanilla"" QAOA (...";0.7322;0;;0.7322
classiq-library/applications/optimization/adapt_qaoa/adapt_qaoa.py;expanded/run_qiro;Quantum Approximate Optimization Algorithm (QAOA);summary;"!/usr/bin/env python coding: utf-8 ADAPT QAOA The notebook demonstrates the solution of a generic optimization problem using both the ""vanilla"" QAOA (...";0.7322;0;;0.7322
classiq-library/applications/optimization/adapt_qaoa/adapt_qaoa.py;/classiq/open_library.functions.utility_functions.apply_to_all;Circuit Construction Utility;name;apply_to_all;1.0000;175;1.0000;
classiq-library/applications/optimization/adapt_qaoa/adapt_qaoa.py;/classiq/open_library.functions.utility_functions.hadamard_transform;Basis Change;name;hadamard_transform;1.0000;220;1.0000;
classiq-library/applications/optimization/adapt_qaoa/adapt_qaoa.py;/qiskit/qiskit.circuit.library.n_local.qaoa_ansatz.QAOAAnsatz;Quantum Approximate Optimization Algorithm (QAOA);name;qaoa_ansatz;1.0000;224;1.0000;
classiq-library/applications/optimization/adapt_qaoa/adapt_qaoa.py;/classiq/qmod.builtins.functions.exponentiation.suzuki_trotter;Hamiltonian Simulation;name;suzuki_trotter;1.0000;718;1.0000;
classiq-library/applications/optimization/variational_quantum_imaginary_time_evolution/variational_quantum_imaginary_time_evolution.py;/classiq/open_library.functions.utility_functions.hadamard_transform;Basis Change;name;hadamard_transform;1.0000;169;1.0000;
classiq-library/applications/physical_systems/hhl_lanchester/hhl_lanchester.py;expanded/QArray;Quantum Phase Estimation (QPE);name;QArray;1.0000;401;1.0000;
classiq-library/applications/physical_systems/hhl_lanchester/hhl_lanchester.py;/classiq/open_library.functions.qpe.qpe;Quantum Phase Estimation (QPE);name;qpe;1.0000;408;1.0000;
classiq-library/applications/physical_systems/hhl_lanchester/hhl_lanchester.py;/classiq/open_library.functions.swap_test.swap_test;SWAP Test;name;swap_test;1.0000;421;1.0000;
classiq-library/applications/physical_systems/quantum_chaos/quantum_sawtooth_map.py;/classiq/open_library.functions.qft_functions.qft;Basis Change;name;qft;1.0000;82;1.0000;
classiq-library/applications/physical_systems/quantum_chaos/quantum_sawtooth_map.py;/pennylane/pennylane.templates.subroutines.qft.QFT;Basis Change;name;qft;1.0000;82;1.0000;
classiq-library/applications/physical_systems/quantum_chaos/quantum_sawtooth_map.py;/qiskit/qiskit.circuit.library.basis_change.qft.QFT;Basis Change;name;qft;1.0000;82;1.0000;
classiq-library/applications/plasma/vlasov_ampere/vlasov_ampere.py;/classiq/open_library.functions.utility_functions.apply_to_all;Circuit Construction Utility;name;apply_to_all;1.0000;247;1.0000;
classiq-library/applications/plasma/vlasov_ampere/vlasov_ampere.py;/classiq/open_library.functions.lcu.lcu;Linear Combination of Unitaries;name;lcu;1.0000;263;1.0000;
classiq-library/applications/plasma/vlasov_ampere/vlasov_ampere.py;/classiq/open_library.functions.utility_functions.hadamard_transform;Basis Change;name;hadamard_transform;1.0000;494;1.0000;
classiq-library/applications/plasma/vlasov_ampere/vlasov_ampere.py;expanded/qsp_approximate;Domain Specific Application;name;qsp_approximate;1.0000;633;1.0000;
classiq-library/applications/plasma/vlasov_ampere/vlasov_ampere.py;expanded/qsvt_phases;Domain Specific Application;name;qsvt_phases;1.0000;642;1.0000;
classiq-library/applications/plasma/vlasov_ampere/vlasov_ampere.py;/classiq/open_library.functions.qsvt.qsvt_inversion;Domain Specific Application;name;qsvt_inversion;1.0000;671;1.0000;
classiq-library/applications/plasma/vlasov_ampere/vlasov_ampere_qiskit.py;/qiskit/qiskit.circuit.library.data_preparation.state_preparation.StatePreparation;Initialization;name;StatePreparation;1.0000;352;1.0000;
classiq-library/applications/plasma/vlasov_ampere/vlasov_ampere_qiskit.py;/classiq/open_library.functions.qsvt.projector_controlled_phase;Phase Shift;name;apply_projector_controlled_phase;0.9617;580;0.9617;
classiq-library/applications/plasma/vlasov_ampere/vlasov_ampere_qiskit.py;/classiq/open_library.functions.qsvt.qsvt_step;Domain Specific Application;name;apply_qsvt_step;0.9393;597;0.9393;
classiq-library/applications/telecom/network_traffic_optimization/network_traffic_optimization.py;/classiq/open_library.functions.utility_functions.apply_to_all;Circuit Construction Utility;name;apply_to_all;1.0000;441;1.0000;
classiq-library/applications/telecom/network_traffic_optimization/network_traffic_optimization.py;/classiq/open_library.functions.utility_functions.hadamard_transform;Basis Change;name;hadamard_transform;1.0000;450;1.0000;
classiq-library/applications/telecom/resiliency_planning/resiliency_planning.py;/classiq/open_library.functions.utility_functions.apply_to_all;Circuit Construction Utility;name;apply_to_all;1.0000;396;1.0000;
classiq-library/applications/telecom/resiliency_planning/resiliency_planning.py;/classiq/open_library.functions.utility_functions.hadamard_transform;Basis Change;name;hadamard_transform;1.0000;410;1.0000;
classiq-library/applications/telecom/resiliency_planning/resiliency_planning_AMD.py;/classiq/open_library.functions.utility_functions.apply_to_all;Circuit Construction Utility;name;apply_to_all;1.0000;402;1.0000;
classiq-library/applications/telecom/resiliency_planning/resiliency_planning_AMD.py;/classiq/open_library.functions.utility_functions.hadamard_transform;Basis Change;name;hadamard_transform;1.0000;416;1.0000;
classiq-library/community/Hackathons/QInnovision_2025/advection_equation/advection_equation_2nd_place_submission.py;/classiq/open_library.functions.utility_functions.hadamard_transform;Basis Change;name;hadamard_transform;1.0000;482;1.0000;
classiq-library/community/Hackathons/QInnovision_2025/advection_equation/advection_equation_winning_submission.py;/classiq/qmod.builtins.functions.exponentiation.suzuki_trotter;Hamiltonian Simulation;name;suzuki_trotter;1.0000;738;1.0000;
classiq-library/community/Hackathons/QInnovision_2025/advection_equation/advection_equation_winning_submission.py;expanded/QArray;Quantum Phase Estimation (QPE);name;QArray;1.0000;883;1.0000;
classiq-library/community/Hackathons/iQuHack_2025/Challenge/classiq_iQuHack_2025_final.py;/classiq/open_library.functions.utility_functions.hadamard_transform;Basis Change;name;hadamard_transform;1.0000;205;1.0000;
classiq-library/community/Hackathons/iQuHack_2025/Challenge_solution/our_solution/classiq_iQuHack_2025_final_sol.py;/classiq/open_library.functions.utility_functions.hadamard_transform;Basis Change;name;hadamard_transform;1.0000;358;1.0000;
classiq-library/community/Hackathons/iQuHack_2025/Challenge_solution/our_solution/classiq_iQuHack_2025_final_sol.py;/classiq/open_library.functions.amplitude_amplification.exact_amplitude_amplification;Amplitude Amplification;name;exact_amplitude_amplification;1.0000;373;1.0000;
classiq-library/community/Hackathons/iQuHack_2025/Workshop/WS_iQuHack_2025_final.py;/classiq/open_library.functions.utility_functions.hadamard_transform;Basis Change;name;hadamard_transform;1.0000;207;1.0000;
classiq-library/community/basic_examples/logical_qubits/logical_qubits_by_alice_and_bob.py;expanded/QArray;Quantum Phase Estimation (QPE);name;QArray;1.0000;205;1.0000;
classiq-library/community/basic_examples/logical_qubits/logical_qubits_by_alice_and_bob.py;/classiq/open_library.functions.swap_test.swap_test;SWAP Test;name;swap_test;1.0000;209;1.0000;
classiq-library/community/basic_examples/superposition/superposition.py;/classiq/open_library.functions.utility_functions.apply_to_all;Circuit Construction Utility;name;apply_to_all;1.0000;16;1.0000;
classiq-library/community/basic_examples/superposition/superposition.py;/classiq/open_library.functions.utility_functions.hadamard_transform;Basis Change;name;my_hadamard_transform;0.9305;22;0.9305;
classiq-library/community/basic_examples/vqe/vqe.py;/qiskit-algorithms/qiskit_algorithms.minimum_eigensolvers.adapt_vqe.AdaptVQE;Variational Quantum Eigensolver (VQE);summary;!/usr/bin/env python coding: utf-8 Variational Quantum Eigensolver (VQE) with Classiq The variational quantum eigensolver (VQE) is arguably the most c...;0.6920;0;;0.6920
classiq-library/community/basic_examples/vqe/vqe.py;/qiskit-algorithms/qiskit_algorithms.minimum_eigensolvers.sampling_vqe.SamplingVQE;Variational Quantum Eigensolver (VQE);summary;!/usr/bin/env python coding: utf-8 Variational Quantum Eigensolver (VQE) with Classiq The variational quantum eigensolver (VQE) is arguably the most c...;0.7291;0;;0.7291
classiq-library/community/basic_examples/vqe/vqe.py;/qiskit-algorithms/qiskit_algorithms.minimum_eigensolvers.vqe.VQE;Variational Quantum Eigensolver (VQE);summary;!/usr/bin/env python coding: utf-8 Variational Quantum Eigensolver (VQE) with Classiq The variational quantum eigensolver (VQE) is arguably the most c...;0.7466;0;;0.7466
classiq-library/community/basic_examples/vqe/vqe.py;expanded/adapt_vqe_ansatz;Variational Quantum Eigensolver (VQE);summary;!/usr/bin/env python coding: utf-8 Variational Quantum Eigensolver (VQE) with Classiq The variational quantum eigensolver (VQE) is arguably the most c...;0.6920;0;;0.6920
classiq-library/community/basic_examples/vqe/vqe.py;expanded/VqlsOptimizer;Variational Quantum Eigensolver (VQE);summary;!/usr/bin/env python coding: utf-8 Variational Quantum Eigensolver (VQE) with Classiq The variational quantum eigensolver (VQE) is arguably the most c...;0.7466;0;;0.7466
classiq-library/community/basic_examples/vqe/vqe.py;expanded/get_qc;Variational Quantum Eigensolver (VQE);summary;!/usr/bin/env python coding: utf-8 Variational Quantum Eigensolver (VQE) with Classiq The variational quantum eigensolver (VQE) is arguably the most c...;0.7466;0;;0.7466
classiq-library/community/basic_examples/vqe/vqe.py;expanded/adapt_layer;Variational Quantum Eigensolver (VQE);summary;!/usr/bin/env python coding: utf-8 Variational Quantum Eigensolver (VQE) with Classiq The variational quantum eigensolver (VQE) is arguably the most c...;0.6920;0;;0.6920
classiq-library/community/paper_implementation_project/Block_encoding-ND_Laplacian/ND_Laplacian_BE.py;/pennylane/pennylane.templates.subroutines.fable.FABLE;Data Encoding;summary;!/usr/bin/env python coding: utf-8 A block encoding circuit for a D-dimensional Laplacian with periodic boundary conditions ___ This work is an implem...;0.6506;0;;0.6506
classiq-library/community/paper_implementation_project/Block_encoding-ND_Laplacian/ND_Laplacian_BE.py;/classiq/open_library.functions.utility_functions.apply_to_all;Circuit Construction Utility;name;apply_to_all;1.0000;419;1.0000;
classiq-library/community/paper_implementation_project/Block_encoding-ND_Laplacian/ND_Laplacian_BE.py;expanded/QArray;Quantum Phase Estimation (QPE);name;QArray;1.0000;422;1.0000;
classiq-library/community/paper_implementation_project/block_encoding/select_structures_BE.py;/classiq/open_library.functions.qsvt.qsvt;Domain Specific Application;summary;!/usr/bin/env python coding: utf-8 Block encoding of select structured matrices ___ This work is an implementation of the paper on **Block-encoding st...;0.6668;0;;0.6668
classiq-library/community/paper_implementation_project/block_encoding/select_structures_BE.py;/pennylane/pennylane.templates.subroutines.fable.FABLE;Data Encoding;summary;!/usr/bin/env python coding: utf-8 Block encoding of select structured matrices ___ This work is an implementation of the paper on **Block-encoding st...;0.7289;0;;0.7289
classiq-library/community/paper_implementation_project/block_encoding/select_structures_BE.py;expanded/qsvt_phases;Domain Specific Application;summary;!/usr/bin/env python coding: utf-8 Block encoding of select structured matrices ___ This work is an implementation of the paper on **Block-encoding st...;0.6668;0;;0.6668
classiq-library/community/paper_implementation_project/block_encoding/select_structures_BE.py;expanded/parse_qsvt_results;Domain Specific Application;summary;!/usr/bin/env python coding: utf-8 Block encoding of select structured matrices ___ This work is an implementation of the paper on **Block-encoding st...;0.6668;0;;0.6668
classiq-library/community/paper_implementation_project/block_encoding/select_structures_BE.py;expanded/qsvt_sqrt_polynomial;Domain Specific Application;summary;!/usr/bin/env python coding: utf-8 Block encoding of select structured matrices ___ This work is an implementation of the paper on **Block-encoding st...;0.6668;0;;0.6668
classiq-library/community/paper_implementation_project/block_encoding/select_structures_BE.py;expanded/be_qfunc;Domain Specific Application;summary;!/usr/bin/env python coding: utf-8 Block encoding of select structured matrices ___ This work is an implementation of the paper on **Block-encoding st...;0.6668;0;;0.6668
classiq-library/community/paper_implementation_project/block_encoding/select_structures_BE.py;/qiskit/qiskit.circuit.library.generalized_gates.diagonal.Diagonal;Circuit Construction Utility;name;diagonal;1.0000;154;1.0000;
classiq-library/community/paper_implementation_project/block_encoding/select_structures_BE.py;expanded/QArray;Quantum Phase Estimation (QPE);name;QArray;1.0000;396;1.0000;
classiq-library/community/paper_implementation_project/block_encoding/select_structures_BE.py;/classiq/open_library.functions.utility_functions.apply_to_all;Circuit Construction Utility;name;apply_to_all;1.0000;440;1.0000;
classiq-library/community/paper_implementation_project/bpde/bpde.py;expanded/QArray;Quantum Phase Estimation (QPE);name;QArray;1.0000;200;1.0000;
classiq-library/community/paper_implementation_project/bpde/bpde.py;/classiq/open_library.functions.state_preparation.prepare_basis_state;Initialization;name;prepare_basis_state;1.0000;205;1.0000;
classiq-library/community/paper_implementation_project/bpde/bpde.py;/classiq/qmod.builtins.functions.exponentiation.suzuki_trotter;Hamiltonian Simulation;name;suzuki_trotter;1.0000;210;1.0000;
classiq-library/community/paper_implementation_project/classical_shadows/classical_shadows.py;/classiq/open_library.functions.state_preparation.prepare_bell_state;Creating Entanglement;name;prepare_bell_state;1.0000;123;1.0000;
classiq-library/community/paper_implementation_project/explicit_quantum_circuits_for_block_encoding/quantum_walks_via_efficient_blockencoding.py;/pennylane/pennylane.templates.subroutines.fable.FABLE;Data Encoding;summary;!/usr/bin/env python coding: utf-8 Quantum walks via efficient block encoding circuits This notebook was developed as part of “**Implementation Challe...;0.7200;0;;0.7200
classiq-library/community/paper_implementation_project/explicit_quantum_circuits_for_block_encoding/quantum_walks_via_efficient_blockencoding.py;expanded/QArray;Quantum Phase Estimation (QPE);name;QArray;1.0000;276;1.0000;
classiq-library/community/paper_implementation_project/explicit_quantum_circuits_for_block_encoding/quantum_walks_via_efficient_blockencoding.py;/classiq/open_library.functions.utility_functions.hadamard_transform;Basis Change;name;hadamard_transform;1.0000;363;1.0000;
classiq-library/community/paper_implementation_project/quantum_compression_algorithm_for_symmetric_states/quantum_compression_algorithm_for_symmetric_states.py;/qiskit/qiskit.circuit.library.generalized_gates.permutation.Permutation;Circuit Construction Utility;summary;!/usr/bin/env python coding: utf-8 Paper implementation challenge - Quantum Compression Algorithm for Symmetric States This notebook is part of the pa...;0.6575;0;;0.6575
classiq-library/community/paper_implementation_project/quantum_compression_algorithm_for_symmetric_states/quantum_compression_algorithm_for_symmetric_states.py;/classiq/open_library.functions.utility_functions.hadamard_transform;Basis Change;name;hadamard_transform;1.0000;320;1.0000;
classiq-library/community/paper_implementation_project/quantum_state_preparation_without_coherent_arithmetic/stateprep_guassian_using_qsvt.py;/classiq/open_library.functions.qsvt.gqsp;Domain Specific Application;summary;!/usr/bin/env python coding: utf-8 Quantum state preparation without coherent arithmetic This notebook implements a quantum state preparation circuit ...;0.6528;0;;0.6528
classiq-library/community/paper_implementation_project/quantum_state_preparation_without_coherent_arithmetic/stateprep_guassian_using_qsvt.py;expanded/gqsp_phases;Domain Specific Application;summary;!/usr/bin/env python coding: utf-8 Quantum state preparation without coherent arithmetic This notebook implements a quantum state preparation circuit ...;0.6528;0;;0.6528
classiq-library/community/paper_implementation_project/quantum_state_preparation_without_coherent_arithmetic/stateprep_guassian_using_qsvt.py;expanded/from_qsp_polynomial;Domain Specific Application;summary;!/usr/bin/env python coding: utf-8 Quantum state preparation without coherent arithmetic This notebook implements a quantum state preparation circuit ...;0.6528;0;;0.6528
classiq-library/community/paper_implementation_project/quantum_state_preparation_without_coherent_arithmetic/stateprep_guassian_using_qsvt.py;expanded/qsp_approximate;Domain Specific Application;name;qsp_approximate;1.0000;188;1.0000;
classiq-library/community/paper_implementation_project/quantum_state_preparation_without_coherent_arithmetic/stateprep_guassian_using_qsvt.py;expanded/qsvt_phases;Domain Specific Application;name;qsvt_phases;1.0000;196;1.0000;
classiq-library/community/paper_implementation_project/quantum_state_preparation_without_coherent_arithmetic/stateprep_guassian_using_qsvt.py;/classiq/open_library.functions.qsvt.qsvt_lcu;Domain Specific Application;name;qsvt_lcu;1.0000;223;1.0000;
classiq-library/community/paper_implementation_project/quantum_state_preparation_without_coherent_arithmetic/stateprep_guassian_using_qsvt.py;/classiq/open_library.functions.utility_functions.hadamard_transform;Basis Change;name;hadamard_transform;1.0000;306;1.0000;
classiq-library/community/paper_implementation_project/quantum_state_preparation_without_coherent_arithmetic/stateprep_guassian_using_qsvt.py;/classiq/open_library.functions.amplitude_amplification.exact_amplitude_amplification;Amplitude Amplification;name;exact_amplitude_amplification;1.0000;318;1.0000;
classiq-library/community/paper_implementation_project/quantum_state_preparation_without_coherent_arithmetic/stateprep_guassian_using_qsvt.py;expanded/parse_qsvt_results;Domain Specific Application;name;parse_qsvt_results;1.0000;420;1.0000;
classiq-library/functions/function_usage_examples/arithmetic/comparator/comparator_example.py;/qiskit/qiskit.circuit.library.arithmetic.integer_comparator.IntegerComparatorGate;Quantum Arithmetic;summary;!/usr/bin/env python coding: utf-8 Comparators The following comparators are supported: - Equal (denoted as '==') - NotEqual (denoted as '!=') - Great...;0.7171;0;;0.7171
classiq-library/functions/function_usage_examples/arithmetic/comparator/comparator_example.py;/classiq/open_library.functions.utility_functions.hadamard_transform;Basis Change;name;hadamard_transform;1.0000;71;1.0000;
classiq-library/functions/function_usage_examples/arithmetic/extremum/extremum_example.py;/classiq/open_library.functions.utility_functions.hadamard_transform;Basis Change;name;hadamard_transform;1.0000;27;1.0000;
classiq-library/functions/function_usage_examples/arithmetic/modular_exp/modular_exp_example.py;/classiq/open_library.functions.modular_exponentiation.inplace_c_modular_multiply;Quantum Arithmetic;summary;!/usr/bin/env python coding: utf-8 Modular Exponentiation The `modular_exp` function raises a classical integer `a` to the power of a quantum number `...;0.6608;0;;0.6608
classiq-library/functions/function_usage_examples/arithmetic/modular_exp/modular_exp_example.py;/classiq/open_library.functions.modular_exponentiation.inplace_modular_multiply;Quantum Arithmetic;summary;!/usr/bin/env python coding: utf-8 Modular Exponentiation The `modular_exp` function raises a classical integer `a` to the power of a quantum number `...;0.6540;0;;0.6540
classiq-library/functions/function_usage_examples/arithmetic/modular_exp/modular_exp_example.py;/classiq/open_library.functions.utility_functions.hadamard_transform;Basis Change;name;hadamard_transform;1.0000;39;1.0000;
classiq-library/functions/function_usage_examples/arithmetic/modular_exp/modular_exp_example.py;/classiq/open_library.functions.modular_exponentiation.modular_exp;Quantum Arithmetic;name;modular_exp;1.0000;41;1.0000;0.7464
classiq-library/functions/function_usage_examples/arithmetic/multiplication/multiplication.py;/classiq/open_library.functions.utility_functions.hadamard_transform;Basis Change;name;hadamard_transform;1.0000;77;1.0000;
classiq-library/functions/function_usage_examples/arithmetic/negation/negation_example.py;/classiq/open_library.functions.utility_functions.hadamard_transform;Basis Change;name;hadamard_transform;1.0000;22;1.0000;
classiq-library/functions/function_usage_examples/mcx/mcx_example.py;/qiskit/qiskit.circuit.library.boolean_logic.quantum_and.AndGate;Quantum Logical Operators;summary;!/usr/bin/env python coding: utf-8 Multi-Control-X The multi-control-X applies X gate to one target qubit bit only if the logical AND of all control q...;0.6629;0;;0.6629
classiq-library/functions/qmod_library_reference/classiq_open_library/amplitude_amplification/exact_amplitude_amplification.py;/classiq/open_library.functions.amplitude_amplification.amplitude_amplification;Amplitude Amplification;summary;!/usr/bin/env python coding: utf-8 Exact Amplitude Amplification The following is a usage example for the `exact_amplitude_amplification` function. We...;0.7357;0;;0.7357
classiq-library/functions/qmod_library_reference/classiq_open_library/amplitude_amplification/exact_amplitude_amplification.py;/classiq/open_library.functions.amplitude_amplification.exact_amplitude_amplification;Amplitude Amplification;name;exact_amplitude_amplification;1.0000;35;1.0000;
classiq-library/functions/qmod_library_reference/classiq_open_library/grover_operator/grover_operator.py;/classiq/open_library.functions.amplitude_amplification.amplitude_amplification;Amplitude Amplification;summary;!/usr/bin/env python coding: utf-8 Grover Operator The Grover operator is a unitary used in amplitude estimation and amplitude amplification algorithm...;0.7407;0;;0.7407
classiq-library/functions/qmod_library_reference/classiq_open_library/grover_operator/grover_operator.py;/classiq/open_library.functions.grover.grover_search;Grover;summary;!/usr/bin/env python coding: utf-8 Grover Operator The Grover operator is a unitary used in amplitude estimation and amplitude amplification algorithm...;0.7001;0;;0.7001
classiq-library/functions/qmod_library_reference/classiq_open_library/grover_operator/grover_operator.py;/qiskit-algorithms/qiskit_algorithms.amplitude_amplifiers.grover.Grover;Grover;summary;!/usr/bin/env python coding: utf-8 Grover Operator The Grover operator is a unitary used in amplitude estimation and amplitude amplification algorithm...;0.6860;0;;0.6860
classiq-library/functions/qmod_library_reference/classiq_open_library/grover_operator/grover_operator.py;expanded/repeat_grover_until_success;Grover;summary;!/usr/bin/env python coding: utf-8 Grover Operator The Grover operator is a unitary used in amplitude estimation and amplitude amplification algorithm...;0.6860;0;;0.6860
classiq-library/functions/qmod_library_reference/classiq_open_library/grover_operator/grover_operator.py;expanded/GroverOptimizer;Grover;summary;!/usr/bin/env python coding: utf-8 Grover Operator The Grover operator is a unitary used in amplitude estimation and amplitude amplification algorithm...;0.6860;0;;0.6860
classiq-library/functions/qmod_library_reference/classiq_open_library/grover_operator/grover_operator.py;/classiq/open_library.functions.utility_functions.hadamard_transform;Basis Change;name;hadamard_transform;1.0000;69;1.0000;
classiq-library/functions/qmod_library_reference/classiq_open_library/grover_operator/grover_operator.py;/classiq/open_library.functions.grover.grover_operator;Amplitude Amplification;name;grover_operator;1.0000;73;1.0000;
classiq-library/functions/qmod_library_reference/classiq_open_library/grover_operator/grover_operator.py;/pennylane/pennylane.templates.subroutines.grover.GroverOperator;Grover;name;grover_operator;1.0000;73;1.0000;
classiq-library/functions/qmod_library_reference/classiq_open_library/grover_operator/grover_operator.py;/qiskit/qiskit.circuit.library.grover_operator.GroverOperator;Grover;name;grover_operator;1.0000;73;1.0000;
classiq-library/functions/qmod_library_reference/classiq_open_library/grover_operator/grover_operator.py;/classiq/open_library.functions.grover.phase_oracle;Oracle;name;phase_oracle;1.0000;74;1.0000;
classiq-library/functions/qmod_library_reference/classiq_open_library/grover_operator/grover_operator.py;/qiskit/qiskit.circuit.library.phase_oracle.PhaseOracle;Oracle;name;phase_oracle;1.0000;74;1.0000;
classiq-library/functions/qmod_library_reference/classiq_open_library/hadamard_transform/hadamard_transform.py;/classiq/open_library.functions.utility_functions.hadamard_transform;Basis Change;name;hadamard_transform;1.0000;28;1.0000;0.7184
classiq-library/functions/qmod_library_reference/classiq_open_library/linear_pauli_rotations/linear_pauli_rotations.py;/pennylane/pennylane.templates.subroutines.select_pauli_rot.SelectPauliRot;Circuit Construction Utility;summary;!/usr/bin/env python coding: utf-8 Linear Pauli Rotations This function performs a rotation on a series of $m$ target qubits, where the rotation angle...;0.6587;0;;0.6587
classiq-library/functions/qmod_library_reference/classiq_open_library/linear_pauli_rotations/linear_pauli_rotations.py;/classiq/open_library.functions.linear_pauli_rotation.linear_pauli_rotations;Data Encoding;name;linear_pauli_rotations;1.0000;73;1.0000;0.7753
classiq-library/functions/qmod_library_reference/classiq_open_library/qct_qst/qct_qst.py;/classiq/open_library.functions.discrete_sine_cosine_transform.qct_qst_type1;Basis Change;name;qct_qst_type1;1.0000;100;1.0000;0.7535
classiq-library/functions/qmod_library_reference/classiq_open_library/qct_qst/qct_qst.py;/classiq/open_library.functions.discrete_sine_cosine_transform.qct_qst_type2;Basis Change;name;qct_qst_type2;1.0000;237;1.0000;0.7579
classiq-library/functions/qmod_library_reference/classiq_open_library/qct_qst/qct_qst.py;/classiq/open_library.functions.discrete_sine_cosine_transform.qct_type2;Basis Change;name;qct_type2;1.0000;327;1.0000;0.7251
classiq-library/functions/qmod_library_reference/classiq_open_library/qct_qst/qct_qst.py;/classiq/open_library.functions.discrete_sine_cosine_transform.qst_type2;Basis Change;name;qst_type2;1.0000;355;1.0000;0.7254
classiq-library/functions/qmod_library_reference/classiq_open_library/qft/qft.py;/classiq/open_library.functions.qft_functions.qft_no_swap;Basis Change;summary;!/usr/bin/env python coding: utf-8 Quantum Fourier Transform The quantum Fourier transform (QFT) function is the quantum analog for discrete Fourier t...;0.6635;0;;0.6635
classiq-library/functions/qmod_library_reference/classiq_open_library/qft/qft.py;/classiq/open_library.functions.qft_functions.qft;Basis Change;name;qft;1.0000;34;1.0000;0.7352
classiq-library/functions/qmod_library_reference/classiq_open_library/qft/qft.py;/pennylane/pennylane.templates.subroutines.qft.QFT;Basis Change;name;qft;1.0000;34;1.0000;
classiq-library/functions/qmod_library_reference/classiq_open_library/qft/qft.py;/qiskit/qiskit.circuit.library.basis_change.qft.QFT;Basis Change;name;qft;1.0000;34;1.0000;
classiq-library/functions/qmod_library_reference/classiq_open_library/qpe/qpe.py;/pennylane/pennylane.templates.subroutines.qpe.QuantumPhaseEstimation;Quantum Phase Estimation (QPE);summary;!/usr/bin/env python coding: utf-8 Quantum Phase Estimation The quantum phase estimation (QPE) function estimates the phase of an eigenvector of a uni...;0.6501;0;;0.6501
classiq-library/functions/qmod_library_reference/classiq_open_library/qpe/qpe.py;/qiskit-algorithms/qiskit_algorithms.amplitude_estimators.ae.AmplitudeEstimation;Quantum Amplitude Estimation;summary;!/usr/bin/env python coding: utf-8 Quantum Phase Estimation The quantum phase estimation (QPE) function estimates the phase of an eigenvector of a uni...;0.7313;0;;0.7313
classiq-library/functions/qmod_library_reference/classiq_open_library/qpe/qpe.py;/qiskit-algorithms/qiskit_algorithms.phase_estimators.hamiltonian_phase_estimation.HamiltonianPhaseEstimation;Quantum Phase Estimation (QPE);summary;!/usr/bin/env python coding: utf-8 Quantum Phase Estimation The quantum phase estimation (QPE) function estimates the phase of an eigenvector of a uni...;0.7155;0;;0.7155
classiq-library/functions/qmod_library_reference/classiq_open_library/qpe/qpe.py;/qiskit-algorithms/qiskit_algorithms.phase_estimators.ipe.IterativePhaseEstimation;Quantum Phase Estimation (QPE);summary;!/usr/bin/env python coding: utf-8 Quantum Phase Estimation The quantum phase estimation (QPE) function estimates the phase of an eigenvector of a uni...;0.7285;0;;0.7285
classiq-library/functions/qmod_library_reference/classiq_open_library/qpe/qpe.py;/qiskit-algorithms/qiskit_algorithms.phase_estimators.phase_estimation.PhaseEstimation;Quantum Phase Estimation (QPE);summary;!/usr/bin/env python coding: utf-8 Quantum Phase Estimation The quantum phase estimation (QPE) function estimates the phase of an eigenvector of a uni...;0.7191;0;;0.7191
classiq-library/functions/qmod_library_reference/classiq_open_library/qpe/qpe.py;expanded/run_quantum_phase_estimation;Quantum Phase Estimation (QPE);summary;!/usr/bin/env python coding: utf-8 Quantum Phase Estimation The quantum phase estimation (QPE) function estimates the phase of an eigenvector of a uni...;0.7155;0;;0.7155
classiq-library/functions/qmod_library_reference/classiq_open_library/qpe/qpe.py;expanded/get_quantum_phase_estimation_results;Quantum Phase Estimation (QPE);summary;!/usr/bin/env python coding: utf-8 Quantum Phase Estimation The quantum phase estimation (QPE) function estimates the phase of an eigenvector of a uni...;0.7155;0;;0.7155
classiq-library/functions/qmod_library_reference/classiq_open_library/qpe/qpe.py;expanded/quantum_phase_estimation_circuit;Quantum Phase Estimation (QPE);summary;!/usr/bin/env python coding: utf-8 Quantum Phase Estimation The quantum phase estimation (QPE) function estimates the phase of an eigenvector of a uni...;0.7155;0;;0.7155
classiq-library/functions/qmod_library_reference/classiq_open_library/qpe/qpe.py;expanded/get_qpe_precision;Quantum Phase Estimation (QPE);summary;!/usr/bin/env python coding: utf-8 Quantum Phase Estimation The quantum phase estimation (QPE) function estimates the phase of an eigenvector of a uni...;0.8643;0;;0.8643
classiq-library/functions/qmod_library_reference/classiq_open_library/qpe/qpe.py;expanded/QControlBox;Quantum Phase Estimation (QPE);summary;!/usr/bin/env python coding: utf-8 Quantum Phase Estimation The quantum phase estimation (QPE) function estimates the phase of an eigenvector of a uni...;0.8386;0;;0.8386
classiq-library/functions/qmod_library_reference/classiq_open_library/qpe/qpe.py;expanded/normalize_hamiltonian;Quantum Phase Estimation (QPE);summary;!/usr/bin/env python coding: utf-8 Quantum Phase Estimation The quantum phase estimation (QPE) function estimates the phase of an eigenvector of a uni...;0.7155;0;;0.7155
classiq-library/functions/qmod_library_reference/classiq_open_library/qpe/qpe.py;expanded/QArray;Quantum Phase Estimation (QPE);summary;!/usr/bin/env python coding: utf-8 Quantum Phase Estimation The quantum phase estimation (QPE) function estimates the phase of an eigenvector of a uni...;0.8643;0;;0.8643
classiq-library/functions/qmod_library_reference/classiq_open_library/qpe/qpe.py;/classiq/open_library.functions.qpe.qpe;Quantum Phase Estimation (QPE);name;qpe;1.0000;70;1.0000;0.8643
classiq-library/functions/qmod_library_reference/classiq_open_library/qpe/qpe.py;/classiq/open_library.functions.utility_functions.hadamard_transform;Basis Change;name;hadamard_transform;1.0000;129;1.0000;
classiq-library/functions/qmod_library_reference/classiq_open_library/qpe/qpe.py;/classiq/open_library.functions.qpe.qpe_flexible;Quantum Phase Estimation (QPE);name;qpe_flexible;1.0000;130;1.0000;0.8386
classiq-library/functions/qmod_library_reference/classiq_open_library/qpe/qpe.py;expanded/my_qpe_flexible;Quantum Phase Estimation (QPE);name;qpe_flexible;0.9165;130;0.9165;0.8386
classiq-library/functions/qmod_library_reference/classiq_open_library/qpe/qpe.py;/classiq/qmod.builtins.functions.exponentiation.suzuki_trotter;Hamiltonian Simulation;name;suzuki_trotter;1.0000;131;1.0000;
classiq-library/functions/qmod_library_reference/classiq_open_library/qsvt/qsvt.py;/classiq/open_library.functions.qsvt.qsvt_step;Domain Specific Application;summary;!/usr/bin/env python coding: utf-8 QSVT The Quantum Singlar Value Transformation (QSVT) [[1]](#QSVT) is an algorithmic framework, used to apply polyno...;0.7433;0;;0.7433
classiq-library/functions/qmod_library_reference/classiq_open_library/qsvt/qsvt.py;/classiq/open_library.functions.qsvt.qsvt_lcu_step;Domain Specific Application;summary;!/usr/bin/env python coding: utf-8 QSVT The Quantum Singlar Value Transformation (QSVT) [[1]](#QSVT) is an algorithmic framework, used to apply polyno...;0.6837;0;;0.6837
classiq-library/functions/qmod_library_reference/classiq_open_library/qsvt/qsvt.py;/classiq/open_library.functions.qsvt.qsvt_lcu;Domain Specific Application;summary;!/usr/bin/env python coding: utf-8 QSVT The Quantum Singlar Value Transformation (QSVT) [[1]](#QSVT) is an algorithmic framework, used to apply polyno...;0.6717;0;;0.6717
classiq-library/functions/qmod_library_reference/classiq_open_library/qsvt/qsvt.py;expanded/be_qfunc;Domain Specific Application;summary;!/usr/bin/env python coding: utf-8 QSVT The Quantum Singlar Value Transformation (QSVT) [[1]](#QSVT) is an algorithmic framework, used to apply polyno...;0.8156;0;;0.8156
classiq-library/functions/qmod_library_reference/classiq_open_library/qsvt/qsvt.py;/classiq/open_library.functions.utility_functions.hadamard_transform;Basis Change;name;hadamard_transform;1.0000;61;1.0000;
classiq-library/functions/qmod_library_reference/classiq_open_library/qsvt/qsvt.py;/classiq/open_library.functions.qsvt.qsvt;Domain Specific Application;name;qsvt;1.0000;69;1.0000;0.8156
classiq-library/functions/qmod_library_reference/classiq_open_library/qsvt/qsvt.py;/pennylane/pennylane.templates.subroutines.qsvt.QSVT;Domain Specific Application;name;qsvt;1.0000;69;1.0000;0.6847
classiq-library/functions/qmod_library_reference/classiq_open_library/qsvt/qsvt.py;expanded/qsvt_phases;Domain Specific Application;name;qsvt_phases;1.0000;142;1.0000;0.8156
classiq-library/functions/qmod_library_reference/classiq_open_library/qsvt/qsvt.py;expanded/qsvt_sqrt_polynomial;Domain Specific Application;name;qsvt_sqrt_polynomial;1.0000;161;1.0000;0.8156
classiq-library/functions/qmod_library_reference/classiq_open_library/qsvt/qsvt.py;expanded/parse_qsvt_results;Domain Specific Application;name;parse_qsvt_results;1.0000;188;1.0000;0.8156
classiq-library/functions/qmod_library_reference/classiq_open_library/special_state_preparations/prepare_bell_state.py;/classiq/open_library.functions.state_preparation.prepare_bell_state;Creating Entanglement;name;prepare_bell_state;1.0000;48;1.0000;0.6666
classiq-library/functions/qmod_library_reference/classiq_open_library/special_state_preparations/prepare_exponential_state.py;/classiq/open_library.functions.state_preparation.prepare_exponential_state;Initialization;name;prepare_exponential_state;1.0000;47;1.0000;
classiq-library/functions/qmod_library_reference/classiq_open_library/special_state_preparations/prepare_ghz_state.py;/classiq/open_library.functions.state_preparation.prepare_ghz_state;Creating Entanglement;name;prepare_ghz_state;1.0000;30;1.0000;
classiq-library/functions/qmod_library_reference/classiq_open_library/special_state_preparations/prepare_partial_uniform_state.py;/classiq/open_library.functions.state_preparation.prepare_uniform_trimmed_state;Initialization;name;prepare_uniform_trimmed_state;1.0000;36;1.0000;
classiq-library/functions/qmod_library_reference/classiq_open_library/special_state_preparations/prepare_partial_uniform_state.py;/classiq/open_library.functions.state_preparation.prepare_uniform_interval_state;Initialization;name;prepare_uniform_interval_state;1.0000;88;1.0000;
classiq-library/functions/qmod_library_reference/classiq_open_library/variational_data_encoding/variational_data_encoding.py;/pennylane/pennylane.templates.embeddings.angle.AngleEmbedding;Data Encoding;summary;!/usr/bin/env python coding: utf-8 Variational Data Encoding Encoding classical data on quantum states is an important subroutine in variational quant...;0.7446;0;;0.7446
classiq-library/functions/qmod_library_reference/classiq_open_library/variational_data_encoding/variational_data_encoding.py;/classiq/open_library.functions.variational.encode_in_angle;Data Encoding;name;encode_in_angle;1.0000;31;1.0000;0.6802
classiq-library/functions/qmod_library_reference/classiq_open_library/variational_data_encoding/variational_data_encoding.py;/classiq/open_library.functions.variational.encode_on_bloch;Data Encoding;name;encode_on_bloch;1.0000;73;1.0000;0.6627
classiq-library/functions/qmod_library_reference/qmod_core_library/hamiltonian_evolution/suzuki_trotter/suzuki_trotter.py;/classiq/qmod.builtins.functions.exponentiation.suzuki_trotter;Hamiltonian Simulation;name;suzuki_trotter;1.0000;45;1.0000;
classiq-library/functions/qmod_library_reference/qmod_core_library/prepare_state_and_amplitudes/prepare_state_and_amplitudes.py;/classiq/open_library.functions.state_preparation.inplace_prepare_sparse_amplitudes;Initialization;summary;!/usr/bin/env python coding: utf-8 State Preparation Most quantum applications start with preparing a state in a quantum register. For example, in fin...;0.6808;0;;0.6808
classiq-library/functions/qmod_library_reference/qmod_core_library/prepare_state_and_amplitudes/prepare_state_and_amplitudes.py;/classiq/open_library.functions.state_preparation.prepare_sparse_amplitudes;Initialization;summary;!/usr/bin/env python coding: utf-8 State Preparation Most quantum applications start with preparing a state in a quantum register. For example, in fin...;0.6729;0;;0.6729
classiq-library/tutorials/advanced_tutorials/discrete_quantum_walk/discrete_quantum_walk.py;/classiq/open_library.functions.state_preparation.prepare_uniform_trimmed_state;Initialization;name;prepare_uniform_trimmed_state;1.0000;360;1.0000;
classiq-library/tutorials/advanced_tutorials/discrete_quantum_walk/discrete_quantum_walk.py;/classiq/open_library.functions.grover.grover_diffuser;Amplitude Amplification;name;grover_diffuser;1.0000;363;1.0000;
classiq-library/tutorials/advanced_tutorials/discrete_quantum_walk_2d/discrete_time_quantum_walk.py;/classiq/open_library.functions.utility_functions.hadamard_transform;Basis Change;name;hadamard_transform;1.0000;78;1.0000;
classiq-library/tutorials/advanced_tutorials/discrete_quantum_walk_2d/discrete_time_quantum_walk.py;/classiq/open_library.functions.grover.grover_diffuser;Amplitude Amplification;name;grover_diffuser;1.0000;225;1.0000;
classiq-library/tutorials/advanced_tutorials/high_level_modeling_flexible_qpe/high_level_modeling_flexible_qpe.py;/classiq/open_library.functions.qpe.qpe;Quantum Phase Estimation (QPE);summary;!/usr/bin/env python coding: utf-8 Designing Quantum Algorithms with Second Order Functions: A Flexible QPE Quantum Phase Estimation (QPE) is a fundam...;0.7459;0;;0.7459
classiq-library/tutorials/advanced_tutorials/high_level_modeling_flexible_qpe/high_level_modeling_flexible_qpe.py;/qiskit-algorithms/qiskit_algorithms.amplitude_estimators.ae.AmplitudeEstimation;Quantum Amplitude Estimation;summary;!/usr/bin/env python coding: utf-8 Designing Quantum Algorithms with Second Order Functions: A Flexible QPE Quantum Phase Estimation (QPE) is a fundam...;0.7005;0;;0.7005
classiq-library/tutorials/advanced_tutorials/high_level_modeling_flexible_qpe/high_level_modeling_flexible_qpe.py;/qiskit-algorithms/qiskit_algorithms.phase_estimators.ipe.IterativePhaseEstimation;Quantum Phase Estimation (QPE);summary;!/usr/bin/env python coding: utf-8 Designing Quantum Algorithms with Second Order Functions: A Flexible QPE Quantum Phase Estimation (QPE) is a fundam...;0.7012;0;;0.7012
classiq-library/tutorials/advanced_tutorials/high_level_modeling_flexible_qpe/high_level_modeling_flexible_qpe.py;/qiskit-algorithms/qiskit_algorithms.phase_estimators.phase_estimation.PhaseEstimation;Quantum Phase Estimation (QPE);summary;!/usr/bin/env python coding: utf-8 Designing Quantum Algorithms with Second Order Functions: A Flexible QPE Quantum Phase Estimation (QPE) is a fundam...;0.6926;0;;0.6926
classiq-library/tutorials/advanced_tutorials/high_level_modeling_flexible_qpe/high_level_modeling_flexible_qpe.py;expanded/get_qpe_precision;Quantum Phase Estimation (QPE);summary;!/usr/bin/env python coding: utf-8 Designing Quantum Algorithms with Second Order Functions: A Flexible QPE Quantum Phase Estimation (QPE) is a fundam...;0.7459;0;;0.7459
classiq-library/tutorials/advanced_tutorials/high_level_modeling_flexible_qpe/high_level_modeling_flexible_qpe.py;expanded/QControlBox;Quantum Phase Estimation (QPE);summary;!/usr/bin/env python coding: utf-8 Designing Quantum Algorithms with Second Order Functions: A Flexible QPE Quantum Phase Estimation (QPE) is a fundam...;0.7975;0;;0.7975
classiq-library/tutorials/advanced_tutorials/high_level_modeling_flexible_qpe/high_level_modeling_flexible_qpe.py;/classiq/open_library.functions.utility_functions.apply_to_all;Circuit Construction Utility;name;apply_to_all;1.0000;37;1.0000;
classiq-library/tutorials/advanced_tutorials/high_level_modeling_flexible_qpe/high_level_modeling_flexible_qpe.py;/classiq/open_library.functions.qft_functions.qft;Basis Change;name;qft;1.0000;48;1.0000;
classiq-library/tutorials/advanced_tutorials/high_level_modeling_flexible_qpe/high_level_modeling_flexible_qpe.py;/pennylane/pennylane.templates.subroutines.qft.QFT;Basis Change;name;qft;1.0000;48;1.0000;
classiq-library/tutorials/advanced_tutorials/high_level_modeling_flexible_qpe/high_level_modeling_flexible_qpe.py;/qiskit/qiskit.circuit.library.basis_change.qft.QFT;Basis Change;name;qft;1.0000;48;1.0000;
classiq-library/tutorials/advanced_tutorials/high_level_modeling_flexible_qpe/high_level_modeling_flexible_qpe.py;/classiq/qmod.builtins.functions.exponentiation.suzuki_trotter;Hamiltonian Simulation;name;suzuki_trotter;1.0000;120;1.0000;
classiq-library/tutorials/advanced_tutorials/high_level_modeling_flexible_qpe/high_level_modeling_flexible_qpe.py;expanded/QArray;Quantum Phase Estimation (QPE);name;QArray;1.0000;195;1.0000;0.7459
classiq-library/tutorials/advanced_tutorials/high_level_modeling_flexible_qpe/high_level_modeling_flexible_qpe.py;/classiq/open_library.functions.qpe.qpe_flexible;Quantum Phase Estimation (QPE);name;my_qpe_flexible;0.9165;198;0.9165;0.7975
classiq-library/tutorials/advanced_tutorials/high_level_modeling_flexible_qpe/high_level_modeling_flexible_qpe.py;expanded/my_qpe_flexible;Quantum Phase Estimation (QPE);name;my_qpe_flexible;1.0000;198;1.0000;0.7975
classiq-library/tutorials/advanced_tutorials/high_level_modeling_flexible_qpe/high_level_modeling_flexible_qpe.py;/classiq/open_library.functions.swap_test.swap_test;SWAP Test;name;swap_test;1.0000;316;1.0000;
classiq-library/tutorials/basic_tutorials/exponentiation/example_exponentiation.py;/classiq/qmod.builtins.functions.exponentiation.suzuki_trotter;Hamiltonian Simulation;name;suzuki_trotter;1.0000;55;1.0000;
classiq-library/tutorials/basic_tutorials/grover_graph_coloring/grover_graph_coloring.py;/classiq/open_library.functions.grover.grover_search;Grover;name;grover_search;1.0000;155;1.0000;
classiq-library/tutorials/basic_tutorials/grover_graph_coloring/grover_graph_coloring.py;/classiq/open_library.functions.grover.phase_oracle;Oracle;name;phase_oracle;1.0000;157;1.0000;
classiq-library/tutorials/basic_tutorials/grover_graph_coloring/grover_graph_coloring.py;/qiskit/qiskit.circuit.library.phase_oracle.PhaseOracle;Oracle;name;phase_oracle;1.0000;157;1.0000;
classiq-library/tutorials/basic_tutorials/quantum_primitives/hadamard_test_tutorial/hadamard_test_tutorial.py;/classiq/open_library.functions.qft_functions.qft;Basis Change;name;qft;1.0000;71;1.0000;
classiq-library/tutorials/basic_tutorials/quantum_primitives/hadamard_test_tutorial/hadamard_test_tutorial.py;/pennylane/pennylane.templates.subroutines.qft.QFT;Basis Change;name;qft;1.0000;71;1.0000;
classiq-library/tutorials/basic_tutorials/quantum_primitives/hadamard_test_tutorial/hadamard_test_tutorial.py;/qiskit/qiskit.circuit.library.basis_change.qft.QFT;Basis Change;name;qft;1.0000;71;1.0000;
classiq-library/tutorials/basic_tutorials/quantum_primitives/hadamard_test_tutorial/hadamard_test_tutorial.py;expanded/QArray;Quantum Phase Estimation (QPE);name;QArray;1.0000;99;1.0000;
classiq-library/tutorials/basic_tutorials/quantum_primitives/linear_combination_of_unitaries/linear_combination_of_unitaries.py;/classiq/open_library.functions.lcu.lcu;Linear Combination of Unitaries;summary;!/usr/bin/env python coding: utf-8 Linear Combination of Unitaries (LCU) Quantum computing is based on the principles of quantum mechanics, which incl...;0.6829;0;;0.6829
classiq-library/tutorials/basic_tutorials/quantum_primitives/linear_combination_of_unitaries/linear_combination_of_unitaries.py;/classiq/open_library.functions.utility_functions.apply_to_all;Circuit Construction Utility;name;apply_to_all;1.0000;94;1.0000;
classiq-library/tutorials/basic_tutorials/quantum_primitives/linear_combination_of_unitaries/linear_combination_of_unitaries.py;/classiq/open_library.functions.qft_functions.qft;Basis Change;name;qft;1.0000;96;1.0000;
classiq-library/tutorials/basic_tutorials/quantum_primitives/linear_combination_of_unitaries/linear_combination_of_unitaries.py;/pennylane/pennylane.templates.subroutines.qft.QFT;Basis Change;name;qft;1.0000;96;1.0000;
classiq-library/tutorials/basic_tutorials/quantum_primitives/linear_combination_of_unitaries/linear_combination_of_unitaries.py;/qiskit/qiskit.circuit.library.basis_change.qft.QFT;Basis Change;name;qft;1.0000;96;1.0000;
classiq-library/tutorials/basic_tutorials/quantum_primitives/linear_combination_of_unitaries/linear_combination_of_unitaries.py;/pennylane/pennylane.templates.subroutines.select.Select;Dynamic Circuit;name;select;1.0000;135;1.0000;
classiq-library/tutorials/basic_tutorials/quantumwalk_complex_network/quantumwalk_complex_network.py;/classiq/open_library.functions.utility_functions.hadamard_transform;Basis Change;name;hadamard_transform;1.0000;166;1.0000;
classiq-library/tutorials/basic_tutorials/quantumwalk_complex_network/quantumwalk_complex_network.py;/classiq/open_library.functions.grover.grover_diffuser;Amplitude Amplification;name;grover_diffuser;1.0000;185;1.0000;
classiq-library/tutorials/basic_tutorials/quantumwalk_complex_network/quantumwalk_complex_network.py;/classiq/open_library.functions.modular_exponentiation.multiswap;Circuit Construction Utility;name;multiswap;1.0000;196;1.0000;
classiq-library/tutorials/basic_tutorials/the_classiq_tutorial/Qmod_tutorial_part1.py;/classiq/open_library.functions.utility_functions.hadamard_transform;Basis Change;name;my_hadamard_transform;0.9305;346;0.9305;
classiq-library/tutorials/basic_tutorials/the_classiq_tutorial/Qmod_tutorial_part2.py;/classiq/open_library.functions.utility_functions.hadamard_transform;Basis Change;name;hadamard_transform;1.0000;243;1.0000;
classiq-library/tutorials/basic_tutorials/the_classiq_tutorial/Qmod_tutorial_part2.py;expanded/QArray;Quantum Phase Estimation (QPE);name;QArray;1.0000;266;1.0000;
classiq-library/tutorials/basic_tutorials/the_classiq_tutorial/Qmod_tutorial_part2.py;/classiq/qmod.builtins.functions.exponentiation.suzuki_trotter;Hamiltonian Simulation;name;suzuki_trotter;1.0000;344;1.0000;
classiq-library/tutorials/basic_tutorials/the_classiq_tutorial/classiq_overview_tutorial.py;/classiq/open_library.functions.utility_functions.hadamard_transform;Basis Change;name;hadamard_transform;1.0000;36;1.0000;
classiq-library/tutorials/basic_tutorials/the_classiq_tutorial/execution_tutorial.py;/classiq/open_library.functions.utility_functions.hadamard_transform;Basis Change;name;hadamard_transform;1.0000;19;1.0000;
classiq-library/tutorials/basic_tutorials/the_classiq_tutorial/synthesis_tutorial.py;/classiq/open_library.functions.utility_functions.hadamard_transform;Basis Change;name;hadamard_transform;1.0000;21;1.0000;
classiq-library/tutorials/technology_demonstrations/approximated_state_preparation/approximated_state_preparation.py;/qiskit-algorithms/qiskit_algorithms.state_fidelities.compute_uncompute.ComputeUncompute;Uncompute;summary;!/usr/bin/env python coding: utf-8 Approximated State Preparation This tutorial demonstrates an approximated quantum function: a state preparation. De...;0.6769;0;;0.6769
classiq-library/tutorials/technology_demonstrations/classiq_paper/qsvt/classiq_qsvt.py;/classiq/open_library.functions.grover.reflect_about_zero;Amplitude Amplification;name;reflect_about_zero;1.0000;46;1.0000;
classiq-library/tutorials/technology_demonstrations/classiq_paper/qsvt/classiq_qsvt.py;/classiq/open_library.functions.utility_functions.hadamard_transform;Basis Change;name;hadamard_transform;1.0000;62;1.0000;
classiq-library/tutorials/technology_demonstrations/classiq_paper/qsvt/classiq_qsvt.py;/classiq/open_library.functions.qsvt.projector_controlled_phase;Phase Shift;name;my_projector_controlled_phase;0.9692;96;0.9692;
classiq-library/tutorials/technology_demonstrations/classiq_paper/qsvt/classiq_qsvt.py;/classiq/open_library.functions.qsvt.qsvt_step;Domain Specific Application;name;my_qsvt_step;0.9358;108;0.9358;
classiq-library/tutorials/technology_demonstrations/classiq_paper/qsvt/qiskit_qsvt.py;/classiq/open_library.functions.qsvt.qsvt;Domain Specific Application;summary;!/usr/bin/env python coding: utf-8 Qiskit code for QSVT example This notebook shows how to generate data for the QSVT example using `qiskit` 1.2.4. He...;0.6818;0;;0.6818
classiq-library/tutorials/technology_demonstrations/classiq_paper/qsvt/qiskit_qsvt.py;expanded/qsvt_phases;Domain Specific Application;summary;!/usr/bin/env python coding: utf-8 Qiskit code for QSVT example This notebook shows how to generate data for the QSVT example using `qiskit` 1.2.4. He...;0.6818;0;;0.6818
classiq-library/tutorials/technology_demonstrations/classiq_paper/qsvt/qiskit_qsvt.py;expanded/parse_qsvt_results;Domain Specific Application;summary;!/usr/bin/env python coding: utf-8 Qiskit code for QSVT example This notebook shows how to generate data for the QSVT example using `qiskit` 1.2.4. He...;0.6818;0;;0.6818
classiq-library/tutorials/technology_demonstrations/classiq_paper/qsvt/qiskit_qsvt.py;expanded/qsvt_sqrt_polynomial;Domain Specific Application;summary;!/usr/bin/env python coding: utf-8 Qiskit code for QSVT example This notebook shows how to generate data for the QSVT example using `qiskit` 1.2.4. He...;0.6818;0;;0.6818
classiq-library/tutorials/technology_demonstrations/classiq_paper/qsvt/qiskit_qsvt.py;expanded/be_qfunc;Domain Specific Application;summary;!/usr/bin/env python coding: utf-8 Qiskit code for QSVT example This notebook shows how to generate data for the QSVT example using `qiskit` 1.2.4. He...;0.6818;0;;0.6818
classiq-library/tutorials/technology_demonstrations/hamiltonian_evolution/hamiltonian_evolution.py;/classiq/qmod.builtins.functions.exponentiation.suzuki_trotter;Hamiltonian Simulation;name;suzuki_trotter;1.0000;79;1.0000;
classiq-library/tutorials/technology_demonstrations/hhl/hhl_example.py;/classiq/open_library.functions.qpe.qpe;Quantum Phase Estimation (QPE);name;qpe;1.0000;88;1.0000;
classiq-library/tutorials/technology_demonstrations/oracle_generation/3sat_oracles.py;/qiskit/qiskit.circuit.library.generalized_gates.permutation.Permutation;Circuit Construction Utility;name;permutation;1.0000;26;1.0000;
classiq-library/tutorials/technology_demonstrations/oracle_generation/3sat_oracles.py;/classiq/open_library.functions.grover.phase_oracle;Oracle;name;PhaseOracle;1.0000;117;1.0000;
classiq-library/tutorials/technology_demonstrations/oracle_generation/3sat_oracles.py;/qiskit/qiskit.circuit.library.phase_oracle.PhaseOracle;Oracle;name;PhaseOracle;1.0000;117;1.0000;
classiq-library/tutorials/technology_demonstrations/qpe/qpe_for_grover_operator/qpe_for_grover_operator.py;/classiq/open_library.functions.qpe.qpe_flexible;Quantum Phase Estimation (QPE);summary;!/usr/bin/env python coding: utf-8 Quantum Phase Estimation on a Grover Operator This notebook demonstrates the capability of Classiq's QPE function, ...;0.7132;0;;0.7132
classiq-library/tutorials/technology_demonstrations/qpe/qpe_for_grover_operator/qpe_for_grover_operator.py;/qiskit-algorithms/qiskit_algorithms.amplitude_estimators.ae.AmplitudeEstimation;Quantum Amplitude Estimation;summary;!/usr/bin/env python coding: utf-8 Quantum Phase Estimation on a Grover Operator This notebook demonstrates the capability of Classiq's QPE function, ...;0.6834;0;;0.6834
classiq-library/tutorials/technology_demonstrations/qpe/qpe_for_grover_operator/qpe_for_grover_operator.py;expanded/my_qpe_flexible;Quantum Phase Estimation (QPE);summary;!/usr/bin/env python coding: utf-8 Quantum Phase Estimation on a Grover Operator This notebook demonstrates the capability of Classiq's QPE function, ...;0.7132;0;;0.7132
classiq-library/tutorials/technology_demonstrations/qpe/qpe_for_grover_operator/qpe_for_grover_operator.py;expanded/get_qpe_precision;Quantum Phase Estimation (QPE);summary;!/usr/bin/env python coding: utf-8 Quantum Phase Estimation on a Grover Operator This notebook demonstrates the capability of Classiq's QPE function, ...;0.6959;0;;0.6959
classiq-library/tutorials/technology_demonstrations/qpe/qpe_for_grover_operator/qpe_for_grover_operator.py;expanded/QControlBox;Quantum Phase Estimation (QPE);summary;!/usr/bin/env python coding: utf-8 Quantum Phase Estimation on a Grover Operator This notebook demonstrates the capability of Classiq's QPE function, ...;0.7132;0;;0.7132
classiq-library/tutorials/technology_demonstrations/qpe/qpe_for_grover_operator/qpe_for_grover_operator.py;expanded/QArray;Quantum Phase Estimation (QPE);summary;!/usr/bin/env python coding: utf-8 Quantum Phase Estimation on a Grover Operator This notebook demonstrates the capability of Classiq's QPE function, ...;0.6959;0;;0.6959
classiq-library/tutorials/technology_demonstrations/qpe/qpe_for_grover_operator/qpe_for_grover_operator.py;/classiq/open_library.functions.utility_functions.hadamard_transform;Basis Change;name;hadamard_transform;1.0000;68;1.0000;
classiq-library/tutorials/technology_demonstrations/qpe/qpe_for_grover_operator/qpe_for_grover_operator.py;/classiq/open_library.functions.qpe.qpe;Quantum Phase Estimation (QPE);name;qpe;1.0000;148;1.0000;0.6959
classiq-library/tutorials/technology_demonstrations/qpe/qpe_for_unitary_matrix/qpe_for_unitary_matrix.py;/classiq/open_library.functions.qpe.qpe_flexible;Quantum Phase Estimation (QPE);summary;!/usr/bin/env python coding: utf-8 Quantum Phase Estimation for a Matrix This notebook demonstrates the capability of Classiq's Synthesis engine to re...;0.7498;0;;0.7498
classiq-library/tutorials/technology_demonstrations/qpe/qpe_for_unitary_matrix/qpe_for_unitary_matrix.py;/classiq/open_library.functions.qsvt.qsvt;Domain Specific Application;summary;!/usr/bin/env python coding: utf-8 Quantum Phase Estimation for a Matrix This notebook demonstrates the capability of Classiq's Synthesis engine to re...;0.7074;0;;0.7074
classiq-library/tutorials/technology_demonstrations/qpe/qpe_for_unitary_matrix/qpe_for_unitary_matrix.py;/qiskit-algorithms/qiskit_algorithms.phase_estimators.ipe.IterativePhaseEstimation;Quantum Phase Estimation (QPE);summary;!/usr/bin/env python coding: utf-8 Quantum Phase Estimation for a Matrix This notebook demonstrates the capability of Classiq's Synthesis engine to re...;0.6501;0;;0.6501
classiq-library/tutorials/technology_demonstrations/qpe/qpe_for_unitary_matrix/qpe_for_unitary_matrix.py;expanded/my_qpe_flexible;Quantum Phase Estimation (QPE);summary;!/usr/bin/env python coding: utf-8 Quantum Phase Estimation for a Matrix This notebook demonstrates the capability of Classiq's Synthesis engine to re...;0.7498;0;;0.7498
classiq-library/tutorials/technology_demonstrations/qpe/qpe_for_unitary_matrix/qpe_for_unitary_matrix.py;expanded/qsvt_phases;Domain Specific Application;summary;!/usr/bin/env python coding: utf-8 Quantum Phase Estimation for a Matrix This notebook demonstrates the capability of Classiq's Synthesis engine to re...;0.7074;0;;0.7074
classiq-library/tutorials/technology_demonstrations/qpe/qpe_for_unitary_matrix/qpe_for_unitary_matrix.py;expanded/parse_qsvt_results;Domain Specific Application;summary;!/usr/bin/env python coding: utf-8 Quantum Phase Estimation for a Matrix This notebook demonstrates the capability of Classiq's Synthesis engine to re...;0.7074;0;;0.7074
classiq-library/tutorials/technology_demonstrations/qpe/qpe_for_unitary_matrix/qpe_for_unitary_matrix.py;expanded/qsvt_sqrt_polynomial;Domain Specific Application;summary;!/usr/bin/env python coding: utf-8 Quantum Phase Estimation for a Matrix This notebook demonstrates the capability of Classiq's Synthesis engine to re...;0.7074;0;;0.7074
classiq-library/tutorials/technology_demonstrations/qpe/qpe_for_unitary_matrix/qpe_for_unitary_matrix.py;expanded/get_qpe_precision;Quantum Phase Estimation (QPE);summary;!/usr/bin/env python coding: utf-8 Quantum Phase Estimation for a Matrix This notebook demonstrates the capability of Classiq's Synthesis engine to re...;0.7038;0;;0.7038
classiq-library/tutorials/technology_demonstrations/qpe/qpe_for_unitary_matrix/qpe_for_unitary_matrix.py;expanded/QControlBox;Quantum Phase Estimation (QPE);summary;!/usr/bin/env python coding: utf-8 Quantum Phase Estimation for a Matrix This notebook demonstrates the capability of Classiq's Synthesis engine to re...;0.7498;0;;0.7498
classiq-library/tutorials/technology_demonstrations/qpe/qpe_for_unitary_matrix/qpe_for_unitary_matrix.py;expanded/be_qfunc;Domain Specific Application;summary;!/usr/bin/env python coding: utf-8 Quantum Phase Estimation for a Matrix This notebook demonstrates the capability of Classiq's Synthesis engine to re...;0.7074;0;;0.7074
classiq-library/tutorials/technology_demonstrations/qpe/qpe_for_unitary_matrix/qpe_for_unitary_matrix.py;expanded/QArray;Quantum Phase Estimation (QPE);name;QArray;1.0000;57;1.0000;0.7038
classiq-library/tutorials/technology_demonstrations/qpe/qpe_for_unitary_matrix/qpe_for_unitary_matrix.py;/classiq/open_library.functions.qpe.qpe;Quantum Phase Estimation (QPE);name;qpe;1.0000;60;1.0000;0.7038
classiq-library/tutorials/workshops/algo_design_QCE_tutorial/algo_design_QCE_tutorial_part_I.py;/classiq/open_library.functions.state_preparation.prepare_ghz_state;Creating Entanglement;name;create_ghz_state;0.9218;80;0.9218;
classiq-library/tutorials/workshops/algo_design_QCE_tutorial/algo_design_QCE_tutorial_part_I.py;/classiq/open_library.functions.utility_functions.hadamard_transform;Basis Change;name;hadamard_transform;1.0000;231;1.0000;
classiq-library/tutorials/workshops/algo_design_QCE_tutorial/algo_design_QCE_tutorial_part_I.py;/classiq/open_library.functions.grover.phase_oracle;Oracle;name;phase_oracle;1.0000;288;1.0000;
classiq-library/tutorials/workshops/algo_design_QCE_tutorial/algo_design_QCE_tutorial_part_I.py;/qiskit/qiskit.circuit.library.phase_oracle.PhaseOracle;Oracle;name;phase_oracle;1.0000;288;1.0000;
classiq-library/tutorials/workshops/algo_design_QCE_tutorial/algo_design_QCE_tutorial_part_I.py;/classiq/open_library.functions.grover.grover_operator;Amplitude Amplification;name;grover_operator;1.0000;299;1.0000;
classiq-library/tutorials/workshops/algo_design_QCE_tutorial/algo_design_QCE_tutorial_part_I.py;/pennylane/pennylane.templates.subroutines.grover.GroverOperator;Grover;name;grover_operator;1.0000;299;1.0000;
classiq-library/tutorials/workshops/algo_design_QCE_tutorial/algo_design_QCE_tutorial_part_I.py;/qiskit/qiskit.circuit.library.grover_operator.GroverOperator;Grover;name;grover_operator;1.0000;299;1.0000;
classiq-library/tutorials/workshops/algo_design_QCE_tutorial/algo_design_QCE_tutorial_part_I.py;/classiq/open_library.functions.qft_functions.qft;Basis Change;name;qft;1.0000;673;1.0000;
classiq-library/tutorials/workshops/algo_design_QCE_tutorial/algo_design_QCE_tutorial_part_I.py;/pennylane/pennylane.templates.subroutines.qft.QFT;Basis Change;name;qft;1.0000;673;1.0000;
classiq-library/tutorials/workshops/algo_design_QCE_tutorial/algo_design_QCE_tutorial_part_I.py;/qiskit/qiskit.circuit.library.basis_change.qft.QFT;Basis Change;name;qft;1.0000;673;1.0000;
classiq-library/tutorials/workshops/algo_design_QCE_tutorial/algo_design_QCE_tutorial_part_II.py;/qiskit-algorithms/qiskit_algorithms.minimum_eigensolvers.qaoa.QAOA;Quantum Approximate Optimization Algorithm (QAOA);summary;!/usr/bin/env python coding: utf-8 High-level Algorithm Design with Qmod Workshop Part II - QAOA Knapsack In Part I we looked at specific high-level l...;0.7675;0;;0.7675
classiq-library/tutorials/workshops/algo_design_QCE_tutorial/algo_design_QCE_tutorial_part_II.py;expanded/qaoa;Quantum Approximate Optimization Algorithm (QAOA);summary;!/usr/bin/env python coding: utf-8 High-level Algorithm Design with Qmod Workshop Part II - QAOA Knapsack In Part I we looked at specific high-level l...;0.7675;0;;0.7675
classiq-library/tutorials/workshops/algo_design_QCE_tutorial/algo_design_QCE_tutorial_part_II.py;expanded/QUBO_QAOA;Quantum Approximate Optimization Algorithm (QAOA);summary;!/usr/bin/env python coding: utf-8 High-level Algorithm Design with Qmod Workshop Part II - QAOA Knapsack In Part I we looked at specific high-level l...;0.7675;0;;0.7675
classiq-library/tutorials/workshops/algo_design_QCE_tutorial/algo_design_QCE_tutorial_part_II.py;expanded/QUBO_QAOA_cvar;Quantum Approximate Optimization Algorithm (QAOA);summary;!/usr/bin/env python coding: utf-8 High-level Algorithm Design with Qmod Workshop Part II - QAOA Knapsack In Part I we looked at specific high-level l...;0.7675;0;;0.7675
classiq-library/tutorials/workshops/algo_design_QCE_tutorial/algo_design_QCE_tutorial_part_II.py;expanded/QAOA_ansatz_for_Ising;Quantum Approximate Optimization Algorithm (QAOA);summary;!/usr/bin/env python coding: utf-8 High-level Algorithm Design with Qmod Workshop Part II - QAOA Knapsack In Part I we looked at specific high-level l...;0.7675;0;;0.7675
classiq-library/tutorials/workshops/algo_design_QCE_tutorial/algo_design_QCE_tutorial_part_II.py;expanded/run_qiro;Quantum Approximate Optimization Algorithm (QAOA);summary;!/usr/bin/env python coding: utf-8 High-level Algorithm Design with Qmod Workshop Part II - QAOA Knapsack In Part I we looked at specific high-level l...;0.7675;0;;0.7675
classiq-library/tutorials/workshops/algo_design_QCE_tutorial/algo_design_QCE_tutorial_part_II.py;/classiq/open_library.functions.utility_functions.apply_to_all;Circuit Construction Utility;name;apply_to_all;1.0000;39;1.0000;
classiq-library/tutorials/workshops/algo_design_QCE_tutorial/algo_design_QCE_tutorial_part_II.py;expanded/optimize_qaoa_params;Quantum Approximate Optimization Algorithm (QAOA);name;optimize_qaoa_params;1.0000;277;1.0000;0.7675
classiq-library/tutorials/workshops/combinatorial_workshop/combinatorial_qmod_workshop_for_maxcut.py;/classiq/open_library.functions.utility_functions.apply_to_all;Circuit Construction Utility;name;apply_to_all;1.0000;105;1.0000;
classiq-library/tutorials/workshops/combinatorial_workshop/combinatorial_qmod_workshop_for_maxcut.py;/classiq/open_library.functions.utility_functions.hadamard_transform;Basis Change;name;hadamard_transform;1.0000;163;1.0000;
classiq-library/tutorials/workshops/finance_workshops/combi_workshop_Inequality_constriants_PO.py;/qiskit-algorithms/qiskit_algorithms.minimum_eigensolvers.qaoa.QAOA;Quantum Approximate Optimization Algorithm (QAOA);summary;!/usr/bin/env python coding: utf-8 Quantum Optimization Training - part 3 Dealing with constraint using portfolio optimization Guidance for the worksh...;0.6632;0;;0.6632
classiq-library/tutorials/workshops/finance_workshops/combi_workshop_Inequality_constriants_PO.py;expanded/qaoa;Quantum Approximate Optimization Algorithm (QAOA);summary;!/usr/bin/env python coding: utf-8 Quantum Optimization Training - part 3 Dealing with constraint using portfolio optimization Guidance for the worksh...;0.6632;0;;0.6632
classiq-library/tutorials/workshops/finance_workshops/combi_workshop_Inequality_constriants_PO.py;expanded/QUBO_QAOA;Quantum Approximate Optimization Algorithm (QAOA);summary;!/usr/bin/env python coding: utf-8 Quantum Optimization Training - part 3 Dealing with constraint using portfolio optimization Guidance for the worksh...;0.6632;0;;0.6632
classiq-library/tutorials/workshops/finance_workshops/combi_workshop_Inequality_constriants_PO.py;expanded/QUBO_QAOA_cvar;Quantum Approximate Optimization Algorithm (QAOA);summary;!/usr/bin/env python coding: utf-8 Quantum Optimization Training - part 3 Dealing with constraint using portfolio optimization Guidance for the worksh...;0.6632;0;;0.6632
classiq-library/tutorials/workshops/finance_workshops/combi_workshop_Inequality_constriants_PO.py;expanded/optimize_qaoa_params;Quantum Approximate Optimization Algorithm (QAOA);summary;!/usr/bin/env python coding: utf-8 Quantum Optimization Training - part 3 Dealing with constraint using portfolio optimization Guidance for the worksh...;0.6632;0;;0.6632
classiq-library/tutorials/workshops/finance_workshops/combi_workshop_Inequality_constriants_PO.py;expanded/QAOA_ansatz_for_Ising;Quantum Approximate Optimization Algorithm (QAOA);summary;!/usr/bin/env python coding: utf-8 Quantum Optimization Training - part 3 Dealing with constraint using portfolio optimization Guidance for the worksh...;0.6632;0;;0.6632
classiq-library/tutorials/workshops/finance_workshops/combi_workshop_Inequality_constriants_PO.py;expanded/run_qiro;Quantum Approximate Optimization Algorithm (QAOA);summary;!/usr/bin/env python coding: utf-8 Quantum Optimization Training - part 3 Dealing with constraint using portfolio optimization Guidance for the worksh...;0.6632;0;;0.6632
classiq-library/tutorials/workshops/finance_workshops/combi_workshop_Inequality_constriants_PO.py;/classiq/open_library.functions.utility_functions.apply_to_all;Circuit Construction Utility;name;apply_to_all;1.0000;187;1.0000;
classiq-library/tutorials/workshops/finance_workshops/combi_workshop_Inequality_constriants_PO.py;/classiq/open_library.functions.utility_functions.hadamard_transform;Basis Change;name;hadamard_transform;1.0000;209;1.0000;
classiq-library/tutorials/workshops/finance_workshops/combi_workshop_equality_constriants_PO.py;/qiskit-algorithms/qiskit_algorithms.minimum_eigensolvers.qaoa.QAOA;Quantum Approximate Optimization Algorithm (QAOA);summary;!/usr/bin/env python coding: utf-8 Quantum Optimization Training - part 2 Dealing with constraint using portfolio optimization In this workshop, we wi...;0.6970;0;;0.6970
classiq-library/tutorials/workshops/finance_workshops/combi_workshop_equality_constriants_PO.py;expanded/qaoa;Quantum Approximate Optimization Algorithm (QAOA);summary;!/usr/bin/env python coding: utf-8 Quantum Optimization Training - part 2 Dealing with constraint using portfolio optimization In this workshop, we wi...;0.6970;0;;0.6970
classiq-library/tutorials/workshops/finance_workshops/combi_workshop_equality_constriants_PO.py;expanded/QUBO_QAOA;Quantum Approximate Optimization Algorithm (QAOA);summary;!/usr/bin/env python coding: utf-8 Quantum Optimization Training - part 2 Dealing with constraint using portfolio optimization In this workshop, we wi...;0.6970;0;;0.6970
classiq-library/tutorials/workshops/finance_workshops/combi_workshop_equality_constriants_PO.py;expanded/QUBO_QAOA_cvar;Quantum Approximate Optimization Algorithm (QAOA);summary;!/usr/bin/env python coding: utf-8 Quantum Optimization Training - part 2 Dealing with constraint using portfolio optimization In this workshop, we wi...;0.6970;0;;0.6970
classiq-library/tutorials/workshops/finance_workshops/combi_workshop_equality_constriants_PO.py;expanded/optimize_qaoa_params;Quantum Approximate Optimization Algorithm (QAOA);summary;!/usr/bin/env python coding: utf-8 Quantum Optimization Training - part 2 Dealing with constraint using portfolio optimization In this workshop, we wi...;0.6970;0;;0.6970
classiq-library/tutorials/workshops/finance_workshops/combi_workshop_equality_constriants_PO.py;expanded/QAOA_ansatz_for_Ising;Quantum Approximate Optimization Algorithm (QAOA);summary;!/usr/bin/env python coding: utf-8 Quantum Optimization Training - part 2 Dealing with constraint using portfolio optimization In this workshop, we wi...;0.6970;0;;0.6970
classiq-library/tutorials/workshops/finance_workshops/combi_workshop_equality_constriants_PO.py;expanded/run_qiro;Quantum Approximate Optimization Algorithm (QAOA);summary;!/usr/bin/env python coding: utf-8 Quantum Optimization Training - part 2 Dealing with constraint using portfolio optimization In this workshop, we wi...;0.6970;0;;0.6970
classiq-library/tutorials/workshops/finance_workshops/combi_workshop_equality_constriants_PO.py;/classiq/open_library.functions.utility_functions.hadamard_transform;Basis Change;name;hadamard_transform;1.0000;200;1.0000;
classiq-library/tutorials/workshops/finance_workshops/combi_workshop_equality_constriants_PO.py;/classiq/open_library.functions.utility_functions.apply_to_all;Circuit Construction Utility;name;apply_to_all;1.0000;460;1.0000;
classiq-library/tutorials/workshops/grover_workshop/grover_workshop.py;/classiq/open_library.functions.utility_functions.apply_to_all;Circuit Construction Utility;name;apply_to_all;1.0000;389;1.0000;
classiq-library/tutorials/workshops/grover_workshop/grover_workshop.py;/classiq/open_library.functions.grover.grover_operator;Amplitude Amplification;name;my_grover_operator;0.9529;468;0.9529;
classiq-library/tutorials/workshops/grover_workshop/grover_workshop.py;/pennylane/pennylane.templates.subroutines.grover.GroverOperator;Grover;name;my_grover_operator;0.9529;468;0.9529;
classiq-library/tutorials/workshops/grover_workshop/grover_workshop.py;/qiskit/qiskit.circuit.library.grover_operator.GroverOperator;Grover;name;my_grover_operator;0.9529;468;0.9529;
classiq-library/tutorials/workshops/hhl_workshop/hhl_workshop.py;/classiq/open_library.functions.qpe.qpe;Quantum Phase Estimation (QPE);name;qpe;1.0000;279;1.0000;
classiq-library/tutorials/workshops/oracle_workshop/oracles_workshop.py;/classiq/open_library.functions.utility_functions.hadamard_transform;Basis Change;name;hadamard_transform;1.0000;81;1.0000;
classiq-library/tutorials/workshops/oracle_workshop/oracles_workshop.py;/classiq/open_library.functions.grover.grover_search;Grover;name;grover_search;1.0000;277;1.0000;
classiq-library/tutorials/workshops/oracle_workshop/oracles_workshop.py;/classiq/open_library.functions.grover.phase_oracle;Oracle;name;phase_oracle;1.0000;279;1.0000;
classiq-library/tutorials/workshops/oracle_workshop/oracles_workshop.py;/qiskit/qiskit.circuit.library.phase_oracle.PhaseOracle;Oracle;name;phase_oracle;1.0000;279;1.0000;
client-superstaq/docs/source/apps/cudaq_logical_aim.py;/qiskit-algorithms/qiskit_algorithms.minimum_eigensolvers.vqe.VQE;Variational Quantum Eigensolver (VQE);name;vqe;1.0000;91;1.0000;
client-superstaq/docs/source/optimizations/qscout/qscout_qss.py;/qiskit/qiskit.circuit.library.quantum_volume.QuantumVolume;Circuit Construction Utility;name;quantum_volume;1.0000;215;1.0000;
covalent/doc/source/tutorials/1_QuantumMachineLearning/classical_quantum_svm/source.py;/qiskit/qiskit.circuit.library.data_preparation.pauli_feature_map.z_feature_map;Data Encoding;name;ZZFeatureMap;0.9408;114;0.9408;
covalent/doc/source/tutorials/1_QuantumMachineLearning/classical_quantum_svm/source.py;/qiskit/qiskit.circuit.library.data_preparation.pauli_feature_map.zz_feature_map;Data Encoding;name;ZZFeatureMap;1.0000;114;1.0000;
covalent/doc/source/tutorials/1_QuantumMachineLearning/pennylane_ensemble_classification/source.py;/qiskit/qiskit.circuit.library.generalized_gates.permutation.Permutation;Circuit Construction Utility;name;permutation;1.0000;77;1.0000;
covalent/doc/source/tutorials/1_QuantumMachineLearning/pennylane_hybrid/source.py;/qiskit-algorithms/qiskit_algorithms.minimum_eigensolvers.qaoa.QAOA;Quantum Approximate Optimization Algorithm (QAOA);summary;!/usr/bin/env python coding: utf-8 Using Covalent with PennyLane for hybrid computation [PennyLane](https://pennylane.ai/) is a popular Python library...;0.6522;0;;0.6522
covalent/doc/source/tutorials/1_QuantumMachineLearning/pennylane_hybrid/source.py;expanded/qaoa;Quantum Approximate Optimization Algorithm (QAOA);summary;!/usr/bin/env python coding: utf-8 Using Covalent with PennyLane for hybrid computation [PennyLane](https://pennylane.ai/) is a popular Python library...;0.6522;0;;0.6522
covalent/doc/source/tutorials/1_QuantumMachineLearning/pennylane_hybrid/source.py;expanded/QUBO_QAOA;Quantum Approximate Optimization Algorithm (QAOA);summary;!/usr/bin/env python coding: utf-8 Using Covalent with PennyLane for hybrid computation [PennyLane](https://pennylane.ai/) is a popular Python library...;0.6522;0;;0.6522
covalent/doc/source/tutorials/1_QuantumMachineLearning/pennylane_hybrid/source.py;expanded/QUBO_QAOA_cvar;Quantum Approximate Optimization Algorithm (QAOA);summary;!/usr/bin/env python coding: utf-8 Using Covalent with PennyLane for hybrid computation [PennyLane](https://pennylane.ai/) is a popular Python library...;0.6522;0;;0.6522
covalent/doc/source/tutorials/1_QuantumMachineLearning/pennylane_hybrid/source.py;expanded/optimize_qaoa_params;Quantum Approximate Optimization Algorithm (QAOA);summary;!/usr/bin/env python coding: utf-8 Using Covalent with PennyLane for hybrid computation [PennyLane](https://pennylane.ai/) is a popular Python library...;0.6522;0;;0.6522
covalent/doc/source/tutorials/1_QuantumMachineLearning/pennylane_hybrid/source.py;expanded/QAOA_ansatz_for_Ising;Quantum Approximate Optimization Algorithm (QAOA);summary;!/usr/bin/env python coding: utf-8 Using Covalent with PennyLane for hybrid computation [PennyLane](https://pennylane.ai/) is a popular Python library...;0.6522;0;;0.6522
covalent/doc/source/tutorials/1_QuantumMachineLearning/pennylane_hybrid/source.py;expanded/run_qiro;Quantum Approximate Optimization Algorithm (QAOA);summary;!/usr/bin/env python coding: utf-8 Using Covalent with PennyLane for hybrid computation [PennyLane](https://pennylane.ai/) is a popular Python library...;0.6522;0;;0.6522
covalent/doc/source/tutorials/1_QuantumMachineLearning/pennylane_iris_classification/source.py;/qiskit/qiskit.circuit.library.generalized_gates.permutation.Permutation;Circuit Construction Utility;name;permutation;1.0000;230;1.0000;
covalent/doc/source/tutorials/1_QuantumMachineLearning/pennylane_kernel/source.py;/pennylane/pennylane.templates.embeddings.angle.AngleEmbedding;Data Encoding;name;AngleEmbedding;1.0000;117;1.0000;
covalent/doc/source/tutorials/1_QuantumMachineLearning/pennylane_kernel/source.py;/pennylane/pennylane.templates.layers.strongly_entangling.StronglyEntanglingLayers;Variational Quantum Algorithm (VQA);name;StronglyEntanglingLayers;1.0000;207;1.0000;
covalent/doc/source/tutorials/1_QuantumMachineLearning/pennylane_parity_classifier/source.py;/pennylane/pennylane.templates.layers.strongly_entangling.StronglyEntanglingLayers;Variational Quantum Algorithm (VQA);summary;!/usr/bin/env python coding: utf-8 Variational classifier - Parity Classification This notebook is adapted from the [Pennylane tutorial](https://penny...;0.6894;0;;0.6894
covalent/doc/source/tutorials/1_QuantumMachineLearning/qaoa_maxcut/source.py;/qiskit-algorithms/qiskit_algorithms.minimum_eigensolvers.qaoa.QAOA;Quantum Approximate Optimization Algorithm (QAOA);summary;!/usr/bin/env python coding: utf-8 Using QAOA to Solve the Max-Cut Problem Quantum machine learning typically involves building machine learning algor...;0.6884;0;;0.6884
covalent/doc/source/tutorials/1_QuantumMachineLearning/qaoa_maxcut/source.py;expanded/qaoa;Quantum Approximate Optimization Algorithm (QAOA);summary;!/usr/bin/env python coding: utf-8 Using QAOA to Solve the Max-Cut Problem Quantum machine learning typically involves building machine learning algor...;0.6884;0;;0.6884
covalent/doc/source/tutorials/1_QuantumMachineLearning/qaoa_maxcut/source.py;expanded/QUBO_QAOA;Quantum Approximate Optimization Algorithm (QAOA);summary;!/usr/bin/env python coding: utf-8 Using QAOA to Solve the Max-Cut Problem Quantum machine learning typically involves building machine learning algor...;0.6884;0;;0.6884
covalent/doc/source/tutorials/1_QuantumMachineLearning/qaoa_maxcut/source.py;expanded/QUBO_QAOA_cvar;Quantum Approximate Optimization Algorithm (QAOA);summary;!/usr/bin/env python coding: utf-8 Using QAOA to Solve the Max-Cut Problem Quantum machine learning typically involves building machine learning algor...;0.6884;0;;0.6884
covalent/doc/source/tutorials/1_QuantumMachineLearning/qaoa_maxcut/source.py;expanded/optimize_qaoa_params;Quantum Approximate Optimization Algorithm (QAOA);summary;!/usr/bin/env python coding: utf-8 Using QAOA to Solve the Max-Cut Problem Quantum machine learning typically involves building machine learning algor...;0.6884;0;;0.6884
covalent/doc/source/tutorials/1_QuantumMachineLearning/qaoa_maxcut/source.py;expanded/QAOA_ansatz_for_Ising;Quantum Approximate Optimization Algorithm (QAOA);summary;!/usr/bin/env python coding: utf-8 Using QAOA to Solve the Max-Cut Problem Quantum machine learning typically involves building machine learning algor...;0.6884;0;;0.6884
covalent/doc/source/tutorials/1_QuantumMachineLearning/qaoa_maxcut/source.py;expanded/run_qiro;Quantum Approximate Optimization Algorithm (QAOA);summary;!/usr/bin/env python coding: utf-8 Using QAOA to Solve the Max-Cut Problem Quantum machine learning typically involves building machine learning algor...;0.6884;0;;0.6884
guppylang/examples/adaptive-qpe.py;/classiq/open_library.functions.qpe.qpe;Quantum Phase Estimation (QPE);summary;!/usr/bin/env python coding: utf-8 Adaptive QPE **Download this notebook - {nb-download}`adaptive-qpe.ipynb`** This example illustrates a possible imp...;0.6803;0;;0.6803
guppylang/examples/adaptive-qpe.py;/pennylane/pennylane.templates.subroutines.qmc.QuantumMonteCarlo;Domain Specific Application;summary;!/usr/bin/env python coding: utf-8 Adaptive QPE **Download this notebook - {nb-download}`adaptive-qpe.ipynb`** This example illustrates a possible imp...;0.6529;0;;0.6529
guppylang/examples/adaptive-qpe.py;expanded/get_qpe_precision;Quantum Phase Estimation (QPE);summary;!/usr/bin/env python coding: utf-8 Adaptive QPE **Download this notebook - {nb-download}`adaptive-qpe.ipynb`** This example illustrates a possible imp...;0.6803;0;;0.6803
guppylang/examples/adaptive-qpe.py;expanded/QArray;Quantum Phase Estimation (QPE);summary;!/usr/bin/env python coding: utf-8 Adaptive QPE **Download this notebook - {nb-download}`adaptive-qpe.ipynb`** This example illustrates a possible imp...;0.6803;0;;0.6803
guppylang/examples/canonical-qpe.py;/classiq/open_library.functions.qpe.qpe_flexible;Quantum Phase Estimation (QPE);summary;!/usr/bin/env python coding: utf-8 Canonical Quantum Phase estimation **Download this notebook - {nb-download}`canonical-qpe.ipynb`** Based on this [s...;0.8276;0;;0.8276
guppylang/examples/canonical-qpe.py;/classiq/open_library.functions.qpe.qpe;Quantum Phase Estimation (QPE);summary;!/usr/bin/env python coding: utf-8 Canonical Quantum Phase estimation **Download this notebook - {nb-download}`canonical-qpe.ipynb`** Based on this [s...;0.8288;0;;0.8288
guppylang/examples/canonical-qpe.py;/classiq/open_library.functions.qsvt.qsvt;Domain Specific Application;summary;!/usr/bin/env python coding: utf-8 Canonical Quantum Phase estimation **Download this notebook - {nb-download}`canonical-qpe.ipynb`** Based on this [s...;0.6856;0;;0.6856
guppylang/examples/canonical-qpe.py;/qiskit-algorithms/qiskit_algorithms.amplitude_estimators.ae.AmplitudeEstimation;Quantum Amplitude Estimation;summary;!/usr/bin/env python coding: utf-8 Canonical Quantum Phase estimation **Download this notebook - {nb-download}`canonical-qpe.ipynb`** Based on this [s...;0.6920;0;;0.6920
guppylang/examples/canonical-qpe.py;/qiskit-algorithms/qiskit_algorithms.phase_estimators.hamiltonian_phase_estimation.HamiltonianPhaseEstimation;Quantum Phase Estimation (QPE);summary;!/usr/bin/env python coding: utf-8 Canonical Quantum Phase estimation **Download this notebook - {nb-download}`canonical-qpe.ipynb`** Based on this [s...;0.7292;0;;0.7292
guppylang/examples/canonical-qpe.py;/qiskit-algorithms/qiskit_algorithms.phase_estimators.ipe.IterativePhaseEstimation;Quantum Phase Estimation (QPE);summary;!/usr/bin/env python coding: utf-8 Canonical Quantum Phase estimation **Download this notebook - {nb-download}`canonical-qpe.ipynb`** Based on this [s...;0.6738;0;;0.6738
guppylang/examples/canonical-qpe.py;expanded/my_qpe_flexible;Quantum Phase Estimation (QPE);summary;!/usr/bin/env python coding: utf-8 Canonical Quantum Phase estimation **Download this notebook - {nb-download}`canonical-qpe.ipynb`** Based on this [s...;0.8276;0;;0.8276
guppylang/examples/canonical-qpe.py;expanded/run_quantum_phase_estimation;Quantum Phase Estimation (QPE);summary;!/usr/bin/env python coding: utf-8 Canonical Quantum Phase estimation **Download this notebook - {nb-download}`canonical-qpe.ipynb`** Based on this [s...;0.7292;0;;0.7292
guppylang/examples/canonical-qpe.py;expanded/get_quantum_phase_estimation_results;Quantum Phase Estimation (QPE);summary;!/usr/bin/env python coding: utf-8 Canonical Quantum Phase estimation **Download this notebook - {nb-download}`canonical-qpe.ipynb`** Based on this [s...;0.7292;0;;0.7292
guppylang/examples/canonical-qpe.py;expanded/quantum_phase_estimation_circuit;Quantum Phase Estimation (QPE);summary;!/usr/bin/env python coding: utf-8 Canonical Quantum Phase estimation **Download this notebook - {nb-download}`canonical-qpe.ipynb`** Based on this [s...;0.7292;0;;0.7292
guppylang/examples/canonical-qpe.py;expanded/qsvt_phases;Domain Specific Application;summary;!/usr/bin/env python coding: utf-8 Canonical Quantum Phase estimation **Download this notebook - {nb-download}`canonical-qpe.ipynb`** Based on this [s...;0.6856;0;;0.6856
guppylang/examples/canonical-qpe.py;expanded/parse_qsvt_results;Domain Specific Application;summary;!/usr/bin/env python coding: utf-8 Canonical Quantum Phase estimation **Download this notebook - {nb-download}`canonical-qpe.ipynb`** Based on this [s...;0.6856;0;;0.6856
guppylang/examples/canonical-qpe.py;expanded/qsvt_sqrt_polynomial;Domain Specific Application;summary;!/usr/bin/env python coding: utf-8 Canonical Quantum Phase estimation **Download this notebook - {nb-download}`canonical-qpe.ipynb`** Based on this [s...;0.6856;0;;0.6856
guppylang/examples/canonical-qpe.py;expanded/get_qpe_precision;Quantum Phase Estimation (QPE);summary;!/usr/bin/env python coding: utf-8 Canonical Quantum Phase estimation **Download this notebook - {nb-download}`canonical-qpe.ipynb`** Based on this [s...;0.8288;0;;0.8288
guppylang/examples/canonical-qpe.py;expanded/be_qfunc;Domain Specific Application;summary;!/usr/bin/env python coding: utf-8 Canonical Quantum Phase estimation **Download this notebook - {nb-download}`canonical-qpe.ipynb`** Based on this [s...;0.6856;0;;0.6856
guppylang/examples/canonical-qpe.py;expanded/normalize_hamiltonian;Quantum Phase Estimation (QPE);summary;!/usr/bin/env python coding: utf-8 Canonical Quantum Phase estimation **Download this notebook - {nb-download}`canonical-qpe.ipynb`** Based on this [s...;0.7292;0;;0.7292
guppylang/examples/canonical-qpe.py;expanded/QArray;Quantum Phase Estimation (QPE);summary;!/usr/bin/env python coding: utf-8 Canonical Quantum Phase estimation **Download this notebook - {nb-download}`canonical-qpe.ipynb`** Based on this [s...;0.8288;0;;0.8288
guppylang/examples/canonical-qpe.py;expanded/QControlBox;Quantum Phase Estimation (QPE);name;QControlBox;1.0000;83;1.0000;0.8276
guppylang/examples/canonical-qpe.py;/qiskit/qiskit.circuit.library.phase_estimation.PhaseEstimation;Quantum Phase Estimation (QPE);name;phase_estimation;1.0000;163;1.0000;
guppylang/examples/canonical-qpe.py;/qiskit-algorithms/qiskit_algorithms.phase_estimators.phase_estimation.PhaseEstimation;Quantum Phase Estimation (QPE);name;phase_estimation;1.0000;163;1.0000;0.6650
mitiq/docs/source/examples/pyquil_demo.py;expanded/get_qc;Variational Quantum Eigensolver (VQE);name;get_qc;1.0000;36;1.0000;
mitiq/docs/source/examples/vqe-pyquil-demo.py;/qiskit-algorithms/qiskit_algorithms.minimum_eigensolvers.adapt_vqe.AdaptVQE;Variational Quantum Eigensolver (VQE);summary;!/usr/bin/env python coding: utf-8 ```{warning} This tutorial may not work with the latest version of Mitiq. ``` Variational Quantum Eigensolver impro...;0.7447;0;;0.7447
mitiq/docs/source/examples/vqe-pyquil-demo.py;/qiskit-algorithms/qiskit_algorithms.minimum_eigensolvers.sampling_vqe.SamplingVQE;Variational Quantum Eigensolver (VQE);summary;!/usr/bin/env python coding: utf-8 ```{warning} This tutorial may not work with the latest version of Mitiq. ``` Variational Quantum Eigensolver impro...;0.7159;0;;0.7159
mitiq/docs/source/examples/vqe-pyquil-demo.py;/qiskit-algorithms/qiskit_algorithms.minimum_eigensolvers.vqe.VQE;Variational Quantum Eigensolver (VQE);summary;!/usr/bin/env python coding: utf-8 ```{warning} This tutorial may not work with the latest version of Mitiq. ``` Variational Quantum Eigensolver impro...;0.7784;0;;0.7784
mitiq/docs/source/examples/vqe-pyquil-demo.py;expanded/adapt_vqe_ansatz;Variational Quantum Eigensolver (VQE);summary;!/usr/bin/env python coding: utf-8 ```{warning} This tutorial may not work with the latest version of Mitiq. ``` Variational Quantum Eigensolver impro...;0.7447;0;;0.7447
mitiq/docs/source/examples/vqe-pyquil-demo.py;expanded/VqlsOptimizer;Variational Quantum Eigensolver (VQE);summary;!/usr/bin/env python coding: utf-8 ```{warning} This tutorial may not work with the latest version of Mitiq. ``` Variational Quantum Eigensolver impro...;0.7784;0;;0.7784
mitiq/docs/source/examples/vqe-pyquil-demo.py;expanded/adapt_layer;Variational Quantum Eigensolver (VQE);summary;!/usr/bin/env python coding: utf-8 ```{warning} This tutorial may not work with the latest version of Mitiq. ``` Variational Quantum Eigensolver impro...;0.7447;0;;0.7447
mitiq/docs/source/examples/vqe-pyquil-demo.py;expanded/get_qc;Variational Quantum Eigensolver (VQE);name;get_qc;1.0000;60;1.0000;0.7784
piquasso/docs/tutorials/boson-sampling.py;/pennylane/pennylane.templates.subroutines.interferometer.Interferometer;Domain Specific Application;name;Interferometer;1.0000;42;1.0000;
piquasso/docs/tutorials/gaussian-boson-sampling.py;/pennylane/pennylane.templates.subroutines.interferometer.Interferometer;Domain Specific Application;name;Interferometer;1.0000;134;1.0000;
pyquil/docs/source/quilt_getting_started.py;expanded/get_qc;Variational Quantum Eigensolver (VQE);name;get_qc;1.0000;16;1.0000;
pyquil/docs/source/quilt_parametric.py;expanded/get_qc;Variational Quantum Eigensolver (VQE);name;get_qc;1.0000;23;1.0000;
pyquil/docs/source/quilt_raw_capture.py;expanded/get_qc;Variational Quantum Eigensolver (VQE);name;get_qc;1.0000;13;1.0000;
qibo/doc/source/code-examples/tutorials/qfiae/qfiae_demo.py;/pennylane/pennylane.templates.subroutines.qmc.QuantumMonteCarlo;Domain Specific Application;summary;!/usr/bin/env python coding: utf-8 Quantum Fourier Iterative Amplitude Estimation Code at: [https://github.com/qiboteam/qibo/tree/master/examples/qfia...;0.6603;0;;0.6603
qibo/doc/source/code-examples/tutorials/qfiae/qfiae_demo.py;/qiskit-algorithms/qiskit_algorithms.amplitude_estimators.ae.AmplitudeEstimation;Quantum Amplitude Estimation;summary;!/usr/bin/env python coding: utf-8 Quantum Fourier Iterative Amplitude Estimation Code at: [https://github.com/qiboteam/qibo/tree/master/examples/qfia...;0.6548;0;;0.6548
qibo/examples/circuit-draw-mpl/qibo-draw-circuit-matplotlib.py;/classiq/open_library.functions.qft_functions.qft;Basis Change;name;QFT;1.0000;108;1.0000;
qibo/examples/circuit-draw-mpl/qibo-draw-circuit-matplotlib.py;/pennylane/pennylane.templates.subroutines.qft.QFT;Basis Change;name;QFT;1.0000;108;1.0000;
qibo/examples/circuit-draw-mpl/qibo-draw-circuit-matplotlib.py;/qiskit/qiskit.circuit.library.basis_change.qft.QFT;Basis Change;name;QFT;1.0000;108;1.0000;
qibo/examples/qfiae/qfiae_demo.py;/pennylane/pennylane.templates.subroutines.qmc.QuantumMonteCarlo;Domain Specific Application;summary;!/usr/bin/env python coding: utf-8 Quantum Fourier Iterative Amplitude Estimation Code at: [https://github.com/qiboteam/qibo/tree/master/examples/qfia...;0.6603;0;;0.6603
qibo/examples/qfiae/qfiae_demo.py;/qiskit-algorithms/qiskit_algorithms.amplitude_estimators.ae.AmplitudeEstimation;Quantum Amplitude Estimation;summary;!/usr/bin/env python coding: utf-8 Quantum Fourier Iterative Amplitude Estimation Code at: [https://github.com/qiboteam/qibo/tree/master/examples/qfia...;0.6548;0;;0.6548
qiskit-addon-cutting/docs/how-tos/how_to_generate_exact_sampling_coefficients.py;/qiskit/qiskit.circuit.library.n_local.efficient_su2.EfficientSU2;Variational Quantum Algorithm (VQA);name;efficient_su2;1.0000;26;1.0000;
qiskit-addon-cutting/docs/how-tos/how_to_provide_multiple_observables.py;/qiskit/qiskit.circuit.library.n_local.efficient_su2.EfficientSU2;Variational Quantum Algorithm (VQA);name;EfficientSU2;1.0000;13;1.0000;
qiskit-addon-cutting/docs/tutorials/01_gate_cutting_to_reduce_circuit_width.py;/qiskit-algorithms/qiskit_algorithms.state_fidelities.compute_uncompute.ComputeUncompute;Uncompute;summary;!/usr/bin/env python coding: utf-8 Gate Cutting to Reduce Circuit Width In this notebook, we will work through the steps of a [Qiskit pattern](https:/...;0.6571;0;;0.6571
qiskit-addon-cutting/docs/tutorials/01_gate_cutting_to_reduce_circuit_width.py;/qiskit/qiskit.circuit.library.n_local.efficient_su2.EfficientSU2;Variational Quantum Algorithm (VQA);name;efficient_su2;1.0000;29;1.0000;
qiskit-addon-cutting/docs/tutorials/02_gate_cutting_to_reduce_circuit_depth.py;/qiskit/qiskit.circuit.library.n_local.efficient_su2.EfficientSU2;Variational Quantum Algorithm (VQA);name;efficient_su2;1.0000;29;1.0000;
qiskit-algorithms/docs/tutorials/01_algorithms_introduction.py;/qiskit-algorithms/qiskit_algorithms.minimum_eigensolvers.adapt_vqe.AdaptVQE;Variational Quantum Eigensolver (VQE);summary;!/usr/bin/env python coding: utf-8 An Introduction to Algorithms using Qiskit This introduction to algorithms using Qiskit provides a high-level overv...;0.6804;0;;0.6804
qiskit-algorithms/docs/tutorials/01_algorithms_introduction.py;expanded/adapt_vqe_ansatz;Variational Quantum Eigensolver (VQE);summary;!/usr/bin/env python coding: utf-8 An Introduction to Algorithms using Qiskit This introduction to algorithms using Qiskit provides a high-level overv...;0.6804;0;;0.6804
qiskit-algorithms/docs/tutorials/01_algorithms_introduction.py;expanded/VqlsOptimizer;Variational Quantum Eigensolver (VQE);summary;!/usr/bin/env python coding: utf-8 An Introduction to Algorithms using Qiskit This introduction to algorithms using Qiskit provides a high-level overv...;0.7316;0;;0.7316
qiskit-algorithms/docs/tutorials/01_algorithms_introduction.py;expanded/get_qc;Variational Quantum Eigensolver (VQE);summary;!/usr/bin/env python coding: utf-8 An Introduction to Algorithms using Qiskit This introduction to algorithms using Qiskit provides a high-level overv...;0.7316;0;;0.7316
qiskit-algorithms/docs/tutorials/01_algorithms_introduction.py;expanded/adapt_layer;Variational Quantum Eigensolver (VQE);summary;!/usr/bin/env python coding: utf-8 An Introduction to Algorithms using Qiskit This introduction to algorithms using Qiskit provides a high-level overv...;0.6804;0;;0.6804
qiskit-algorithms/docs/tutorials/01_algorithms_introduction.py;/qiskit/qiskit.circuit.library.n_local.n_local.NLocal;Variational Quantum Algorithm (VQA);name;n_local;1.0000;23;1.0000;
qiskit-algorithms/docs/tutorials/01_algorithms_introduction.py;/qiskit-algorithms/qiskit_algorithms.minimum_eigensolvers.vqe.VQE;Variational Quantum Eigensolver (VQE);name;VQE;1.0000;60;1.0000;0.7316
qiskit-algorithms/docs/tutorials/02_vqe_advanced_options.py;/qiskit-algorithms/qiskit_algorithms.minimum_eigensolvers.vqe.VQE;Variational Quantum Eigensolver (VQE);name;VQE;1.0000;72;1.0000;
qiskit-algorithms/docs/tutorials/02_vqe_advanced_options.py;/qiskit/qiskit.circuit.library.n_local.n_local.NLocal;Variational Quantum Algorithm (VQA);name;n_local;1.0000;149;1.0000;
qiskit-algorithms/docs/tutorials/03_vqe_simulation_with_noise.py;/qiskit/qiskit.circuit.library.n_local.n_local.NLocal;Variational Quantum Algorithm (VQA);name;n_local;1.0000;53;1.0000;
qiskit-algorithms/docs/tutorials/03_vqe_simulation_with_noise.py;/qiskit-algorithms/qiskit_algorithms.minimum_eigensolvers.vqe.VQE;Variational Quantum Eigensolver (VQE);name;VQE;1.0000;94;1.0000;
qiskit-algorithms/docs/tutorials/04_vqd.py;/qiskit-algorithms/qiskit_algorithms.minimum_eigensolvers.adapt_vqe.AdaptVQE;Variational Quantum Eigensolver (VQE);summary;!/usr/bin/env python coding: utf-8 Variational Quantum Deflation (VQD) Algorithm This notebook demonstrates how to use our implementation of the [Vari...;0.6938;0;;0.6938
qiskit-algorithms/docs/tutorials/04_vqd.py;/qiskit-algorithms/qiskit_algorithms.minimum_eigensolvers.sampling_vqe.SamplingVQE;Variational Quantum Eigensolver (VQE);summary;!/usr/bin/env python coding: utf-8 Variational Quantum Deflation (VQD) Algorithm This notebook demonstrates how to use our implementation of the [Vari...;0.7260;0;;0.7260
qiskit-algorithms/docs/tutorials/04_vqd.py;/qiskit-algorithms/qiskit_algorithms.minimum_eigensolvers.vqe.VQE;Variational Quantum Eigensolver (VQE);summary;!/usr/bin/env python coding: utf-8 Variational Quantum Deflation (VQD) Algorithm This notebook demonstrates how to use our implementation of the [Vari...;0.7549;0;;0.7549
qiskit-algorithms/docs/tutorials/04_vqd.py;/qiskit-algorithms/qiskit_algorithms.time_evolvers.pvqd.pvqd.PVQD;Variational Quantum Algorithm (VQA);summary;!/usr/bin/env python coding: utf-8 Variational Quantum Deflation (VQD) Algorithm This notebook demonstrates how to use our implementation of the [Vari...;0.6958;0;;0.6958
qiskit-algorithms/docs/tutorials/04_vqd.py;expanded/adapt_vqe_ansatz;Variational Quantum Eigensolver (VQE);summary;!/usr/bin/env python coding: utf-8 Variational Quantum Deflation (VQD) Algorithm This notebook demonstrates how to use our implementation of the [Vari...;0.6938;0;;0.6938
qiskit-algorithms/docs/tutorials/04_vqd.py;expanded/VqlsOptimizer;Variational Quantum Eigensolver (VQE);summary;!/usr/bin/env python coding: utf-8 Variational Quantum Deflation (VQD) Algorithm This notebook demonstrates how to use our implementation of the [Vari...;0.7549;0;;0.7549
qiskit-algorithms/docs/tutorials/04_vqd.py;expanded/get_qc;Variational Quantum Eigensolver (VQE);summary;!/usr/bin/env python coding: utf-8 Variational Quantum Deflation (VQD) Algorithm This notebook demonstrates how to use our implementation of the [Vari...;0.7549;0;;0.7549
qiskit-algorithms/docs/tutorials/04_vqd.py;expanded/adapt_layer;Variational Quantum Eigensolver (VQE);summary;!/usr/bin/env python coding: utf-8 Variational Quantum Deflation (VQD) Algorithm This notebook demonstrates how to use our implementation of the [Vari...;0.6938;0;;0.6938
qiskit-algorithms/docs/tutorials/04_vqd.py;/qiskit/qiskit.circuit.library.n_local.n_local.NLocal;Variational Quantum Algorithm (VQA);name;n_local;1.0000;42;1.0000;
qiskit-algorithms/docs/tutorials/04_vqd.py;/qiskit-algorithms/qiskit_algorithms.state_fidelities.compute_uncompute.ComputeUncompute;Uncompute;name;ComputeUncompute;1.0000;61;1.0000;
qiskit-algorithms/docs/tutorials/04_vqd.py;/qiskit-algorithms/qiskit_algorithms.eigensolvers.vqd.VQD;Variational Quantum Algorithm (VQA);name;VQD;1.0000;98;1.0000;0.7864
qiskit-algorithms/docs/tutorials/05_qaoa.py;/qiskit-algorithms/qiskit_algorithms.minimum_eigensolvers.qaoa.QAOA;Quantum Approximate Optimization Algorithm (QAOA);name;QAOA;1.0000;164;1.0000;
qiskit-algorithms/docs/tutorials/05_qaoa.py;expanded/qaoa;Quantum Approximate Optimization Algorithm (QAOA);name;QAOA;1.0000;164;1.0000;
qiskit-algorithms/docs/tutorials/05_qaoa.py;/qiskit/qiskit.circuit.library.n_local.n_local.NLocal;Variational Quantum Algorithm (VQA);name;n_local;1.0000;204;1.0000;
qiskit-algorithms/docs/tutorials/05_qaoa.py;/qiskit-algorithms/qiskit_algorithms.minimum_eigensolvers.sampling_vqe.SamplingVQE;Variational Quantum Eigensolver (VQE);name;SamplingVQE;1.0000;205;1.0000;
qiskit-algorithms/docs/tutorials/06_grover.py;/classiq/open_library.functions.amplitude_amplification.amplitude_amplification;Amplitude Amplification;summary;!/usr/bin/env python coding: utf-8 Grover's Algorithm and Amplitude Amplification Grover's algorithm is one of the most famous quantum algorithms intr...;0.7121;0;;0.7121
qiskit-algorithms/docs/tutorials/06_grover.py;/classiq/open_library.functions.grover.grover_search;Grover;summary;!/usr/bin/env python coding: utf-8 Grover's Algorithm and Amplitude Amplification Grover's algorithm is one of the most famous quantum algorithms intr...;0.7297;0;;0.7297
qiskit-algorithms/docs/tutorials/06_grover.py;expanded/repeat_grover_until_success;Grover;summary;!/usr/bin/env python coding: utf-8 Grover's Algorithm and Amplitude Amplification Grover's algorithm is one of the most famous quantum algorithms intr...;0.7546;0;;0.7546
qiskit-algorithms/docs/tutorials/06_grover.py;expanded/GroverOptimizer;Grover;summary;!/usr/bin/env python coding: utf-8 Grover's Algorithm and Amplitude Amplification Grover's algorithm is one of the most famous quantum algorithms intr...;0.7546;0;;0.7546
qiskit-algorithms/docs/tutorials/06_grover.py;/qiskit-algorithms/qiskit_algorithms.amplitude_amplifiers.amplification_problem.AmplificationProblem;Amplitude Amplification;name;AmplificationProblem;1.0000;64;1.0000;
qiskit-algorithms/docs/tutorials/06_grover.py;/qiskit-algorithms/qiskit_algorithms.amplitude_amplifiers.grover.Grover;Grover;name;Grover;1.0000;84;1.0000;0.7546
qiskit-algorithms/docs/tutorials/06_grover.py;/qiskit/qiskit.circuit.library.phase_oracle.PhaseOracleGate;Oracle;name;PhaseOracleGate;1.0000;137;1.0000;
qiskit-algorithms/docs/tutorials/06_grover.py;/classiq/open_library.functions.grover.grover_operator;Amplitude Amplification;name;GroverOperator;1.0000;222;1.0000;
qiskit-algorithms/docs/tutorials/06_grover.py;/pennylane/pennylane.templates.subroutines.grover.GroverOperator;Grover;name;GroverOperator;1.0000;222;1.0000;
qiskit-algorithms/docs/tutorials/06_grover.py;/qiskit/qiskit.circuit.library.grover_operator.GroverOperator;Grover;name;GroverOperator;1.0000;222;1.0000;
qiskit-algorithms/docs/tutorials/07_grover_examples.py;/qiskit/qiskit.circuit.library.phase_oracle.PhaseOracleGate;Oracle;name;PhaseOracleGate;1.0000;55;1.0000;
qiskit-algorithms/docs/tutorials/07_grover_examples.py;/qiskit-algorithms/qiskit_algorithms.amplitude_amplifiers.amplification_problem.AmplificationProblem;Amplitude Amplification;name;AmplificationProblem;1.0000;69;1.0000;
qiskit-algorithms/docs/tutorials/07_grover_examples.py;/qiskit-algorithms/qiskit_algorithms.amplitude_amplifiers.grover.Grover;Grover;name;Grover;1.0000;80;1.0000;
qiskit-algorithms/docs/tutorials/10_pvqd.py;/qiskit-algorithms/qiskit_algorithms.time_evolvers.variational.var_qite.VarQITE;Variational Quantum Algorithm (VQA);summary;!/usr/bin/env python coding: utf-8 Projected Variational Quantum Dynamics The projected Variational Quantum Dynamics (p-VQD) algorithm is a quantum al...;0.6515;0;;0.6515
qiskit-algorithms/docs/tutorials/10_pvqd.py;/qiskit-algorithms/qiskit_algorithms.time_evolvers.variational.var_qrte.VarQRTE;Variational Quantum Algorithm (VQA);summary;!/usr/bin/env python coding: utf-8 Projected Variational Quantum Dynamics The projected Variational Quantum Dynamics (p-VQD) algorithm is a quantum al...;0.6691;0;;0.6691
qiskit-algorithms/docs/tutorials/10_pvqd.py;/qiskit-algorithms/qiskit_algorithms.state_fidelities.compute_uncompute.ComputeUncompute;Uncompute;name;ComputeUncompute;1.0000;85;1.0000;
qiskit-algorithms/docs/tutorials/10_pvqd.py;/qiskit-algorithms/qiskit_algorithms.time_evolvers.pvqd.pvqd.PVQD;Variational Quantum Algorithm (VQA);name;PVQD;1.0000;108;1.0000;0.7214
qiskit-algorithms/docs/tutorials/10_pvqd.py;/qiskit-algorithms/qiskit_algorithms.time_evolvers.time_evolution_problem.TimeEvolutionProblem;Variational Quantum Algorithm (VQA);name;TimeEvolutionProblem;1.0000;120;1.0000;
qiskit-algorithms/docs/tutorials/11_VarQTE.py;/qiskit-algorithms/qiskit_algorithms.minimum_eigensolvers.adapt_vqe.AdaptVQE;Variational Quantum Eigensolver (VQE);summary;!/usr/bin/env python coding: utf-8 Variational Quantum Time Evolution This notebook demonstrates how to use the Variational Quantum Time Evolution (Va...;0.6676;0;;0.6676
qiskit-algorithms/docs/tutorials/11_VarQTE.py;/qiskit-algorithms/qiskit_algorithms.minimum_eigensolvers.sampling_vqe.SamplingVQE;Variational Quantum Eigensolver (VQE);summary;!/usr/bin/env python coding: utf-8 Variational Quantum Time Evolution This notebook demonstrates how to use the Variational Quantum Time Evolution (Va...;0.6777;0;;0.6777
qiskit-algorithms/docs/tutorials/11_VarQTE.py;/qiskit-algorithms/qiskit_algorithms.minimum_eigensolvers.vqe.VQE;Variational Quantum Eigensolver (VQE);summary;!/usr/bin/env python coding: utf-8 Variational Quantum Time Evolution This notebook demonstrates how to use the Variational Quantum Time Evolution (Va...;0.6915;0;;0.6915
qiskit-algorithms/docs/tutorials/11_VarQTE.py;/qiskit-algorithms/qiskit_algorithms.time_evolvers.imaginary_time_evolver.ImaginaryTimeEvolver;Variational Quantum Algorithm (VQA);summary;!/usr/bin/env python coding: utf-8 Variational Quantum Time Evolution This notebook demonstrates how to use the Variational Quantum Time Evolution (Va...;0.6652;0;;0.6652
qiskit-algorithms/docs/tutorials/11_VarQTE.py;/qiskit-algorithms/qiskit_algorithms.time_evolvers.pvqd.pvqd.PVQD;Variational Quantum Algorithm (VQA);summary;!/usr/bin/env python coding: utf-8 Variational Quantum Time Evolution This notebook demonstrates how to use the Variational Quantum Time Evolution (Va...;0.6857;0;;0.6857
qiskit-algorithms/docs/tutorials/11_VarQTE.py;expanded/adapt_vqe_ansatz;Variational Quantum Eigensolver (VQE);summary;!/usr/bin/env python coding: utf-8 Variational Quantum Time Evolution This notebook demonstrates how to use the Variational Quantum Time Evolution (Va...;0.6676;0;;0.6676
qiskit-algorithms/docs/tutorials/11_VarQTE.py;expanded/VqlsOptimizer;Variational Quantum Eigensolver (VQE);summary;!/usr/bin/env python coding: utf-8 Variational Quantum Time Evolution This notebook demonstrates how to use the Variational Quantum Time Evolution (Va...;0.6915;0;;0.6915
qiskit-algorithms/docs/tutorials/11_VarQTE.py;expanded/get_qc;Variational Quantum Eigensolver (VQE);summary;!/usr/bin/env python coding: utf-8 Variational Quantum Time Evolution This notebook demonstrates how to use the Variational Quantum Time Evolution (Va...;0.6915;0;;0.6915
qiskit-algorithms/docs/tutorials/11_VarQTE.py;expanded/adapt_layer;Variational Quantum Eigensolver (VQE);summary;!/usr/bin/env python coding: utf-8 Variational Quantum Time Evolution This notebook demonstrates how to use the Variational Quantum Time Evolution (Va...;0.6676;0;;0.6676
qiskit-algorithms/docs/tutorials/11_VarQTE.py;/qiskit/qiskit.circuit.library.n_local.efficient_su2.EfficientSU2;Variational Quantum Algorithm (VQA);name;efficient_su2;1.0000;70;1.0000;
qiskit-algorithms/docs/tutorials/11_VarQTE.py;/qiskit-algorithms/qiskit_algorithms.time_evolvers.variational.variational_principles.imaginary_mc_lachlan_principle.ImaginaryMcLachlanPrinciple;Variational Quantum Algorithm (VQA);name;ImaginaryMcLachlanPrinciple;1.0000;95;1.0000;0.7089
qiskit-algorithms/docs/tutorials/11_VarQTE.py;/qiskit-algorithms/qiskit_algorithms.time_evolvers.time_evolution_problem.TimeEvolutionProblem;Variational Quantum Algorithm (VQA);name;TimeEvolutionProblem;1.0000;107;1.0000;
qiskit-algorithms/docs/tutorials/11_VarQTE.py;/qiskit-algorithms/qiskit_algorithms.time_evolvers.variational.var_qite.VarQITE;Variational Quantum Algorithm (VQA);name;VarQITE;1.0000;118;1.0000;0.8175
qiskit-algorithms/docs/tutorials/11_VarQTE.py;/qiskit-algorithms/qiskit_algorithms.time_evolvers.variational.var_qte.VarQTE;Variational Quantum Algorithm (VQA);name;VarQITE;0.9015;118;0.9015;0.7820
qiskit-algorithms/docs/tutorials/11_VarQTE.py;/qiskit-algorithms/qiskit_algorithms.time_evolvers.variational.variational_principles.real_mc_lachlan_principle.RealMcLachlanPrinciple;Variational Quantum Algorithm (VQA);name;RealMcLachlanPrinciple;1.0000;280;1.0000;0.6826
qiskit-algorithms/docs/tutorials/11_VarQTE.py;/qiskit-algorithms/qiskit_algorithms.time_evolvers.variational.var_qrte.VarQRTE;Variational Quantum Algorithm (VQA);name;VarQRTE;1.0000;299;1.0000;0.7414
qiskit-algorithms/docs/tutorials/12_gradients_framework.py;/qiskit-algorithms/qiskit_algorithms.minimum_eigensolvers.vqe.VQE;Variational Quantum Eigensolver (VQE);name;VQE;1.0000;329;1.0000;
qiskit-algorithms/docs/tutorials/13_trotterQRTE.py;/pennylane/pennylane.templates.subroutines.time_evolution.approx_time_evolution.ApproxTimeEvolution;Hamiltonian Simulation;summary;!/usr/bin/env python coding: utf-8 Quantum Real Time Evolution using Trotterization As a real time evolution technique, the Trotterization or Trotteri...;0.6530;0;;0.6530
qiskit-algorithms/docs/tutorials/13_trotterQRTE.py;/qiskit-algorithms/qiskit_algorithms.time_evolvers.time_evolution_problem.TimeEvolutionProblem;Variational Quantum Algorithm (VQA);name;TimeEvolutionProblem;1.0000;91;1.0000;
qiskit-algorithms/docs/tutorials/13_trotterQRTE.py;/qiskit-algorithms/qiskit_algorithms.time_evolvers.trotterization.trotter_qrte.TrotterQRTE;Initialization;name;TrotterQRTE;1.0000;101;1.0000;0.6942
qiskit-algorithms/docs/tutorials/13_trotterQRTE.py;/qiskit/qiskit.circuit.library.pauli_evolution.PauliEvolutionGate;Hamiltonian Simulation;name;PauliEvolutionGate;1.0000;349;1.0000;
qiskit-algorithms/docs/tutorials/13_trotterQRTE.py;/classiq/qmod.builtins.functions.exponentiation.suzuki_trotter;Hamiltonian Simulation;name;SuzukiTrotter;1.0000;386;1.0000;
qiskit-braket-provider/docs/tutorials/1_tutorial_vqe.py;/qiskit-algorithms/qiskit_algorithms.minimum_eigensolvers.vqe.VQE;Variational Quantum Eigensolver (VQE);name;VQE;1.0000;56;1.0000;
qiskit-braket-provider/docs/tutorials/1_tutorial_vqe.py;/qiskit/qiskit.circuit.library.n_local.n_local.NLocal;Variational Quantum Algorithm (VQA);name;n_local;1.0000;58;1.0000;
qiskit-braket-provider/docs/tutorials/2_tutorial_hybrid_jobs.py;expanded/VqlsOptimizer;Variational Quantum Eigensolver (VQE);summary;!/usr/bin/env python coding: utf-8 Running variational quantum algorithms with Amazon Braket Hybrid Jobs Amazon Braket Hybrid Jobs offers a way for yo...;0.6625;0;;0.6625
qiskit-braket-provider/docs/tutorials/2_tutorial_hybrid_jobs.py;expanded/get_qc;Variational Quantum Eigensolver (VQE);summary;!/usr/bin/env python coding: utf-8 Running variational quantum algorithms with Amazon Braket Hybrid Jobs Amazon Braket Hybrid Jobs offers a way for yo...;0.6625;0;;0.6625
qiskit-braket-provider/docs/tutorials/2_tutorial_hybrid_jobs.py;/qiskit/qiskit.circuit.library.n_local.two_local.TwoLocal;Variational Quantum Algorithm (VQA);name;TwoLocal;1.0000;55;1.0000;
qiskit-braket-provider/docs/tutorials/2_tutorial_hybrid_jobs.py;/qiskit-algorithms/qiskit_algorithms.minimum_eigensolvers.vqe.VQE;Variational Quantum Eigensolver (VQE);name;VQE;1.0000;58;1.0000;0.6625
qiskit-braket-provider/docs/tutorials/3_tutorial_minimum_eigen_optimizer.py;/qiskit-algorithms/qiskit_algorithms.minimum_eigensolvers.vqe.VQE;Variational Quantum Eigensolver (VQE);summary;!/usr/bin/env python coding: utf-8 Minimum Eigen Optimizer About this notebook and the adaptation to the Braket backend The original version of this n...;0.6529;0;;0.6529
qiskit-braket-provider/docs/tutorials/3_tutorial_minimum_eigen_optimizer.py;expanded/QUBO_QAOA;Quantum Approximate Optimization Algorithm (QAOA);summary;!/usr/bin/env python coding: utf-8 Minimum Eigen Optimizer About this notebook and the adaptation to the Braket backend The original version of this n...;0.6619;0;;0.6619
qiskit-braket-provider/docs/tutorials/3_tutorial_minimum_eigen_optimizer.py;expanded/QUBO_QAOA_cvar;Quantum Approximate Optimization Algorithm (QAOA);summary;!/usr/bin/env python coding: utf-8 Minimum Eigen Optimizer About this notebook and the adaptation to the Braket backend The original version of this n...;0.6619;0;;0.6619
qiskit-braket-provider/docs/tutorials/3_tutorial_minimum_eigen_optimizer.py;expanded/optimize_qaoa_params;Quantum Approximate Optimization Algorithm (QAOA);summary;!/usr/bin/env python coding: utf-8 Minimum Eigen Optimizer About this notebook and the adaptation to the Braket backend The original version of this n...;0.6619;0;;0.6619
qiskit-braket-provider/docs/tutorials/3_tutorial_minimum_eigen_optimizer.py;expanded/VqlsOptimizer;Variational Quantum Eigensolver (VQE);summary;!/usr/bin/env python coding: utf-8 Minimum Eigen Optimizer About this notebook and the adaptation to the Braket backend The original version of this n...;0.6529;0;;0.6529
qiskit-braket-provider/docs/tutorials/3_tutorial_minimum_eigen_optimizer.py;expanded/QAOA_ansatz_for_Ising;Quantum Approximate Optimization Algorithm (QAOA);summary;!/usr/bin/env python coding: utf-8 Minimum Eigen Optimizer About this notebook and the adaptation to the Braket backend The original version of this n...;0.6619;0;;0.6619
qiskit-braket-provider/docs/tutorials/3_tutorial_minimum_eigen_optimizer.py;expanded/get_qc;Variational Quantum Eigensolver (VQE);summary;!/usr/bin/env python coding: utf-8 Minimum Eigen Optimizer About this notebook and the adaptation to the Braket backend The original version of this n...;0.6529;0;;0.6529
qiskit-braket-provider/docs/tutorials/3_tutorial_minimum_eigen_optimizer.py;expanded/run_qiro;Quantum Approximate Optimization Algorithm (QAOA);summary;!/usr/bin/env python coding: utf-8 Minimum Eigen Optimizer About this notebook and the adaptation to the Braket backend The original version of this n...;0.6619;0;;0.6619
qiskit-braket-provider/docs/tutorials/3_tutorial_minimum_eigen_optimizer.py;/qiskit-algorithms/qiskit_algorithms.minimum_eigensolvers.qaoa.QAOA;Quantum Approximate Optimization Algorithm (QAOA);name;QAOA;1.0000;112;1.0000;0.6619
qiskit-braket-provider/docs/tutorials/3_tutorial_minimum_eigen_optimizer.py;expanded/qaoa;Quantum Approximate Optimization Algorithm (QAOA);name;QAOA;1.0000;112;1.0000;0.6619
qiskit-braket-provider/docs/tutorials/4_tutorial_native_programming.py;/qiskit/qiskit.circuit.library.generalized_gates.gms.MSGate;Circuit Construction Utility;name;MSGate;1.0000;176;1.0000;
qiskit-finance/docs/tutorials/00_amplitude_estimation.py;/classiq/open_library.functions.qpe.qpe_flexible;Quantum Phase Estimation (QPE);summary;!/usr/bin/env python coding: utf-8 Quantum Amplitude Estimation Given an operator $\mathcal{A}$ that acts as $$ \mathcal{A}|0\rangle = \sqrt{1 - a}|\P...;0.7399;0;;0.7399
qiskit-finance/docs/tutorials/00_amplitude_estimation.py;/classiq/open_library.functions.qpe.qpe;Quantum Phase Estimation (QPE);summary;!/usr/bin/env python coding: utf-8 Quantum Amplitude Estimation Given an operator $\mathcal{A}$ that acts as $$ \mathcal{A}|0\rangle = \sqrt{1 - a}|\P...;0.7157;0;;0.7157
qiskit-finance/docs/tutorials/00_amplitude_estimation.py;/pennylane/pennylane.templates.subroutines.qmc.QuantumMonteCarlo;Domain Specific Application;summary;!/usr/bin/env python coding: utf-8 Quantum Amplitude Estimation Given an operator $\mathcal{A}$ that acts as $$ \mathcal{A}|0\rangle = \sqrt{1 - a}|\P...;0.6810;0;;0.6810
qiskit-finance/docs/tutorials/00_amplitude_estimation.py;/qiskit-algorithms/qiskit_algorithms.phase_estimators.ipe.IterativePhaseEstimation;Quantum Phase Estimation (QPE);summary;!/usr/bin/env python coding: utf-8 Quantum Amplitude Estimation Given an operator $\mathcal{A}$ that acts as $$ \mathcal{A}|0\rangle = \sqrt{1 - a}|\P...;0.6820;0;;0.6820
qiskit-finance/docs/tutorials/00_amplitude_estimation.py;/qiskit-algorithms/qiskit_algorithms.phase_estimators.phase_estimation.PhaseEstimation;Quantum Phase Estimation (QPE);summary;!/usr/bin/env python coding: utf-8 Quantum Amplitude Estimation Given an operator $\mathcal{A}$ that acts as $$ \mathcal{A}|0\rangle = \sqrt{1 - a}|\P...;0.6761;0;;0.6761
qiskit-finance/docs/tutorials/00_amplitude_estimation.py;expanded/my_qpe_flexible;Quantum Phase Estimation (QPE);summary;!/usr/bin/env python coding: utf-8 Quantum Amplitude Estimation Given an operator $\mathcal{A}$ that acts as $$ \mathcal{A}|0\rangle = \sqrt{1 - a}|\P...;0.7399;0;;0.7399
qiskit-finance/docs/tutorials/00_amplitude_estimation.py;expanded/get_qpe_precision;Quantum Phase Estimation (QPE);summary;!/usr/bin/env python coding: utf-8 Quantum Amplitude Estimation Given an operator $\mathcal{A}$ that acts as $$ \mathcal{A}|0\rangle = \sqrt{1 - a}|\P...;0.7157;0;;0.7157
qiskit-finance/docs/tutorials/00_amplitude_estimation.py;expanded/QControlBox;Quantum Phase Estimation (QPE);summary;!/usr/bin/env python coding: utf-8 Quantum Amplitude Estimation Given an operator $\mathcal{A}$ that acts as $$ \mathcal{A}|0\rangle = \sqrt{1 - a}|\P...;0.7399;0;;0.7399
qiskit-finance/docs/tutorials/00_amplitude_estimation.py;expanded/QArray;Quantum Phase Estimation (QPE);summary;!/usr/bin/env python coding: utf-8 Quantum Amplitude Estimation Given an operator $\mathcal{A}$ that acts as $$ \mathcal{A}|0\rangle = \sqrt{1 - a}|\P...;0.7157;0;;0.7157
qiskit-finance/docs/tutorials/00_amplitude_estimation.py;/qiskit-algorithms/qiskit_algorithms.amplitude_estimators.estimation_problem.EstimationProblem;Quantum Amplitude Estimation;name;EstimationProblem;1.0000;107;1.0000;
qiskit-finance/docs/tutorials/00_amplitude_estimation.py;/classiq/open_library.functions.amplitude_estimation.amplitude_estimation;Quantum Amplitude Estimation;name;AmplitudeEstimation;1.0000;133;1.0000;
qiskit-finance/docs/tutorials/00_amplitude_estimation.py;/qiskit-algorithms/qiskit_algorithms.amplitude_estimators.ae.AmplitudeEstimation;Quantum Amplitude Estimation;name;AmplitudeEstimation;1.0000;133;1.0000;0.8091
qiskit-finance/docs/tutorials/00_amplitude_estimation.py;/qiskit-algorithms/qiskit_algorithms.amplitude_estimators.iae.IterativeAmplitudeEstimation;Quantum Amplitude Estimation;name;IterativeAmplitudeEstimation;1.0000;216;1.0000;
qiskit-finance/docs/tutorials/00_amplitude_estimation.py;/qiskit-algorithms/qiskit_algorithms.amplitude_estimators.mlae.MaximumLikelihoodAmplitudeEstimation;Quantum Amplitude Estimation;name;MaximumLikelihoodAmplitudeEstimation;1.0000;244;1.0000;
qiskit-finance/docs/tutorials/00_amplitude_estimation.py;/qiskit-algorithms/qiskit_algorithms.amplitude_estimators.fae.FasterAmplitudeEstimation;Quantum Amplitude Estimation;name;FasterAmplitudeEstimation;1.0000;262;1.0000;
qiskit-finance/docs/tutorials/01_portfolio_optimization.py;/qiskit/qiskit.circuit.library.n_local.two_local.TwoLocal;Variational Quantum Algorithm (VQA);name;TwoLocal;1.0000;154;1.0000;
qiskit-finance/docs/tutorials/01_portfolio_optimization.py;/qiskit-algorithms/qiskit_algorithms.minimum_eigensolvers.sampling_vqe.SamplingVQE;Variational Quantum Eigensolver (VQE);name;SamplingVQE;1.0000;155;1.0000;
qiskit-finance/docs/tutorials/01_portfolio_optimization.py;/qiskit-algorithms/qiskit_algorithms.minimum_eigensolvers.qaoa.QAOA;Quantum Approximate Optimization Algorithm (QAOA);name;QAOA;1.0000;173;1.0000;
qiskit-finance/docs/tutorials/01_portfolio_optimization.py;expanded/qaoa;Quantum Approximate Optimization Algorithm (QAOA);name;QAOA;1.0000;173;1.0000;
qiskit-finance/docs/tutorials/02_portfolio_diversification.py;/qiskit/qiskit.circuit.library.n_local.two_local.TwoLocal;Variational Quantum Algorithm (VQA);name;TwoLocal;1.0000;395;1.0000;
qiskit-finance/docs/tutorials/02_portfolio_diversification.py;/qiskit-algorithms/qiskit_algorithms.minimum_eigensolvers.sampling_vqe.SamplingVQE;Variational Quantum Eigensolver (VQE);name;SamplingVQE;1.0000;396;1.0000;
qiskit-finance/docs/tutorials/02_portfolio_diversification.py;/qiskit-algorithms/qiskit_algorithms.minimum_eigensolvers.qaoa.QAOA;Quantum Approximate Optimization Algorithm (QAOA);name;QAOA;1.0000;405;1.0000;
qiskit-finance/docs/tutorials/02_portfolio_diversification.py;expanded/qaoa;Quantum Approximate Optimization Algorithm (QAOA);name;QAOA;1.0000;405;1.0000;
qiskit-finance/docs/tutorials/03_european_call_option_pricing.py;/qiskit-algorithms/qiskit_algorithms.amplitude_estimators.estimation_problem.EstimationProblem;Quantum Amplitude Estimation;name;EstimationProblem;1.0000;200;1.0000;
qiskit-finance/docs/tutorials/03_european_call_option_pricing.py;/qiskit-algorithms/qiskit_algorithms.amplitude_estimators.iae.IterativeAmplitudeEstimation;Quantum Amplitude Estimation;name;IterativeAmplitudeEstimation;1.0000;206;1.0000;
qiskit-finance/docs/tutorials/04_european_put_option_pricing.py;/qiskit-algorithms/qiskit_algorithms.amplitude_estimators.estimation_problem.EstimationProblem;Quantum Amplitude Estimation;name;EstimationProblem;1.0000;187;1.0000;
qiskit-finance/docs/tutorials/04_european_put_option_pricing.py;/qiskit-algorithms/qiskit_algorithms.amplitude_estimators.iae.IterativeAmplitudeEstimation;Quantum Amplitude Estimation;name;IterativeAmplitudeEstimation;1.0000;193;1.0000;
qiskit-finance/docs/tutorials/05_bull_spread_pricing.py;/qiskit-algorithms/qiskit_algorithms.amplitude_estimators.estimation_problem.EstimationProblem;Quantum Amplitude Estimation;name;EstimationProblem;1.0000;201;1.0000;
qiskit-finance/docs/tutorials/05_bull_spread_pricing.py;/qiskit-algorithms/qiskit_algorithms.amplitude_estimators.iae.IterativeAmplitudeEstimation;Quantum Amplitude Estimation;name;IterativeAmplitudeEstimation;1.0000;207;1.0000;
qiskit-finance/docs/tutorials/06_basket_option_pricing.py;/pennylane/pennylane.templates.subroutines.qmc.QuantumMonteCarlo;Domain Specific Application;summary;"!/usr/bin/env python coding: utf-8 Pricing Basket Options Introduction <br> Suppose a <a href=""https://www.investopedia.com/terms/b/basketoption.asp"">...";0.6622;0;;0.6622
qiskit-finance/docs/tutorials/06_basket_option_pricing.py;/qiskit/qiskit.circuit.library.arithmetic.weighted_adder.WeightedAdder;Quantum Arithmetic;name;WeightedAdder;1.0000;149;1.0000;
qiskit-finance/docs/tutorials/06_basket_option_pricing.py;/qiskit-algorithms/qiskit_algorithms.amplitude_estimators.estimation_problem.EstimationProblem;Quantum Amplitude Estimation;name;EstimationProblem;1.0000;287;1.0000;
qiskit-finance/docs/tutorials/06_basket_option_pricing.py;/qiskit-algorithms/qiskit_algorithms.amplitude_estimators.iae.IterativeAmplitudeEstimation;Quantum Amplitude Estimation;name;IterativeAmplitudeEstimation;1.0000;293;1.0000;
qiskit-finance/docs/tutorials/07_asian_barrier_spread_pricing.py;/qiskit/qiskit.circuit.library.arithmetic.weighted_adder.WeightedAdder;Quantum Arithmetic;name;WeightedAdder;1.0000;172;1.0000;
qiskit-finance/docs/tutorials/07_asian_barrier_spread_pricing.py;/qiskit/qiskit.circuit.library.arithmetic.integer_comparator.IntegerComparator;Quantum Arithmetic;name;IntegerComparator;1.0000;210;1.0000;
qiskit-finance/docs/tutorials/07_asian_barrier_spread_pricing.py;/qiskit-algorithms/qiskit_algorithms.amplitude_estimators.estimation_problem.EstimationProblem;Quantum Amplitude Estimation;name;EstimationProblem;1.0000;395;1.0000;
qiskit-finance/docs/tutorials/07_asian_barrier_spread_pricing.py;/qiskit-algorithms/qiskit_algorithms.amplitude_estimators.iae.IterativeAmplitudeEstimation;Quantum Amplitude Estimation;name;IterativeAmplitudeEstimation;1.0000;401;1.0000;
qiskit-finance/docs/tutorials/08_fixed_income_pricing.py;/qiskit-algorithms/qiskit_algorithms.amplitude_estimators.estimation_problem.EstimationProblem;Quantum Amplitude Estimation;name;to_estimation_problem;0.9323;172;0.9323;
qiskit-finance/docs/tutorials/08_fixed_income_pricing.py;/qiskit-algorithms/qiskit_algorithms.amplitude_estimators.iae.IterativeAmplitudeEstimation;Quantum Amplitude Estimation;name;IterativeAmplitudeEstimation;1.0000;174;1.0000;
qiskit-finance/docs/tutorials/09_credit_risk_analysis.py;/pennylane/pennylane.templates.subroutines.qmc.QuantumMonteCarlo;Domain Specific Application;summary;!/usr/bin/env python coding: utf-8 Credit Risk Analysis Introduction This tutorial shows how quantum algorithms can be used for credit risk analysis. ...;0.6566;0;;0.6566
qiskit-finance/docs/tutorials/09_credit_risk_analysis.py;/qiskit/qiskit.circuit.library.arithmetic.weighted_adder.WeightedAdder;Quantum Arithmetic;name;WeightedAdder;1.0000;246;1.0000;
qiskit-finance/docs/tutorials/09_credit_risk_analysis.py;/qiskit-algorithms/qiskit_algorithms.amplitude_estimators.estimation_problem.EstimationProblem;Quantum Amplitude Estimation;name;EstimationProblem;1.0000;338;1.0000;
qiskit-finance/docs/tutorials/09_credit_risk_analysis.py;/qiskit-algorithms/qiskit_algorithms.amplitude_estimators.iae.IterativeAmplitudeEstimation;Quantum Amplitude Estimation;name;IterativeAmplitudeEstimation;1.0000;344;1.0000;
qiskit-finance/docs/tutorials/09_credit_risk_analysis.py;/qiskit/qiskit.circuit.library.arithmetic.integer_comparator.IntegerComparator;Quantum Arithmetic;name;IntegerComparator;1.0000;384;1.0000;
qiskit-finance/docs/tutorials/10_qgan_option_pricing.py;/qiskit/qiskit.circuit.library.n_local.two_local.TwoLocal;Variational Quantum Algorithm (VQA);name;TwoLocal;1.0000;52;1.0000;
qiskit-finance/docs/tutorials/10_qgan_option_pricing.py;/qiskit-algorithms/qiskit_algorithms.amplitude_estimators.estimation_problem.EstimationProblem;Quantum Amplitude Estimation;name;to_estimation_problem;0.9323;166;0.9323;
qiskit-finance/docs/tutorials/10_qgan_option_pricing.py;/qiskit-algorithms/qiskit_algorithms.amplitude_estimators.iae.IterativeAmplitudeEstimation;Quantum Amplitude Estimation;name;IterativeAmplitudeEstimation;1.0000;168;1.0000;
qiskit-machine-learning/docs/tutorials/01_neural_networks.py;/pennylane/pennylane.templates.embeddings.qaoaembedding.QAOAEmbedding;Quantum Approximate Optimization Algorithm (QAOA);summary;!/usr/bin/env python coding: utf-8 Quantum Neural Networks Overview This notebook demonstrates different quantum neural network (QNN) implementations ...;0.6747;0;;0.6747
qiskit-machine-learning/docs/tutorials/01_neural_networks.py;/pennylane/pennylane.templates.layers.cv_neural_net.CVNeuralNetLayers;Quantum Neural Network (QNN);summary;!/usr/bin/env python coding: utf-8 Quantum Neural Networks Overview This notebook demonstrates different quantum neural network (QNN) implementations ...;0.6760;0;;0.6760
qiskit-machine-learning/docs/tutorials/02_neural_network_classifier_and_regressor.py;/pennylane/pennylane.templates.embeddings.qaoaembedding.QAOAEmbedding;Quantum Approximate Optimization Algorithm (QAOA);summary;!/usr/bin/env python coding: utf-8 Neural Network Classifier & Regressor In this tutorial we show how the `NeuralNetworkClassifier` and `NeuralNetwork...;0.6573;0;;0.6573
qiskit-machine-learning/docs/tutorials/02_neural_network_classifier_and_regressor.py;/qiskit/qiskit.circuit.library.data_preparation.pauli_feature_map.z_feature_map;Data Encoding;name;zz_feature_map;0.9408;272;0.9408;
qiskit-machine-learning/docs/tutorials/02_neural_network_classifier_and_regressor.py;/qiskit/qiskit.circuit.library.data_preparation.pauli_feature_map.zz_feature_map;Data Encoding;name;zz_feature_map;1.0000;272;1.0000;
qiskit-machine-learning/docs/tutorials/02_neural_network_classifier_and_regressor.py;/qiskit/qiskit.circuit.library.n_local.real_amplitudes.RealAmplitudes;Variational Quantum Algorithm (VQA);name;real_amplitudes;1.0000;273;1.0000;
qiskit-machine-learning/docs/tutorials/02a_training_a_quantum_model_on_a_real_dataset.py;/qiskit/qiskit.circuit.library.data_preparation.pauli_feature_map.z_feature_map;Data Encoding;name;zz_feature_map;0.9408;149;0.9408;
qiskit-machine-learning/docs/tutorials/02a_training_a_quantum_model_on_a_real_dataset.py;/qiskit/qiskit.circuit.library.data_preparation.pauli_feature_map.zz_feature_map;Data Encoding;name;zz_feature_map;1.0000;149;1.0000;
qiskit-machine-learning/docs/tutorials/02a_training_a_quantum_model_on_a_real_dataset.py;/qiskit/qiskit.circuit.library.n_local.real_amplitudes.RealAmplitudes;Variational Quantum Algorithm (VQA);name;real_amplitudes;1.0000;162;1.0000;
qiskit-machine-learning/docs/tutorials/02a_training_a_quantum_model_on_a_real_dataset.py;/qiskit/qiskit.circuit.library.n_local.efficient_su2.EfficientSU2;Variational Quantum Algorithm (VQA);name;efficient_su2;1.0000;362;1.0000;
qiskit-machine-learning/docs/tutorials/03_quantum_kernel.py;/qiskit/qiskit.circuit.library.data_preparation.pauli_feature_map.z_feature_map;Data Encoding;name;zz_feature_map;0.9408;183;0.9408;
qiskit-machine-learning/docs/tutorials/03_quantum_kernel.py;/qiskit/qiskit.circuit.library.data_preparation.pauli_feature_map.zz_feature_map;Data Encoding;name;zz_feature_map;1.0000;183;1.0000;
qiskit-machine-learning/docs/tutorials/03_quantum_kernel.py;/qiskit-algorithms/qiskit_algorithms.state_fidelities.compute_uncompute.ComputeUncompute;Uncompute;name;ComputeUncompute;1.0000;187;1.0000;
qiskit-machine-learning/docs/tutorials/04_torch_qgan.py;/qiskit/qiskit.circuit.library.n_local.efficient_su2.EfficientSU2;Variational Quantum Algorithm (VQA);name;efficient_su2;1.0000;144;1.0000;
qiskit-machine-learning/docs/tutorials/05_torch_connector.py;/qiskit/qiskit.circuit.library.data_preparation.pauli_feature_map.z_feature_map;Data Encoding;name;zz_feature_map;0.9408;92;0.9408;
qiskit-machine-learning/docs/tutorials/05_torch_connector.py;/qiskit/qiskit.circuit.library.data_preparation.pauli_feature_map.zz_feature_map;Data Encoding;name;zz_feature_map;1.0000;92;1.0000;
qiskit-machine-learning/docs/tutorials/05_torch_connector.py;/qiskit/qiskit.circuit.library.n_local.real_amplitudes.RealAmplitudes;Variational Quantum Algorithm (VQA);name;real_amplitudes;1.0000;93;1.0000;
qiskit-machine-learning/docs/tutorials/07_pegasos_qsvc.py;/qiskit-algorithms/qiskit_algorithms.state_fidelities.compute_uncompute.ComputeUncompute;Uncompute;name;ComputeUncompute;1.0000;76;1.0000;
qiskit-machine-learning/docs/tutorials/07_pegasos_qsvc.py;/qiskit/qiskit.circuit.library.data_preparation.pauli_feature_map.z_feature_map;Data Encoding;name;z_feature_map;1.0000;80;1.0000;
qiskit-machine-learning/docs/tutorials/07_pegasos_qsvc.py;/qiskit/qiskit.circuit.library.data_preparation.pauli_feature_map.zz_feature_map;Data Encoding;name;z_feature_map;0.9408;80;0.9408;
qiskit-machine-learning/docs/tutorials/08_quantum_kernel_trainer.py;/qiskit/qiskit.circuit.library.data_preparation.pauli_feature_map.z_feature_map;Data Encoding;name;zz_feature_map;0.9408;151;0.9408;
qiskit-machine-learning/docs/tutorials/08_quantum_kernel_trainer.py;/qiskit/qiskit.circuit.library.data_preparation.pauli_feature_map.zz_feature_map;Data Encoding;name;zz_feature_map;1.0000;151;1.0000;
qiskit-machine-learning/docs/tutorials/08_quantum_kernel_trainer.py;/qiskit-algorithms/qiskit_algorithms.state_fidelities.compute_uncompute.ComputeUncompute;Uncompute;name;ComputeUncompute;1.0000;175;1.0000;
qiskit-machine-learning/docs/tutorials/09_saving_and_loading_models.py;/qiskit/qiskit.circuit.library.n_local.real_amplitudes.RealAmplitudes;Variational Quantum Algorithm (VQA);name;real_amplitudes;1.0000;217;1.0000;
qiskit-machine-learning/docs/tutorials/10_effective_dimension.py;/qiskit/qiskit.circuit.library.data_preparation.pauli_feature_map.z_feature_map;Data Encoding;name;z_feature_map;1.0000;70;1.0000;
qiskit-machine-learning/docs/tutorials/10_effective_dimension.py;/qiskit/qiskit.circuit.library.data_preparation.pauli_feature_map.zz_feature_map;Data Encoding;name;z_feature_map;0.9408;70;0.9408;
qiskit-machine-learning/docs/tutorials/10_effective_dimension.py;/qiskit/qiskit.circuit.library.n_local.real_amplitudes.RealAmplitudes;Variational Quantum Algorithm (VQA);name;real_amplitudes;1.0000;71;1.0000;
qiskit-machine-learning/docs/tutorials/11_quantum_convolutional_neural_networks.py;/qiskit/qiskit.circuit.library.data_preparation.pauli_feature_map.z_feature_map;Data Encoding;name;z_feature_map;1.0000;334;1.0000;
qiskit-machine-learning/docs/tutorials/11_quantum_convolutional_neural_networks.py;/qiskit/qiskit.circuit.library.data_preparation.pauli_feature_map.zz_feature_map;Data Encoding;name;z_feature_map;0.9408;334;0.9408;
qiskit-machine-learning/docs/tutorials/12_quantum_autoencoder.py;/qiskit/qiskit.circuit.library.n_local.real_amplitudes.RealAmplitudes;Variational Quantum Algorithm (VQA);name;real_amplitudes;1.0000;152;1.0000;
qiskit-nature/docs/tutorials/03_ground_state_solvers.py;/pennylane/pennylane.templates.subroutines.qchem.uccsd.UCCSD;Variational Quantum Eigensolver (VQE);name;UCCSD;1.0000;71;1.0000;
qiskit-nature/docs/tutorials/03_ground_state_solvers.py;/qiskit-algorithms/qiskit_algorithms.minimum_eigensolvers.vqe.VQE;Variational Quantum Eigensolver (VQE);name;VQE;1.0000;82;1.0000;
qiskit-nature/docs/tutorials/03_ground_state_solvers.py;/qiskit/qiskit.circuit.library.n_local.two_local.TwoLocal;Variational Quantum Algorithm (VQA);name;TwoLocal;1.0000;100;1.0000;
qiskit-nature/docs/tutorials/04_excited_states_solvers.py;/pennylane/pennylane.templates.subroutines.qchem.uccsd.UCCSD;Variational Quantum Eigensolver (VQE);name;UCCSD;1.0000;107;1.0000;
qiskit-nature/docs/tutorials/04_excited_states_solvers.py;/qiskit-algorithms/qiskit_algorithms.minimum_eigensolvers.vqe.VQE;Variational Quantum Eigensolver (VQE);name;VQE;1.0000;121;1.0000;
qiskit-nature/docs/tutorials/12_deuteron_binding_energy.py;/qiskit-algorithms/qiskit_algorithms.minimum_eigensolvers.vqe.VQE;Variational Quantum Eigensolver (VQE);name;VQE;1.0000;230;1.0000;
qiskit-nature/docs/tutorials/12_deuteron_binding_energy.py;/qiskit/qiskit.circuit.library.n_local.two_local.TwoLocal;Variational Quantum Algorithm (VQA);name;TwoLocal;1.0000;297;1.0000;
qiskit-optimization/docs/tutorials/03_minimum_eigen_optimizer.py;/qiskit-algorithms/qiskit_algorithms.minimum_eigensolvers.sampling_vqe.SamplingVQE;Variational Quantum Eigensolver (VQE);summary;!/usr/bin/env python coding: utf-8 Minimum Eigen Optimizer Introduction An interesting class of optimization problems to be addressed by quantum compu...;0.6668;0;;0.6668
qiskit-optimization/docs/tutorials/03_minimum_eigen_optimizer.py;/qiskit-algorithms/qiskit_algorithms.minimum_eigensolvers.vqe.VQE;Variational Quantum Eigensolver (VQE);summary;!/usr/bin/env python coding: utf-8 Minimum Eigen Optimizer Introduction An interesting class of optimization problems to be addressed by quantum compu...;0.6724;0;;0.6724
qiskit-optimization/docs/tutorials/03_minimum_eigen_optimizer.py;expanded/QUBO_QAOA;Quantum Approximate Optimization Algorithm (QAOA);summary;!/usr/bin/env python coding: utf-8 Minimum Eigen Optimizer Introduction An interesting class of optimization problems to be addressed by quantum compu...;0.6657;0;;0.6657
qiskit-optimization/docs/tutorials/03_minimum_eigen_optimizer.py;expanded/QUBO_QAOA_cvar;Quantum Approximate Optimization Algorithm (QAOA);summary;!/usr/bin/env python coding: utf-8 Minimum Eigen Optimizer Introduction An interesting class of optimization problems to be addressed by quantum compu...;0.6657;0;;0.6657
qiskit-optimization/docs/tutorials/03_minimum_eigen_optimizer.py;expanded/optimize_qaoa_params;Quantum Approximate Optimization Algorithm (QAOA);summary;!/usr/bin/env python coding: utf-8 Minimum Eigen Optimizer Introduction An interesting class of optimization problems to be addressed by quantum compu...;0.6657;0;;0.6657
qiskit-optimization/docs/tutorials/03_minimum_eigen_optimizer.py;expanded/VqlsOptimizer;Variational Quantum Eigensolver (VQE);summary;!/usr/bin/env python coding: utf-8 Minimum Eigen Optimizer Introduction An interesting class of optimization problems to be addressed by quantum compu...;0.6724;0;;0.6724
qiskit-optimization/docs/tutorials/03_minimum_eigen_optimizer.py;expanded/QAOA_ansatz_for_Ising;Quantum Approximate Optimization Algorithm (QAOA);summary;!/usr/bin/env python coding: utf-8 Minimum Eigen Optimizer Introduction An interesting class of optimization problems to be addressed by quantum compu...;0.6657;0;;0.6657
qiskit-optimization/docs/tutorials/03_minimum_eigen_optimizer.py;expanded/get_qc;Variational Quantum Eigensolver (VQE);summary;!/usr/bin/env python coding: utf-8 Minimum Eigen Optimizer Introduction An interesting class of optimization problems to be addressed by quantum compu...;0.6724;0;;0.6724
qiskit-optimization/docs/tutorials/03_minimum_eigen_optimizer.py;expanded/run_qiro;Quantum Approximate Optimization Algorithm (QAOA);summary;!/usr/bin/env python coding: utf-8 Minimum Eigen Optimizer Introduction An interesting class of optimization problems to be addressed by quantum compu...;0.6657;0;;0.6657
qiskit-optimization/docs/tutorials/03_minimum_eigen_optimizer.py;/qiskit-algorithms/qiskit_algorithms.minimum_eigensolvers.qaoa.QAOA;Quantum Approximate Optimization Algorithm (QAOA);name;QAOA;1.0000;100;1.0000;0.6657
qiskit-optimization/docs/tutorials/03_minimum_eigen_optimizer.py;expanded/qaoa;Quantum Approximate Optimization Algorithm (QAOA);name;QAOA;1.0000;100;1.0000;0.6657
qiskit-optimization/docs/tutorials/04_grover_optimizer.py;/classiq/open_library.functions.grover.grover_search;Grover;summary;!/usr/bin/env python coding: utf-8 Grover Optimizer Introduction Grover Adaptive Search (GAS) has been explored as a possible solution for combinatori...;0.7253;0;;0.7253
qiskit-optimization/docs/tutorials/04_grover_optimizer.py;/qiskit-algorithms/qiskit_algorithms.amplitude_amplifiers.grover.Grover;Grover;summary;!/usr/bin/env python coding: utf-8 Grover Optimizer Introduction Grover Adaptive Search (GAS) has been explored as a possible solution for combinatori...;0.7545;0;;0.7545
qiskit-optimization/docs/tutorials/04_grover_optimizer.py;/qiskit-algorithms/qiskit_algorithms.minimum_eigensolvers.qaoa.QAOA;Quantum Approximate Optimization Algorithm (QAOA);summary;!/usr/bin/env python coding: utf-8 Grover Optimizer Introduction Grover Adaptive Search (GAS) has been explored as a possible solution for combinatori...;0.6714;0;;0.6714
qiskit-optimization/docs/tutorials/04_grover_optimizer.py;expanded/qaoa;Quantum Approximate Optimization Algorithm (QAOA);summary;!/usr/bin/env python coding: utf-8 Grover Optimizer Introduction Grover Adaptive Search (GAS) has been explored as a possible solution for combinatori...;0.6714;0;;0.6714
qiskit-optimization/docs/tutorials/04_grover_optimizer.py;expanded/QUBO_QAOA;Quantum Approximate Optimization Algorithm (QAOA);summary;!/usr/bin/env python coding: utf-8 Grover Optimizer Introduction Grover Adaptive Search (GAS) has been explored as a possible solution for combinatori...;0.6714;0;;0.6714
qiskit-optimization/docs/tutorials/04_grover_optimizer.py;expanded/QUBO_QAOA_cvar;Quantum Approximate Optimization Algorithm (QAOA);summary;!/usr/bin/env python coding: utf-8 Grover Optimizer Introduction Grover Adaptive Search (GAS) has been explored as a possible solution for combinatori...;0.6714;0;;0.6714
qiskit-optimization/docs/tutorials/04_grover_optimizer.py;expanded/repeat_grover_until_success;Grover;summary;!/usr/bin/env python coding: utf-8 Grover Optimizer Introduction Grover Adaptive Search (GAS) has been explored as a possible solution for combinatori...;0.7545;0;;0.7545
qiskit-optimization/docs/tutorials/04_grover_optimizer.py;expanded/optimize_qaoa_params;Quantum Approximate Optimization Algorithm (QAOA);summary;!/usr/bin/env python coding: utf-8 Grover Optimizer Introduction Grover Adaptive Search (GAS) has been explored as a possible solution for combinatori...;0.6714;0;;0.6714
qiskit-optimization/docs/tutorials/04_grover_optimizer.py;expanded/QAOA_ansatz_for_Ising;Quantum Approximate Optimization Algorithm (QAOA);summary;!/usr/bin/env python coding: utf-8 Grover Optimizer Introduction Grover Adaptive Search (GAS) has been explored as a possible solution for combinatori...;0.6714;0;;0.6714
qiskit-optimization/docs/tutorials/04_grover_optimizer.py;expanded/run_qiro;Quantum Approximate Optimization Algorithm (QAOA);summary;!/usr/bin/env python coding: utf-8 Grover Optimizer Introduction Grover Adaptive Search (GAS) has been explored as a possible solution for combinatori...;0.6714;0;;0.6714
qiskit-optimization/docs/tutorials/04_grover_optimizer.py;expanded/GroverOptimizer;Grover;name;GroverOptimizer;1.0000;83;1.0000;0.7545
qiskit-optimization/docs/tutorials/05_admm_optimizer.py;/qiskit-algorithms/qiskit_algorithms.minimum_eigensolvers.qaoa.QAOA;Quantum Approximate Optimization Algorithm (QAOA);name;QAOA;1.0000;97;1.0000;
qiskit-optimization/docs/tutorials/05_admm_optimizer.py;expanded/qaoa;Quantum Approximate Optimization Algorithm (QAOA);name;QAOA;1.0000;97;1.0000;
qiskit-optimization/docs/tutorials/06_examples_max_cut_and_tsp.py;/qiskit/qiskit.circuit.library.n_local.n_local.NLocal;Variational Quantum Algorithm (VQA);name;n_local;1.0000;238;1.0000;
qiskit-optimization/docs/tutorials/06_examples_max_cut_and_tsp.py;/qiskit-algorithms/qiskit_algorithms.minimum_eigensolvers.sampling_vqe.SamplingVQE;Variational Quantum Eigensolver (VQE);name;SamplingVQE;1.0000;239;1.0000;
qiskit-optimization/docs/tutorials/06_examples_max_cut_and_tsp.py;/qiskit/qiskit.circuit.library.generalized_gates.permutation.Permutation;Circuit Construction Utility;name;permutations;0.9776;324;0.9776;
qiskit-optimization/docs/tutorials/07_examples_vehicle_routing.py;/qiskit-algorithms/qiskit_algorithms.minimum_eigensolvers.sampling_vqe.SamplingVQE;Variational Quantum Eigensolver (VQE);name;SamplingVQE;1.0000;494;1.0000;
qiskit-optimization/docs/tutorials/07_examples_vehicle_routing.py;/qiskit/qiskit.circuit.library.n_local.real_amplitudes.RealAmplitudes;Variational Quantum Algorithm (VQA);name;real_amplitudes;1.0000;497;1.0000;
qiskit-optimization/docs/tutorials/08_cvar_optimization.py;/qiskit-algorithms/qiskit_algorithms.minimum_eigensolvers.qaoa.QAOA;Quantum Approximate Optimization Algorithm (QAOA);summary;!/usr/bin/env python coding: utf-8 Improving Variational Quantum Optimization using CVaR Introduction This notebook shows how to use the Conditional V...;0.6673;0;;0.6673
qiskit-optimization/docs/tutorials/08_cvar_optimization.py;expanded/qaoa;Quantum Approximate Optimization Algorithm (QAOA);summary;!/usr/bin/env python coding: utf-8 Improving Variational Quantum Optimization using CVaR Introduction This notebook shows how to use the Conditional V...;0.6673;0;;0.6673
qiskit-optimization/docs/tutorials/08_cvar_optimization.py;expanded/QUBO_QAOA;Quantum Approximate Optimization Algorithm (QAOA);summary;!/usr/bin/env python coding: utf-8 Improving Variational Quantum Optimization using CVaR Introduction This notebook shows how to use the Conditional V...;0.6673;0;;0.6673
qiskit-optimization/docs/tutorials/08_cvar_optimization.py;expanded/QUBO_QAOA_cvar;Quantum Approximate Optimization Algorithm (QAOA);summary;!/usr/bin/env python coding: utf-8 Improving Variational Quantum Optimization using CVaR Introduction This notebook shows how to use the Conditional V...;0.6673;0;;0.6673
qiskit-optimization/docs/tutorials/08_cvar_optimization.py;expanded/optimize_qaoa_params;Quantum Approximate Optimization Algorithm (QAOA);summary;!/usr/bin/env python coding: utf-8 Improving Variational Quantum Optimization using CVaR Introduction This notebook shows how to use the Conditional V...;0.6673;0;;0.6673
qiskit-optimization/docs/tutorials/08_cvar_optimization.py;expanded/QAOA_ansatz_for_Ising;Quantum Approximate Optimization Algorithm (QAOA);summary;!/usr/bin/env python coding: utf-8 Improving Variational Quantum Optimization using CVaR Introduction This notebook shows how to use the Conditional V...;0.6673;0;;0.6673
qiskit-optimization/docs/tutorials/08_cvar_optimization.py;expanded/run_qiro;Quantum Approximate Optimization Algorithm (QAOA);summary;!/usr/bin/env python coding: utf-8 Improving Variational Quantum Optimization using CVaR Introduction This notebook shows how to use the Conditional V...;0.6673;0;;0.6673
qiskit-optimization/docs/tutorials/08_cvar_optimization.py;/qiskit/qiskit.circuit.library.n_local.real_amplitudes.RealAmplitudes;Variational Quantum Algorithm (VQA);name;real_amplitudes;1.0000;116;1.0000;
qiskit-optimization/docs/tutorials/08_cvar_optimization.py;/qiskit-algorithms/qiskit_algorithms.minimum_eigensolvers.sampling_vqe.SamplingVQE;Variational Quantum Eigensolver (VQE);name;SamplingVQE;1.0000;145;1.0000;
qiskit-optimization/docs/tutorials/09_application_classes.py;/qiskit-algorithms/qiskit_algorithms.minimum_eigensolvers.qaoa.QAOA;Quantum Approximate Optimization Algorithm (QAOA);name;QAOA;1.0000;114;1.0000;
qiskit-optimization/docs/tutorials/09_application_classes.py;expanded/qaoa;Quantum Approximate Optimization Algorithm (QAOA);name;QAOA;1.0000;114;1.0000;
qiskit-optimization/docs/tutorials/10_warm_start_qaoa.py;expanded/QUBO_QAOA;Quantum Approximate Optimization Algorithm (QAOA);summary;!/usr/bin/env python coding: utf-8 Warm-starting quantum optimization Introduction Optimization problems with integer variables or constraints are oft...;0.6574;0;;0.6574
qiskit-optimization/docs/tutorials/10_warm_start_qaoa.py;expanded/QUBO_QAOA_cvar;Quantum Approximate Optimization Algorithm (QAOA);summary;!/usr/bin/env python coding: utf-8 Warm-starting quantum optimization Introduction Optimization problems with integer variables or constraints are oft...;0.6574;0;;0.6574
qiskit-optimization/docs/tutorials/10_warm_start_qaoa.py;expanded/optimize_qaoa_params;Quantum Approximate Optimization Algorithm (QAOA);summary;!/usr/bin/env python coding: utf-8 Warm-starting quantum optimization Introduction Optimization problems with integer variables or constraints are oft...;0.6574;0;;0.6574
qiskit-optimization/docs/tutorials/10_warm_start_qaoa.py;expanded/QAOA_ansatz_for_Ising;Quantum Approximate Optimization Algorithm (QAOA);summary;!/usr/bin/env python coding: utf-8 Warm-starting quantum optimization Introduction Optimization problems with integer variables or constraints are oft...;0.6574;0;;0.6574
qiskit-optimization/docs/tutorials/10_warm_start_qaoa.py;expanded/run_qiro;Quantum Approximate Optimization Algorithm (QAOA);summary;!/usr/bin/env python coding: utf-8 Warm-starting quantum optimization Introduction Optimization problems with integer variables or constraints are oft...;0.6574;0;;0.6574
qiskit-optimization/docs/tutorials/10_warm_start_qaoa.py;/qiskit-algorithms/qiskit_algorithms.minimum_eigensolvers.qaoa.QAOA;Quantum Approximate Optimization Algorithm (QAOA);name;QAOA;1.0000;157;1.0000;0.6574
qiskit-optimization/docs/tutorials/10_warm_start_qaoa.py;expanded/qaoa;Quantum Approximate Optimization Algorithm (QAOA);name;QAOA;1.0000;157;1.0000;0.6574
qiskit-optimization/docs/tutorials/11_using_classical_optimization_solvers_and_models.py;/qiskit-algorithms/qiskit_algorithms.minimum_eigensolvers.qaoa.QAOA;Quantum Approximate Optimization Algorithm (QAOA);name;QAOA;1.0000;74;1.0000;
qiskit-optimization/docs/tutorials/11_using_classical_optimization_solvers_and_models.py;expanded/qaoa;Quantum Approximate Optimization Algorithm (QAOA);name;QAOA;1.0000;74;1.0000;
qiskit-optimization/docs/tutorials/12_quantum_random_access_optimizer.py;/qiskit-algorithms/qiskit_algorithms.minimum_eigensolvers.qaoa.QAOA;Quantum Approximate Optimization Algorithm (QAOA);summary;!/usr/bin/env python coding: utf-8 Quantum Random Access Optimization The Quantum Random Access Optimization (QRAO) module is designed to enable users...;0.6812;0;;0.6812
qiskit-optimization/docs/tutorials/12_quantum_random_access_optimizer.py;expanded/qaoa;Quantum Approximate Optimization Algorithm (QAOA);summary;!/usr/bin/env python coding: utf-8 Quantum Random Access Optimization The Quantum Random Access Optimization (QRAO) module is designed to enable users...;0.6812;0;;0.6812
qiskit-optimization/docs/tutorials/12_quantum_random_access_optimizer.py;expanded/QUBO_QAOA;Quantum Approximate Optimization Algorithm (QAOA);summary;!/usr/bin/env python coding: utf-8 Quantum Random Access Optimization The Quantum Random Access Optimization (QRAO) module is designed to enable users...;0.6812;0;;0.6812
qiskit-optimization/docs/tutorials/12_quantum_random_access_optimizer.py;expanded/QUBO_QAOA_cvar;Quantum Approximate Optimization Algorithm (QAOA);summary;!/usr/bin/env python coding: utf-8 Quantum Random Access Optimization The Quantum Random Access Optimization (QRAO) module is designed to enable users...;0.6812;0;;0.6812
qiskit-optimization/docs/tutorials/12_quantum_random_access_optimizer.py;expanded/optimize_qaoa_params;Quantum Approximate Optimization Algorithm (QAOA);summary;!/usr/bin/env python coding: utf-8 Quantum Random Access Optimization The Quantum Random Access Optimization (QRAO) module is designed to enable users...;0.6812;0;;0.6812
qiskit-optimization/docs/tutorials/12_quantum_random_access_optimizer.py;expanded/QAOA_ansatz_for_Ising;Quantum Approximate Optimization Algorithm (QAOA);summary;!/usr/bin/env python coding: utf-8 Quantum Random Access Optimization The Quantum Random Access Optimization (QRAO) module is designed to enable users...;0.6812;0;;0.6812
qiskit-optimization/docs/tutorials/12_quantum_random_access_optimizer.py;expanded/run_qiro;Quantum Approximate Optimization Algorithm (QAOA);summary;!/usr/bin/env python coding: utf-8 Quantum Random Access Optimization The Quantum Random Access Optimization (QRAO) module is designed to enable users...;0.6812;0;;0.6812
qiskit-optimization/docs/tutorials/12_quantum_random_access_optimizer.py;/qiskit/qiskit.circuit.library.n_local.real_amplitudes.RealAmplitudes;Variational Quantum Algorithm (VQA);name;real_amplitudes;1.0000;103;1.0000;
qiskit-optimization/docs/tutorials/12_quantum_random_access_optimizer.py;/qiskit-algorithms/qiskit_algorithms.minimum_eigensolvers.vqe.VQE;Variational Quantum Eigensolver (VQE);name;VQE;1.0000;104;1.0000;
quimb/docs/examples/ex_MERA.py;/pennylane/pennylane.templates.subroutines.select.Select;Dynamic Circuit;name;select;1.0000;125;1.0000;
quimb/docs/examples/ex_tn_train_circuit.py;/pennylane/pennylane.templates.embeddings.qaoaembedding.QAOAEmbedding;Quantum Approximate Optimization Algorithm (QAOA);summary;!/usr/bin/env python coding: utf-8 (example-tn-training-circuits)= Tensor Network Training of Quantum Circuits Here we'll run through constructing a t...;0.6815;0;;0.6815
quimb/docs/tensor/tensor-1d.py;/pennylane/pennylane.templates.subroutines.select.Select;Dynamic Circuit;name;select;1.0000;172;1.0000;
quimb/docs/tensor/tensor-basics.py;/pennylane/pennylane.templates.subroutines.select.Select;Dynamic Circuit;name;select;1.0000;555;1.0000;
quimb/docs/tensor/tensor-circuit.py;/pennylane/pennylane.templates.subroutines.select.Select;Dynamic Circuit;name;select;1.0000;209;1.0000;
squlearn/examples/encoding_circuits/various_encoding_circuit.py;/qiskit/qiskit.circuit.library.n_local.two_local.TwoLocal;Variational Quantum Algorithm (VQA);name;TwoLocal;1.0000;88;1.0000;
squlearn/examples/qnn/example_qcnn_encoding_circuit.py;/pennylane/pennylane.templates.embeddings.iqp.IQPEmbedding;Data Encoding;summary;!/usr/bin/env python coding: utf-8 Example: Quantum Convolutional Neural Network In this notebook we show how to use the `QCNN encoding circuit` for r...;0.6567;0;;0.6567
squlearn/examples/qnn/example_qcnn_encoding_circuit.py;/pennylane/pennylane.templates.embeddings.qaoaembedding.QAOAEmbedding;Quantum Approximate Optimization Algorithm (QAOA);summary;!/usr/bin/env python coding: utf-8 Example: Quantum Convolutional Neural Network In this notebook we show how to use the `QCNN encoding circuit` for r...;0.7604;0;;0.7604
squlearn/examples/qnn/example_qcnn_encoding_circuit.py;/pennylane/pennylane.templates.layers.strongly_entangling.StronglyEntanglingLayers;Variational Quantum Algorithm (VQA);summary;!/usr/bin/env python coding: utf-8 Example: Quantum Convolutional Neural Network In this notebook we show how to use the `QCNN encoding circuit` for r...;0.6532;0;;0.6532
tensorcircuit-ng/docs/source/tutorials/circuit_qudit_basics.py;/pennylane/pennylane.templates.layers.random.RandomLayers;Variational Quantum Algorithm (VQA);summary;!/usr/bin/env python coding: utf-8 Qudit Circuit Basics *A gentle intro to `tensorcircuit.quditcircuit.QuditCircuit`* Overview This tutorial shows how...;0.6546;0;;0.6546
tensorcircuit-ng/docs/source/tutorials/imag_time_evo.py;/qiskit-algorithms/qiskit_algorithms.time_evolvers.variational.var_qite.VarQITE;Variational Quantum Algorithm (VQA);summary;!/usr/bin/env python coding: utf-8 Solving the Ground State of Hamiltonian by Imaginary-time Evolution Overview Imaginary-time evolution (IME) is a me...;0.7231;0;;0.7231
tensorcircuit-ng/docs/source/tutorials/mera.py;/pennylane/pennylane.templates.tensornetworks.mera.MERA;Quantum Neural Network (QNN);name;MERA;1.0000;103;1.0000;0.7366
tensorcircuit-ng/docs/source/tutorials/mera_cn.py;/pennylane/pennylane.templates.tensornetworks.mera.MERA;Quantum Neural Network (QNN);name;MERA;1.0000;103;1.0000;
tensorcircuit-ng/docs/source/tutorials/nnvqe.py;/pennylane/pennylane.templates.tensornetworks.mera.MERA;Quantum Neural Network (QNN);name;MERA;1.0000;122;1.0000;
tensorcircuit-ng/docs/source/tutorials/nnvqe_cn.py;/pennylane/pennylane.templates.tensornetworks.mera.MERA;Quantum Neural Network (QNN);name;MERA;1.0000;122;1.0000;
tensorcircuit-ng/docs/source/tutorials/portfolio_optimization.py;/qiskit-algorithms/qiskit_algorithms.minimum_eigensolvers.qaoa.QAOA;Quantum Approximate Optimization Algorithm (QAOA);summary;!/usr/bin/env python coding: utf-8 Portfolio Optimization In this tutorial, we demonstrate the transformation of financial portfolio optimization into...;0.7020;0;;0.7020
tensorcircuit-ng/docs/source/tutorials/portfolio_optimization.py;expanded/qaoa;Quantum Approximate Optimization Algorithm (QAOA);summary;!/usr/bin/env python coding: utf-8 Portfolio Optimization In this tutorial, we demonstrate the transformation of financial portfolio optimization into...;0.7020;0;;0.7020
tensorcircuit-ng/docs/source/tutorials/portfolio_optimization.py;expanded/QUBO_QAOA_cvar;Quantum Approximate Optimization Algorithm (QAOA);summary;!/usr/bin/env python coding: utf-8 Portfolio Optimization In this tutorial, we demonstrate the transformation of financial portfolio optimization into...;0.7020;0;;0.7020
tensorcircuit-ng/docs/source/tutorials/portfolio_optimization.py;expanded/optimize_qaoa_params;Quantum Approximate Optimization Algorithm (QAOA);summary;!/usr/bin/env python coding: utf-8 Portfolio Optimization In this tutorial, we demonstrate the transformation of financial portfolio optimization into...;0.7020;0;;0.7020
tensorcircuit-ng/docs/source/tutorials/portfolio_optimization.py;expanded/run_qiro;Quantum Approximate Optimization Algorithm (QAOA);summary;!/usr/bin/env python coding: utf-8 Portfolio Optimization In this tutorial, we demonstrate the transformation of financial portfolio optimization into...;0.7020;0;;0.7020
tensorcircuit-ng/docs/source/tutorials/portfolio_optimization.py;expanded/QUBO_QAOA;Quantum Approximate Optimization Algorithm (QAOA);name;QUBO_QAOA;1.0000;211;1.0000;0.7020
tensorcircuit-ng/docs/source/tutorials/portfolio_optimization.py;expanded/QAOA_ansatz_for_Ising;Quantum Approximate Optimization Algorithm (QAOA);name;QAOA_ansatz_for_Ising;1.0000;258;1.0000;0.7020
tensorcircuit-ng/docs/source/tutorials/qaoa_nae3sat.py;/qiskit-algorithms/qiskit_algorithms.minimum_eigensolvers.qaoa.QAOA;Quantum Approximate Optimization Algorithm (QAOA);summary;!/usr/bin/env python coding: utf-8 Quantum Approximation Optimization Algorithm (QAOA) for Not-all-equal 3-satisfiability (NAE3SAT) Overview Quantum A...;0.6734;0;;0.6734
tensorcircuit-ng/docs/source/tutorials/qaoa_nae3sat.py;expanded/qaoa;Quantum Approximate Optimization Algorithm (QAOA);summary;!/usr/bin/env python coding: utf-8 Quantum Approximation Optimization Algorithm (QAOA) for Not-all-equal 3-satisfiability (NAE3SAT) Overview Quantum A...;0.6734;0;;0.6734
tensorcircuit-ng/docs/source/tutorials/qaoa_nae3sat.py;expanded/QUBO_QAOA;Quantum Approximate Optimization Algorithm (QAOA);summary;!/usr/bin/env python coding: utf-8 Quantum Approximation Optimization Algorithm (QAOA) for Not-all-equal 3-satisfiability (NAE3SAT) Overview Quantum A...;0.6734;0;;0.6734
tensorcircuit-ng/docs/source/tutorials/qaoa_nae3sat.py;expanded/QUBO_QAOA_cvar;Quantum Approximate Optimization Algorithm (QAOA);summary;!/usr/bin/env python coding: utf-8 Quantum Approximation Optimization Algorithm (QAOA) for Not-all-equal 3-satisfiability (NAE3SAT) Overview Quantum A...;0.6734;0;;0.6734
tensorcircuit-ng/docs/source/tutorials/qaoa_nae3sat.py;expanded/optimize_qaoa_params;Quantum Approximate Optimization Algorithm (QAOA);summary;!/usr/bin/env python coding: utf-8 Quantum Approximation Optimization Algorithm (QAOA) for Not-all-equal 3-satisfiability (NAE3SAT) Overview Quantum A...;0.6734;0;;0.6734
tensorcircuit-ng/docs/source/tutorials/qaoa_nae3sat.py;expanded/QAOA_ansatz_for_Ising;Quantum Approximate Optimization Algorithm (QAOA);summary;!/usr/bin/env python coding: utf-8 Quantum Approximation Optimization Algorithm (QAOA) for Not-all-equal 3-satisfiability (NAE3SAT) Overview Quantum A...;0.6734;0;;0.6734
tensorcircuit-ng/docs/source/tutorials/qaoa_nae3sat.py;expanded/run_qiro;Quantum Approximate Optimization Algorithm (QAOA);summary;!/usr/bin/env python coding: utf-8 Quantum Approximation Optimization Algorithm (QAOA) for Not-all-equal 3-satisfiability (NAE3SAT) Overview Quantum A...;0.6734;0;;0.6734
tensorcircuit-ng/docs/source/tutorials/qml_scenarios.py;/pennylane/pennylane.templates.embeddings.qaoaembedding.QAOAEmbedding;Quantum Approximate Optimization Algorithm (QAOA);summary;!/usr/bin/env python coding: utf-8 Quantum Machine Learning for Classification Task **Demonstrations on some common setups and techniques** Overview W...;0.6517;0;;0.6517
tensorcircuit-ng/docs/source/tutorials/qubo_problem.py;/qiskit-algorithms/qiskit_algorithms.minimum_eigensolvers.qaoa.QAOA;Quantum Approximate Optimization Algorithm (QAOA);summary;!/usr/bin/env python coding: utf-8 Solving QUBO Problem using QAOA Overview In this tutorial, we will demonstrate how to solve quadratic unconstrained...;0.7631;0;;0.7631
tensorcircuit-ng/docs/source/tutorials/qubo_problem.py;expanded/qaoa;Quantum Approximate Optimization Algorithm (QAOA);summary;!/usr/bin/env python coding: utf-8 Solving QUBO Problem using QAOA Overview In this tutorial, we will demonstrate how to solve quadratic unconstrained...;0.7631;0;;0.7631
tensorcircuit-ng/docs/source/tutorials/qubo_problem.py;expanded/optimize_qaoa_params;Quantum Approximate Optimization Algorithm (QAOA);summary;!/usr/bin/env python coding: utf-8 Solving QUBO Problem using QAOA Overview In this tutorial, we will demonstrate how to solve quadratic unconstrained...;0.7631;0;;0.7631
tensorcircuit-ng/docs/source/tutorials/qubo_problem.py;expanded/run_qiro;Quantum Approximate Optimization Algorithm (QAOA);summary;!/usr/bin/env python coding: utf-8 Solving QUBO Problem using QAOA Overview In this tutorial, we will demonstrate how to solve quadratic unconstrained...;0.7631;0;;0.7631
tensorcircuit-ng/docs/source/tutorials/qubo_problem.py;expanded/QUBO_QAOA;Quantum Approximate Optimization Algorithm (QAOA);name;QUBO_QAOA;1.0000;124;1.0000;0.7631
tensorcircuit-ng/docs/source/tutorials/qubo_problem.py;expanded/QAOA_ansatz_for_Ising;Quantum Approximate Optimization Algorithm (QAOA);name;QAOA_ansatz_for_Ising;1.0000;171;1.0000;0.7631
tensorcircuit-ng/docs/source/tutorials/qubo_problem.py;expanded/QUBO_QAOA_cvar;Quantum Approximate Optimization Algorithm (QAOA);name;QUBO_QAOA_cvar;1.0000;292;1.0000;0.7631
tensorcircuit-ng/docs/source/tutorials/vqe_h2o.py;/qiskit-algorithms/qiskit_algorithms.minimum_eigensolvers.adapt_vqe.AdaptVQE;Variational Quantum Eigensolver (VQE);summary;!/usr/bin/env python coding: utf-8 Variational Quantum Eigensolver (VQE) on Molecules Overview VQE is a variational algorithm for calculating the grou...;0.6537;0;;0.6537
tensorcircuit-ng/docs/source/tutorials/vqe_h2o.py;/qiskit-algorithms/qiskit_algorithms.minimum_eigensolvers.sampling_vqe.SamplingVQE;Variational Quantum Eigensolver (VQE);summary;!/usr/bin/env python coding: utf-8 Variational Quantum Eigensolver (VQE) on Molecules Overview VQE is a variational algorithm for calculating the grou...;0.6556;0;;0.6556
tensorcircuit-ng/docs/source/tutorials/vqe_h2o.py;/qiskit-algorithms/qiskit_algorithms.minimum_eigensolvers.vqe.VQE;Variational Quantum Eigensolver (VQE);summary;!/usr/bin/env python coding: utf-8 Variational Quantum Eigensolver (VQE) on Molecules Overview VQE is a variational algorithm for calculating the grou...;0.7099;0;;0.7099
tensorcircuit-ng/docs/source/tutorials/vqe_h2o.py;expanded/adapt_vqe_ansatz;Variational Quantum Eigensolver (VQE);summary;!/usr/bin/env python coding: utf-8 Variational Quantum Eigensolver (VQE) on Molecules Overview VQE is a variational algorithm for calculating the grou...;0.6537;0;;0.6537
tensorcircuit-ng/docs/source/tutorials/vqe_h2o.py;expanded/VqlsOptimizer;Variational Quantum Eigensolver (VQE);summary;!/usr/bin/env python coding: utf-8 Variational Quantum Eigensolver (VQE) on Molecules Overview VQE is a variational algorithm for calculating the grou...;0.7099;0;;0.7099
tensorcircuit-ng/docs/source/tutorials/vqe_h2o.py;expanded/get_qc;Variational Quantum Eigensolver (VQE);summary;!/usr/bin/env python coding: utf-8 Variational Quantum Eigensolver (VQE) on Molecules Overview VQE is a variational algorithm for calculating the grou...;0.7099;0;;0.7099
tensorcircuit-ng/docs/source/tutorials/vqe_h2o.py;expanded/adapt_layer;Variational Quantum Eigensolver (VQE);summary;!/usr/bin/env python coding: utf-8 Variational Quantum Eigensolver (VQE) on Molecules Overview VQE is a variational algorithm for calculating the grou...;0.6537;0;;0.6537
tensorcircuit-ng/docs/source/whitepaper/6-3-vmap.py;/qiskit-algorithms/qiskit_algorithms.time_evolvers.pvqd.pvqd.PVQD;Variational Quantum Algorithm (VQA);summary;!/usr/bin/env python coding: utf-8 Utilizing vmap in Quantum Circuit Simulations Overview We introduce vmap, the advanced feature of the modern machin...;0.6540;0;;0.6540
tensorcircuit/docs/source/tutorials/imag_time_evo.py;/qiskit-algorithms/qiskit_algorithms.time_evolvers.variational.var_qite.VarQITE;Variational Quantum Algorithm (VQA);summary;!/usr/bin/env python coding: utf-8 Solving the Ground State of Hamiltonian by Imaginary-time Evolution Overview Imaginary-time evolution (IME) is a me...;0.7231;0;;0.7231
tensorcircuit/docs/source/tutorials/mera.py;/pennylane/pennylane.templates.tensornetworks.mera.MERA;Quantum Neural Network (QNN);name;MERA;1.0000;103;1.0000;0.7366
tensorcircuit/docs/source/tutorials/mera_cn.py;/pennylane/pennylane.templates.tensornetworks.mera.MERA;Quantum Neural Network (QNN);name;MERA;1.0000;103;1.0000;
tensorcircuit/docs/source/tutorials/nnvqe.py;/pennylane/pennylane.templates.tensornetworks.mera.MERA;Quantum Neural Network (QNN);name;MERA;1.0000;122;1.0000;
tensorcircuit/docs/source/tutorials/nnvqe_cn.py;/pennylane/pennylane.templates.tensornetworks.mera.MERA;Quantum Neural Network (QNN);name;MERA;1.0000;122;1.0000;
tensorcircuit/docs/source/tutorials/portfolio_optimization.py;/qiskit-algorithms/qiskit_algorithms.minimum_eigensolvers.qaoa.QAOA;Quantum Approximate Optimization Algorithm (QAOA);summary;!/usr/bin/env python coding: utf-8 Portfolio Optimization In this tutorial, we demonstrate the transformation of financial portfolio optimization into...;0.7020;0;;0.7020
tensorcircuit/docs/source/tutorials/portfolio_optimization.py;expanded/qaoa;Quantum Approximate Optimization Algorithm (QAOA);summary;!/usr/bin/env python coding: utf-8 Portfolio Optimization In this tutorial, we demonstrate the transformation of financial portfolio optimization into...;0.7020;0;;0.7020
tensorcircuit/docs/source/tutorials/portfolio_optimization.py;expanded/QUBO_QAOA_cvar;Quantum Approximate Optimization Algorithm (QAOA);summary;!/usr/bin/env python coding: utf-8 Portfolio Optimization In this tutorial, we demonstrate the transformation of financial portfolio optimization into...;0.7020;0;;0.7020
tensorcircuit/docs/source/tutorials/portfolio_optimization.py;expanded/optimize_qaoa_params;Quantum Approximate Optimization Algorithm (QAOA);summary;!/usr/bin/env python coding: utf-8 Portfolio Optimization In this tutorial, we demonstrate the transformation of financial portfolio optimization into...;0.7020;0;;0.7020
tensorcircuit/docs/source/tutorials/portfolio_optimization.py;expanded/run_qiro;Quantum Approximate Optimization Algorithm (QAOA);summary;!/usr/bin/env python coding: utf-8 Portfolio Optimization In this tutorial, we demonstrate the transformation of financial portfolio optimization into...;0.7020;0;;0.7020
tensorcircuit/docs/source/tutorials/portfolio_optimization.py;expanded/QUBO_QAOA;Quantum Approximate Optimization Algorithm (QAOA);name;QUBO_QAOA;1.0000;211;1.0000;0.7020
tensorcircuit/docs/source/tutorials/portfolio_optimization.py;expanded/QAOA_ansatz_for_Ising;Quantum Approximate Optimization Algorithm (QAOA);name;QAOA_ansatz_for_Ising;1.0000;258;1.0000;0.7020
tensorcircuit/docs/source/tutorials/qaoa_nae3sat.py;/qiskit-algorithms/qiskit_algorithms.minimum_eigensolvers.qaoa.QAOA;Quantum Approximate Optimization Algorithm (QAOA);summary;!/usr/bin/env python coding: utf-8 Quantum Approximation Optimization Algorithm (QAOA) for Not-all-equal 3-satisfiability (NAE3SAT) Overview Quantum A...;0.6734;0;;0.6734
tensorcircuit/docs/source/tutorials/qaoa_nae3sat.py;expanded/qaoa;Quantum Approximate Optimization Algorithm (QAOA);summary;!/usr/bin/env python coding: utf-8 Quantum Approximation Optimization Algorithm (QAOA) for Not-all-equal 3-satisfiability (NAE3SAT) Overview Quantum A...;0.6734;0;;0.6734
tensorcircuit/docs/source/tutorials/qaoa_nae3sat.py;expanded/QUBO_QAOA;Quantum Approximate Optimization Algorithm (QAOA);summary;!/usr/bin/env python coding: utf-8 Quantum Approximation Optimization Algorithm (QAOA) for Not-all-equal 3-satisfiability (NAE3SAT) Overview Quantum A...;0.6734;0;;0.6734
tensorcircuit/docs/source/tutorials/qaoa_nae3sat.py;expanded/QUBO_QAOA_cvar;Quantum Approximate Optimization Algorithm (QAOA);summary;!/usr/bin/env python coding: utf-8 Quantum Approximation Optimization Algorithm (QAOA) for Not-all-equal 3-satisfiability (NAE3SAT) Overview Quantum A...;0.6734;0;;0.6734
tensorcircuit/docs/source/tutorials/qaoa_nae3sat.py;expanded/optimize_qaoa_params;Quantum Approximate Optimization Algorithm (QAOA);summary;!/usr/bin/env python coding: utf-8 Quantum Approximation Optimization Algorithm (QAOA) for Not-all-equal 3-satisfiability (NAE3SAT) Overview Quantum A...;0.6734;0;;0.6734
tensorcircuit/docs/source/tutorials/qaoa_nae3sat.py;expanded/QAOA_ansatz_for_Ising;Quantum Approximate Optimization Algorithm (QAOA);summary;!/usr/bin/env python coding: utf-8 Quantum Approximation Optimization Algorithm (QAOA) for Not-all-equal 3-satisfiability (NAE3SAT) Overview Quantum A...;0.6734;0;;0.6734
tensorcircuit/docs/source/tutorials/qaoa_nae3sat.py;expanded/run_qiro;Quantum Approximate Optimization Algorithm (QAOA);summary;!/usr/bin/env python coding: utf-8 Quantum Approximation Optimization Algorithm (QAOA) for Not-all-equal 3-satisfiability (NAE3SAT) Overview Quantum A...;0.6734;0;;0.6734
tensorcircuit/docs/source/tutorials/qml_scenarios.py;/pennylane/pennylane.templates.embeddings.qaoaembedding.QAOAEmbedding;Quantum Approximate Optimization Algorithm (QAOA);summary;!/usr/bin/env python coding: utf-8 Quantum Machine Learning for Classification Task **Demonstrations on some common setups and techniques** Overview W...;0.6517;0;;0.6517
tensorcircuit/docs/source/tutorials/qubo_problem.py;/qiskit-algorithms/qiskit_algorithms.minimum_eigensolvers.qaoa.QAOA;Quantum Approximate Optimization Algorithm (QAOA);summary;!/usr/bin/env python coding: utf-8 Solving QUBO Problem using QAOA Overview In this tutorial, we will demonstrate how to solve quadratic unconstrained...;0.7631;0;;0.7631
tensorcircuit/docs/source/tutorials/qubo_problem.py;expanded/qaoa;Quantum Approximate Optimization Algorithm (QAOA);summary;!/usr/bin/env python coding: utf-8 Solving QUBO Problem using QAOA Overview In this tutorial, we will demonstrate how to solve quadratic unconstrained...;0.7631;0;;0.7631
tensorcircuit/docs/source/tutorials/qubo_problem.py;expanded/optimize_qaoa_params;Quantum Approximate Optimization Algorithm (QAOA);summary;!/usr/bin/env python coding: utf-8 Solving QUBO Problem using QAOA Overview In this tutorial, we will demonstrate how to solve quadratic unconstrained...;0.7631;0;;0.7631
tensorcircuit/docs/source/tutorials/qubo_problem.py;expanded/run_qiro;Quantum Approximate Optimization Algorithm (QAOA);summary;!/usr/bin/env python coding: utf-8 Solving QUBO Problem using QAOA Overview In this tutorial, we will demonstrate how to solve quadratic unconstrained...;0.7631;0;;0.7631
tensorcircuit/docs/source/tutorials/qubo_problem.py;expanded/QUBO_QAOA;Quantum Approximate Optimization Algorithm (QAOA);name;QUBO_QAOA;1.0000;124;1.0000;0.7631
tensorcircuit/docs/source/tutorials/qubo_problem.py;expanded/QAOA_ansatz_for_Ising;Quantum Approximate Optimization Algorithm (QAOA);name;QAOA_ansatz_for_Ising;1.0000;171;1.0000;0.7631
tensorcircuit/docs/source/tutorials/qubo_problem.py;expanded/QUBO_QAOA_cvar;Quantum Approximate Optimization Algorithm (QAOA);name;QUBO_QAOA_cvar;1.0000;292;1.0000;0.7631
tensorcircuit/docs/source/tutorials/vqe_h2o.py;/qiskit-algorithms/qiskit_algorithms.minimum_eigensolvers.adapt_vqe.AdaptVQE;Variational Quantum Eigensolver (VQE);summary;!/usr/bin/env python coding: utf-8 Variational Quantum Eigensolver (VQE) on Molecules Overview VQE is a variational algorithm for calculating the grou...;0.6537;0;;0.6537
tensorcircuit/docs/source/tutorials/vqe_h2o.py;/qiskit-algorithms/qiskit_algorithms.minimum_eigensolvers.sampling_vqe.SamplingVQE;Variational Quantum Eigensolver (VQE);summary;!/usr/bin/env python coding: utf-8 Variational Quantum Eigensolver (VQE) on Molecules Overview VQE is a variational algorithm for calculating the grou...;0.6556;0;;0.6556
tensorcircuit/docs/source/tutorials/vqe_h2o.py;/qiskit-algorithms/qiskit_algorithms.minimum_eigensolvers.vqe.VQE;Variational Quantum Eigensolver (VQE);summary;!/usr/bin/env python coding: utf-8 Variational Quantum Eigensolver (VQE) on Molecules Overview VQE is a variational algorithm for calculating the grou...;0.7099;0;;0.7099
tensorcircuit/docs/source/tutorials/vqe_h2o.py;expanded/adapt_vqe_ansatz;Variational Quantum Eigensolver (VQE);summary;!/usr/bin/env python coding: utf-8 Variational Quantum Eigensolver (VQE) on Molecules Overview VQE is a variational algorithm for calculating the grou...;0.6537;0;;0.6537
tensorcircuit/docs/source/tutorials/vqe_h2o.py;expanded/VqlsOptimizer;Variational Quantum Eigensolver (VQE);summary;!/usr/bin/env python coding: utf-8 Variational Quantum Eigensolver (VQE) on Molecules Overview VQE is a variational algorithm for calculating the grou...;0.7099;0;;0.7099
tensorcircuit/docs/source/tutorials/vqe_h2o.py;expanded/get_qc;Variational Quantum Eigensolver (VQE);summary;!/usr/bin/env python coding: utf-8 Variational Quantum Eigensolver (VQE) on Molecules Overview VQE is a variational algorithm for calculating the grou...;0.7099;0;;0.7099
tensorcircuit/docs/source/tutorials/vqe_h2o.py;expanded/adapt_layer;Variational Quantum Eigensolver (VQE);summary;!/usr/bin/env python coding: utf-8 Variational Quantum Eigensolver (VQE) on Molecules Overview VQE is a variational algorithm for calculating the grou...;0.6537;0;;0.6537
tensorcircuit/docs/source/whitepaper/6-3-vmap.py;/qiskit-algorithms/qiskit_algorithms.time_evolvers.pvqd.pvqd.PVQD;Variational Quantum Algorithm (VQA);summary;!/usr/bin/env python coding: utf-8 Utilizing vmap in Quantum Circuit Simulations Overview We introduce vmap, the advanced feature of the modern machin...;0.6540;0;;0.6540
thewalrus/docs/gallery/hafnian_tutorial.py;/qiskit/qiskit.circuit.library.generalized_gates.diagonal.Diagonal;Circuit Construction Utility;name;diagonal;1.0000;101;1.0000;
thewalrus/docs/gallery/permanent_tutorial.py;/qiskit/qiskit.circuit.library.generalized_gates.diagonal.Diagonal;Circuit Construction Utility;name;diagonal;1.0000;97;1.0000;
torchquantum/examples/ICCAD22_tutorial/sec1_basic.py;/pennylane/pennylane.templates.layers.random.RandomLayers;Variational Quantum Algorithm (VQA);name;RandomLayer;0.9340;200;0.9340;
torchquantum/examples/ICCAD22_tutorial/sec1_basic.py;/qiskit-algorithms/qiskit_algorithms.minimum_eigensolvers.vqe.VQE;Variational Quantum Eigensolver (VQE);name;VQE;1.0000;581;1.0000;
torchquantum/examples/ICCAD22_tutorial/sec3_gate.py;/pennylane/pennylane.templates.layers.random.RandomLayers;Variational Quantum Algorithm (VQA);name;RandomLayer;0.9340;1022;0.9340;
torchquantum/examples/QCE22_tutorial/sec1_basic.py;/pennylane/pennylane.templates.layers.random.RandomLayers;Variational Quantum Algorithm (VQA);name;RandomLayer;0.9340;200;0.9340;
torchquantum/examples/QCE22_tutorial/sec1_basic.py;/qiskit-algorithms/qiskit_algorithms.minimum_eigensolvers.vqe.VQE;Variational Quantum Eigensolver (VQE);name;VQE;1.0000;606;1.0000;
torchquantum/examples/QCE22_tutorial/sec2_gate.py;/pennylane/pennylane.templates.layers.random.RandomLayers;Variational Quantum Algorithm (VQA);name;RandomLayer;0.9340;1022;0.9340;
torchquantum/examples/quanvolution/quanvolution.py;/pennylane/pennylane.templates.layers.random.RandomLayers;Variational Quantum Algorithm (VQA);name;RandomLayer;0.9340;151;0.9340;
torchquantum/examples/qubit_rotation/TQ_Qubit_Rotation_Tutorial.py;/pennylane/pennylane.templates.state_preparations.multiplexer_state_prep.MultiplexerStatePreparation;N/A;summary;!/usr/bin/env python coding: utf-8 TorchQuantum Qubit Rotation Tutorial > Note: This tutorial was adapted from Pennylane's [Basic tutorial: qubit rota...;0.6548;0;;0.6548
torchquantum/sec1_basic.py;/pennylane/pennylane.templates.layers.random.RandomLayers;Variational Quantum Algorithm (VQA);name;RandomLayer;0.9340;214;0.9340;
torchquantum/sec1_basic.py;/qiskit-algorithms/qiskit_algorithms.minimum_eigensolvers.vqe.VQE;Variational Quantum Eigensolver (VQE);name;VQE;1.0000;619;1.0000;
torchquantum/sec2_gate.py;/pennylane/pennylane.templates.layers.random.RandomLayers;Variational Quantum Algorithm (VQA);name;RandomLayer;0.9340;1076;0.9340;
