file_path;concept_name;pattern;match_type;matched_text;similarity_score;first_line
Cirq/cirq-core/cirq/contrib/quimb/Cirq-to-Tensor-Networks.py;/pennylane/pennylane.templates.subroutines.select.Select;Dynamic Circuit;name;select;1.0000;234
OpenFermion/docs/fqe/tutorials/fermi_hubbard.py;/qiskit/qiskit.circuit.library.generalized_gates.diagonal.Diagonal;Circuit Construction Utility;name;diagonal;1.0000;377
Perceval/docs/source/notebooks/Graph_States_Tutorial.py;/qiskit/qiskit.circuit.library.graph_state.GraphState;Circuit Construction Utility;name;graph_state;1.0000;174
Perceval/docs/source/notebooks/Variational_Quantum_Eigensolver.py;/qiskit-algorithms/qiskit_algorithms.minimum_eigensolvers.sampling_vqe.SamplingVQE;Variational Quantum Eigensolver (VQE);summary;!/usr/bin/env python coding: utf-8 Variational Quantum Eigensolver We provide a Perceval implementation  of original photonic Variational Quantum Eige...;0.6594;0
Perceval/docs/source/notebooks/Variational_Quantum_Eigensolver.py;/qiskit-algorithms/qiskit_algorithms.minimum_eigensolvers.vqe.VQE;Variational Quantum Eigensolver (VQE);summary;!/usr/bin/env python coding: utf-8 Variational Quantum Eigensolver We provide a Perceval implementation  of original photonic Variational Quantum Eige...;0.6975;0
Perceval/docs/source/notebooks/quantum_kernel_methods.py;/qiskit_machine_learning/qiskit_machine_learning.algorithms.classifiers.QSVC;SWAP Test;summary;!/usr/bin/env python coding: utf-8 Quantum kernel methods using linear optics This notebook follows closely the theory and implementation of Yin et al...;0.6515;0
ProjectQ/examples/spectral_measurement.py;/qiskit/qiskit.circuit.library.data_preparation.state_preparation.StatePreparation;Initialization;name;StatePreparation;1.0000;171
ProjectQ/examples/variational_quantum_eigensolver.py;/qiskit-algorithms/qiskit_algorithms.minimum_eigensolvers.vqe.VQE;Variational Quantum Eigensolver (VQE);summary;"!/usr/bin/env python coding: utf-8 Implementation of a Variational Quantum Eigensolver (VQE). The example shown here is from the paper ""Scalable Quant...";0.7305;0
Pulser/tutorials/retired/QAOA and QAA to solve a QUBO problem.py;/qiskit-algorithms/qiskit_algorithms.minimum_eigensolvers.qaoa.QAOA;Quantum Approximate Optimization Algorithm (QAOA);summary;!/usr/bin/env python coding: utf-8 QAOA and QAA to solve a QUBO problem In[ ]: 1. Introduction In this tutorial, we illustrate how to solve a Quadrati...;0.6627;0
Qrisp/documentation/source/general/tutorial/BE_tutorial/BE_vol2.py;/pennylane/pennylane.templates.subroutines.qubitization.Qubitization;Data Encoding;name;qubitization;1.0000;63
Qrisp/documentation/source/general/tutorial/BigInteger.py;/classiq/open_library.functions.qft_functions.qft;Basis Change;name;QFT;1.0000;161
Qrisp/documentation/source/general/tutorial/BigInteger.py;/pennylane/pennylane.templates.subroutines.qft.QFT;Basis Change;name;QFT;1.0000;161
Qrisp/documentation/source/general/tutorial/BigInteger.py;/qiskit/qiskit.circuit.library.basis_change.qft.QFT;Basis Change;name;QFT;1.0000;161
Qrisp/documentation/source/general/tutorial/FT_compilation.py;/classiq/open_library.functions.qft_functions.qft;Basis Change;name;QFT;1.0000;281
Qrisp/documentation/source/general/tutorial/FT_compilation.py;/pennylane/pennylane.templates.subroutines.qft.QFT;Basis Change;name;QFT;1.0000;281
Qrisp/documentation/source/general/tutorial/FT_compilation.py;/qiskit/qiskit.circuit.library.basis_change.qft.QFT;Basis Change;name;QFT;1.0000;281
Qrisp/documentation/source/general/tutorial/GQSP_filtering.py;/pennylane/pennylane.templates.subroutines.reflection.Reflection;Grover;name;reflection;1.0000;369
Qrisp/documentation/source/general/tutorial/GQSP_filtering.py;/classiq/open_library.functions.qsvt.gqsp;Domain Specific Application;name;GQSP;1.0000;379
Qrisp/documentation/source/general/tutorial/GQSP_filtering.py;/pennylane/pennylane.templates.subroutines.gqsp.GQSP;Basis Change;name;GQSP;1.0000;379
Qrisp/documentation/source/general/tutorial/HHL.py;/classiq/open_library.functions.qpe.qpe;Quantum Phase Estimation (QPE);name;QPE;1.0000;132
Qrisp/documentation/source/general/tutorial/Jasp.py;/qiskit/qiskit.circuit.library.arithmetic.multipliers.rg_qft_multiplier.RGQFTMultiplier;Quantum Arithmetic;name;RGQFTMultiplier;1.0000;29
Qrisp/documentation/source/general/tutorial/QIROtutorial.py;/qiskit-algorithms/qiskit_algorithms.minimum_eigensolvers.qaoa.QAOA;Quantum Approximate Optimization Algorithm (QAOA);summary;!/usr/bin/env python coding: utf-8 Quantum-Informed Recursive Optimization This tutorial will give you an overview of problem specific implementations...;0.7476;0
Qrisp/documentation/source/general/tutorial/Shor.py;/classiq/open_library.functions.qft_functions.qft;Basis Change;name;QFT;1.0000;171
Qrisp/documentation/source/general/tutorial/Shor.py;/pennylane/pennylane.templates.subroutines.qft.QFT;Basis Change;name;QFT;1.0000;171
Qrisp/documentation/source/general/tutorial/Shor.py;/qiskit/qiskit.circuit.library.basis_change.qft.QFT;Basis Change;name;QFT;1.0000;171
Qrisp/documentation/source/general/tutorial/Sudoku.py;/qiskit/qiskit.circuit.library.phase_estimation.PhaseEstimation;Quantum Phase Estimation (QPE);name;estimate_phase;0.9079;805
Qrisp/documentation/source/general/tutorial/Sudoku.py;/qiskit-algorithms/qiskit_algorithms.phase_estimators.phase_estimation.PhaseEstimation;Quantum Phase Estimation (QPE);name;estimate_phase;0.9079;805
Qrisp/documentation/source/general/tutorial/TSP.py;/classiq/open_library.functions.qpe.qpe;Quantum Phase Estimation (QPE);name;QPE;1.0000;183
Qrisp/documentation/source/general/tutorial/tutorial.py;/classiq/open_library.functions.qft_functions.qft;Basis Change;name;QFT;1.0000;256
Qrisp/documentation/source/general/tutorial/tutorial.py;/pennylane/pennylane.templates.subroutines.qft.QFT;Basis Change;name;QFT;1.0000;256
Qrisp/documentation/source/general/tutorial/tutorial.py;/qiskit/qiskit.circuit.library.basis_change.qft.QFT;Basis Change;name;QFT;1.0000;256
Qrisp/documentation/source/general/tutorial/tutorial.py;/classiq/open_library.functions.qpe.qpe;Quantum Phase Estimation (QPE);name;QPE;1.0000;286
Qualtran/dev_tools/ui-export.py;/pennylane/pennylane.templates.subroutines.arithmetic.mod_exp.ModExp;Quantum Arithmetic;name;ModExp;1.0000;10
Qualtran/qualtran/Adjoint.py;/qiskit/qiskit.circuit.library.boolean_logic.quantum_and.AND;Quantum Logical Operators;name;And;1.0000;92
Qualtran/qualtran/DataTypes.py;/pennylane/pennylane.templates.embeddings.basis.BasisEmbedding;Data Encoding;summary;!/usr/bin/env python coding: utf-8 Data Types Introduction to quantum data: the qubit Qualtran lets you write quantum programs that operate on quantum...;0.6568;0
Qualtran/qualtran/_infra/Bloqs-Tutorial.py;/pennylane/pennylane.templates.subroutines.arithmetic.mod_exp.ModExp;Quantum Arithmetic;name;ModExp;1.0000;592
Qualtran/qualtran/bloqs/arithmetic/permutation.py;/qiskit/qiskit.circuit.library.generalized_gates.permutation.Permutation;Circuit Construction Utility;name;Permutation;1.0000;65
Qualtran/qualtran/bloqs/arithmetic/t_complexity_of_comparison_gates.py;/qiskit/qiskit.circuit.library.boolean_logic.quantum_and.AND;Quantum Logical Operators;name;And;1.0000;191
Qualtran/qualtran/bloqs/basic_gates/rotation.py;/pennylane/pennylane.templates.subroutines.select_pauli_rot.SelectPauliRot;Circuit Construction Utility;summary;!/usr/bin/env python coding: utf-8 Basic Rotation Gates Single-qubit rotation gates. A single qubit's state can be mapped to the Bloch sphere. Rotatio...;0.6514;0
Qualtran/qualtran/bloqs/bookkeeping/always.py;/qiskit/qiskit.circuit.library.boolean_logic.quantum_and.AND;Quantum Logical Operators;name;And;1.0000;61
Qualtran/qualtran/bloqs/chemistry/trotter/grid_ham/trotter_costs.py;/qiskit/qiskit.circuit.library.boolean_logic.quantum_and.AND;Quantum Logical Operators;name;And;1.0000;495
Qualtran/qualtran/bloqs/cryptography/rsa/factoring-via-modexp.py;/pennylane/pennylane.templates.subroutines.arithmetic.mod_exp.ModExp;Quantum Arithmetic;name;ModExp;1.0000;107
Qualtran/qualtran/bloqs/cryptography/rsa/rsa.py;/pennylane/pennylane.templates.subroutines.arithmetic.mod_exp.ModExp;Quantum Arithmetic;name;ModExp;1.0000;72
Qualtran/qualtran/bloqs/data_loading/qrom.py;/pennylane/pennylane.templates.subroutines.qrom.QROM;Data Encoding;name;QROM;1.0000;167
Qualtran/qualtran/bloqs/hamiltonian_simulation/guided_hamiltonian.py;/qiskit-algorithms/qiskit_algorithms.phase_estimators.hamiltonian_phase_estimation.HamiltonianPhaseEstimation;Quantum Phase Estimation (QPE);name;GuidedHamiltonianPhaseEstimation;0.9191;146
Qualtran/qualtran/bloqs/mcmt/and_bloq.py;/qiskit/qiskit.circuit.library.boolean_logic.quantum_and.AND;Quantum Logical Operators;name;And;1.0000;54
Qualtran/qualtran/bloqs/mcmt/multi_control_multi_target_pauli.py;/qiskit/qiskit.circuit.library.generalized_gates.pauli.PauliGate;Circuit Construction Utility;summary;!/usr/bin/env python coding: utf-8 Multi-Paulis In[ ]: `MultiTargetCNOT` Implements single control, multi-target $C[X^{\otimes n}]$ gate. Implements $...;0.6997;0
Qualtran/qualtran/bloqs/multiplexers/unary_iteration.py;/qiskit/qiskit.circuit.library.boolean_logic.quantum_and.AND;Quantum Logical Operators;name;And;1.0000;134
Qualtran/qualtran/bloqs/phase_estimation/phase_estimation_of_quantum_walk.py;/classiq/open_library.functions.qft_functions.qft;Basis Change;name;qft;1.0000;82
Qualtran/qualtran/bloqs/phase_estimation/phase_estimation_of_quantum_walk.py;/pennylane/pennylane.templates.subroutines.qft.QFT;Basis Change;name;qft;1.0000;82
Qualtran/qualtran/bloqs/phase_estimation/phase_estimation_of_quantum_walk.py;/qiskit/qiskit.circuit.library.basis_change.qft.QFT;Basis Change;name;qft;1.0000;82
Qualtran/qualtran/bloqs/phase_estimation/phase_estimation_of_quantum_walk.py;/qiskit/qiskit.circuit.library.phase_estimation.PhaseEstimation;Quantum Phase Estimation (QPE);name;phase_estimation;1.0000;93
Qualtran/qualtran/bloqs/phase_estimation/phase_estimation_of_quantum_walk.py;/qiskit-algorithms/qiskit_algorithms.phase_estimators.phase_estimation.PhaseEstimation;Quantum Phase Estimation (QPE);name;phase_estimation;1.0000;93
Qualtran/qualtran/bloqs/phase_estimation/text_book_qpe.py;/pennylane/pennylane.templates.subroutines.qpe.QuantumPhaseEstimation;Quantum Phase Estimation (QPE);summary;!/usr/bin/env python coding: utf-8 Textbook Quantum Phase Estimation In[ ]: `TextbookQPE` Phase Estimation algorithm as presented in Chapter 5.2 of Ne...;0.6578;0
Qualtran/qualtran/bloqs/phase_estimation/text_book_qpe.py;/qiskit-algorithms/qiskit_algorithms.amplitude_estimators.ae.AmplitudeEstimation;Quantum Amplitude Estimation;summary;!/usr/bin/env python coding: utf-8 Textbook Quantum Phase Estimation In[ ]: `TextbookQPE` Phase Estimation algorithm as presented in Chapter 5.2 of Ne...;0.6692;0
Qualtran/qualtran/bloqs/phase_estimation/text_book_qpe.py;/qiskit-algorithms/qiskit_algorithms.phase_estimators.ipe.IterativePhaseEstimation;Quantum Phase Estimation (QPE);summary;!/usr/bin/env python coding: utf-8 Textbook Quantum Phase Estimation In[ ]: `TextbookQPE` Phase Estimation algorithm as presented in Chapter 5.2 of Ne...;0.7101;0
Qualtran/qualtran/bloqs/phase_estimation/text_book_qpe.py;/qiskit-algorithms/qiskit_algorithms.phase_estimators.phase_estimation.PhaseEstimation;Quantum Phase Estimation (QPE);summary;!/usr/bin/env python coding: utf-8 Textbook Quantum Phase Estimation In[ ]: `TextbookQPE` Phase Estimation algorithm as presented in Chapter 5.2 of Ne...;0.6800;0
Qualtran/qualtran/bloqs/reflections/reflections.py;/classiq/open_library.functions.grover.reflect_about_zero;Amplitude Amplification;name;reflection_around_zero;0.9078;75
Qualtran/qualtran/cirq_interop/cirq_interop.py;/pennylane/pennylane.templates.subroutines.arithmetic.mod_exp.ModExp;Quantum Arithmetic;name;ModExp;1.0000;293
Qualtran/qualtran/cirq_interop/t_complexity.py;/qiskit/qiskit.circuit.library.boolean_logic.quantum_and.AND;Quantum Logical Operators;name;And;1.0000;41
Qualtran/qualtran/resource_counting/call_graph.py;/qiskit/qiskit.circuit.library.boolean_logic.quantum_and.AND;Quantum Logical Operators;name;And;1.0000;34
Qualtran/qualtran/simulation/MBUC.py;/qiskit/qiskit.circuit.library.boolean_logic.quantum_and.AND;Quantum Logical Operators;name;And;1.0000;20
Qualtran/qualtran/simulation/tensor.py;/qiskit/qiskit.circuit.library.boolean_logic.quantum_and.AND;Quantum Logical Operators;name;And;1.0000;35
Qualtran/qualtran/surface_code/msft_resource_estimator_interop.py;/pennylane/pennylane.templates.subroutines.arithmetic.mod_exp.ModExp;Quantum Arithmetic;name;ModExp;1.0000;19
ReCirq/docs/qaoa/binary_paintshop.py;/qiskit/qiskit.circuit.library.generalized_gates.permutation.Permutation;Circuit Construction Utility;name;permutation;1.0000;65
ReCirq/docs/qaoa/routing_with_tket.py;/qiskit/qiskit.circuit.library.generalized_gates.permutation.PermutationGate;Circuit Construction Utility;name;LinearPermutationGate;0.9042;261
amazon-braket-algorithm-library/notebooks/textbook/Grovers_Search.py;/qiskit-algorithms/qiskit_algorithms.amplitude_amplifiers.grover.Grover;Grover;summary;!/usr/bin/env python coding: utf-8 Grover's Search Algorithm Grover's algorithm is arguably one of the canonical quantum algorithms that kick-started ...;0.6771;0
amazon-braket-algorithm-library/notebooks/textbook/Grovers_Search.py;/classiq/open_library.functions.grover.grover_search;Grover;name;grovers_search;0.9825;46
amazon-braket-algorithm-library/notebooks/textbook/Quantum_Approximate_Optimization_Algorithm.py;/qiskit-algorithms/qiskit_algorithms.minimum_eigensolvers.qaoa.QAOA;Quantum Approximate Optimization Algorithm (QAOA);name;qaoa;1.0000;41
amazon-braket-algorithm-library/notebooks/textbook/Quantum_Fourier_Transform.py;/classiq/open_library.functions.qft_functions.qft;Basis Change;name;qft;1.0000;55
amazon-braket-algorithm-library/notebooks/textbook/Quantum_Fourier_Transform.py;/pennylane/pennylane.templates.subroutines.qft.QFT;Basis Change;name;qft;1.0000;55
amazon-braket-algorithm-library/notebooks/textbook/Quantum_Fourier_Transform.py;/qiskit/qiskit.circuit.library.basis_change.qft.QFT;Basis Change;name;qft;1.0000;55
amazon-braket-algorithm-library/notebooks/textbook/Quantum_Phase_Estimation_Algorithm.py;/classiq/open_library.functions.qpe.qpe_flexible;Quantum Phase Estimation (QPE);summary;!/usr/bin/env python coding: utf-8 Quantum Phase Estimation This example provides an implementation of the Quantum Phase Estimation (QPE) algorithm us...;0.6571;0
amazon-braket-algorithm-library/notebooks/textbook/Quantum_Phase_Estimation_Algorithm.py;/classiq/open_library.functions.qpe.qpe;Quantum Phase Estimation (QPE);summary;!/usr/bin/env python coding: utf-8 Quantum Phase Estimation This example provides an implementation of the Quantum Phase Estimation (QPE) algorithm us...;0.6787;0
amazon-braket-algorithm-library/notebooks/textbook/Quantum_Phase_Estimation_Algorithm.py;/qiskit-algorithms/qiskit_algorithms.phase_estimators.ipe.IterativePhaseEstimation;Quantum Phase Estimation (QPE);summary;!/usr/bin/env python coding: utf-8 Quantum Phase Estimation This example provides an implementation of the Quantum Phase Estimation (QPE) algorithm us...;0.6600;0
amazon-braket-algorithm-library/notebooks/textbook/Quantum_Phase_Estimation_Algorithm.py;/pennylane/pennylane.templates.subroutines.qpe.QuantumPhaseEstimation;Quantum Phase Estimation (QPE);name;run_quantum_phase_estimation;0.9428;90
catalyst/demos/qml/tutorial_qft_arithmetics.py;/pennylane/pennylane.templates.embeddings.basis.BasisEmbedding;Data Encoding;name;BasisEmbedding;1.0000;145
catalyst/demos/qml/tutorial_qft_arithmetics.py;/classiq/open_library.functions.qft_functions.qft;Basis Change;name;QFT;1.0000;217
catalyst/demos/qml/tutorial_qft_arithmetics.py;/pennylane/pennylane.templates.subroutines.qft.QFT;Basis Change;name;QFT;1.0000;217
catalyst/demos/qml/tutorial_qft_arithmetics.py;/qiskit/qiskit.circuit.library.basis_change.qft.QFT;Basis Change;name;QFT;1.0000;217
catalyst/demos/qml/tutorial_qft_arithmetics.py;/pennylane/pennylane.templates.subroutines.flip_sign.FlipSign;Phase Shift;name;FlipSign;1.0000;450
catalyst/demos/qml/tutorial_qft_arithmetics.py;/classiq/open_library.functions.grover.grover_operator;Amplitude Amplification;name;GroverOperator;1.0000;456
catalyst/demos/qml/tutorial_qft_arithmetics.py;/pennylane/pennylane.templates.subroutines.grover.GroverOperator;Grover;name;GroverOperator;1.0000;456
catalyst/demos/qml/tutorial_qft_arithmetics.py;/qiskit/qiskit.circuit.library.grover_operator.GroverOperator;Grover;name;GroverOperator;1.0000;456
classiq-library/algorithms/amplitude_amplification_and_estimation/oblivious_amplitude_amplification/oblivious_amplitude_amplification.py;/classiq/open_library.functions.lcu.lcu_pauli;Linear Combination of Unitaries;name;lcu_pauli;1.0000;85
classiq-library/algorithms/amplitude_amplification_and_estimation/oblivious_amplitude_amplification/oblivious_amplitude_amplification.py;/classiq/open_library.functions.grover.grover_operator;Amplitude Amplification;name;grover_operator;1.0000;145
classiq-library/algorithms/amplitude_amplification_and_estimation/oblivious_amplitude_amplification/oblivious_amplitude_amplification.py;/pennylane/pennylane.templates.subroutines.grover.GroverOperator;Grover;name;grover_operator;1.0000;145
classiq-library/algorithms/amplitude_amplification_and_estimation/oblivious_amplitude_amplification/oblivious_amplitude_amplification.py;/qiskit/qiskit.circuit.library.grover_operator.GroverOperator;Grover;name;grover_operator;1.0000;145
classiq-library/algorithms/amplitude_amplification_and_estimation/oblivious_amplitude_amplification/oblivious_amplitude_amplification.py;/classiq/open_library.functions.grover.phase_oracle;Oracle;name;phase_oracle;1.0000;146
classiq-library/algorithms/amplitude_amplification_and_estimation/oblivious_amplitude_amplification/oblivious_amplitude_amplification.py;/qiskit/qiskit.circuit.library.phase_oracle.PhaseOracle;Oracle;name;phase_oracle;1.0000;146
classiq-library/algorithms/amplitude_amplification_and_estimation/qmc_user_defined/qmc_user_defined.py;/classiq/open_library.functions.linear_pauli_rotation.linear_pauli_rotations;Data Encoding;name;linear_pauli_rotations;1.0000;115
classiq-library/algorithms/amplitude_amplification_and_estimation/qmc_user_defined/qmc_user_defined.py;/classiq/open_library.functions.grover.grover_operator;Amplitude Amplification;name;my_grover_operator;0.9673;227
classiq-library/algorithms/amplitude_amplification_and_estimation/qmc_user_defined/qmc_user_defined.py;/pennylane/pennylane.templates.subroutines.grover.GroverOperator;Grover;name;my_grover_operator;0.9673;227
classiq-library/algorithms/amplitude_amplification_and_estimation/qmc_user_defined/qmc_user_defined.py;/qiskit/qiskit.circuit.library.grover_operator.GroverOperator;Grover;name;my_grover_operator;0.9673;227
classiq-library/algorithms/amplitude_amplification_and_estimation/qmc_user_defined/qmc_user_defined.py;/classiq/open_library.functions.qpe.qpe;Quantum Phase Estimation (QPE);name;qpe;1.0000;262
classiq-library/algorithms/amplitude_amplification_and_estimation/qsvt_fixed_point_amplitude_amplification/qsvt_fixed_point_amplitude_amplification.py;/classiq/open_library.functions.qsvt.qsvt;Domain Specific Application;name;qsvt;1.0000;106
classiq-library/algorithms/amplitude_amplification_and_estimation/qsvt_fixed_point_amplitude_amplification/qsvt_fixed_point_amplitude_amplification.py;/pennylane/pennylane.templates.subroutines.qsvt.QSVT;Domain Specific Application;name;qsvt;1.0000;106
classiq-library/algorithms/amplitude_amplification_and_estimation/qsvt_fixed_point_amplitude_amplification/qsvt_fixed_point_amplitude_amplification.py;/classiq/open_library.functions.utility_functions.hadamard_transform;Basis Change;name;hadamard_transform;1.0000;148
classiq-library/algorithms/amplitude_amplification_and_estimation/quantum_counting/quantum_counting.py;/classiq/open_library.functions.grover.phase_oracle;Oracle;name;phase_oracle;1.0000;88
classiq-library/algorithms/amplitude_amplification_and_estimation/quantum_counting/quantum_counting.py;/qiskit/qiskit.circuit.library.phase_oracle.PhaseOracle;Oracle;name;phase_oracle;1.0000;88
classiq-library/algorithms/amplitude_amplification_and_estimation/quantum_counting/quantum_counting.py;/classiq/open_library.functions.qpe.qpe;Quantum Phase Estimation (QPE);name;qpe;1.0000;134
classiq-library/algorithms/amplitude_amplification_and_estimation/quantum_counting/quantum_counting.py;/classiq/open_library.functions.grover.grover_operator;Amplitude Amplification;name;grover_operator;1.0000;135
classiq-library/algorithms/amplitude_amplification_and_estimation/quantum_counting/quantum_counting.py;/pennylane/pennylane.templates.subroutines.grover.GroverOperator;Grover;name;grover_operator;1.0000;135
classiq-library/algorithms/amplitude_amplification_and_estimation/quantum_counting/quantum_counting.py;/qiskit/qiskit.circuit.library.grover_operator.GroverOperator;Grover;name;grover_operator;1.0000;135
classiq-library/algorithms/amplitude_amplification_and_estimation/quantum_counting/quantum_counting.py;/classiq/open_library.functions.utility_functions.hadamard_transform;Basis Change;name;hadamard_transform;1.0000;220
classiq-library/algorithms/foundational/bernstein_vazirani/bernstein_vazirani.py;/classiq/open_library.functions.utility_functions.hadamard_transform;Basis Change;name;hadamard_transform;1.0000;82
classiq-library/algorithms/foundational/deutsch_jozsa/deutsch_jozsa.py;/classiq/open_library.functions.utility_functions.hadamard_transform;Basis Change;name;hadamard_transform;1.0000;45
classiq-library/algorithms/foundational/deutsch_jozsa/deutsch_jozsa.py;/classiq/open_library.functions.grover.phase_oracle;Oracle;name;phase_oracle;1.0000;46
classiq-library/algorithms/foundational/deutsch_jozsa/deutsch_jozsa.py;/qiskit/qiskit.circuit.library.phase_oracle.PhaseOracle;Oracle;name;phase_oracle;1.0000;46
classiq-library/algorithms/foundational/simon/simon.py;/classiq/open_library.functions.utility_functions.hadamard_transform;Basis Change;name;hadamard_transform;1.0000;167
classiq-library/algorithms/hamiltonian_simulation/hamiltonian_simulation_guide/hamiltonian_simulation_guide.py;/classiq/qmod.builtins.functions.exponentiation.suzuki_trotter;Hamiltonian Simulation;name;suzuki_trotter;1.0000;116
classiq-library/algorithms/hamiltonian_simulation/hamiltonian_simulation_with_block_encoding/hamiltonian_simulation_with_block_encoding.py;/classiq/open_library.functions.lcu.lcu_pauli;Linear Combination of Unitaries;name;lcu_pauli;1.0000;135
classiq-library/algorithms/hamiltonian_simulation/hamiltonian_simulation_with_block_encoding/hamiltonian_simulation_with_block_encoding.py;/classiq/open_library.functions.qsvt.gqsp;Domain Specific Application;name;gqsp;1.0000;462
classiq-library/algorithms/hamiltonian_simulation/hamiltonian_simulation_with_block_encoding/hamiltonian_simulation_with_block_encoding.py;/pennylane/pennylane.templates.subroutines.gqsp.GQSP;Basis Change;name;gqsp;1.0000;462
classiq-library/algorithms/hamiltonian_simulation/hamiltonian_simulation_with_block_encoding/hamiltonian_simulation_with_block_encoding.py;/classiq/open_library.functions.qsvt.qsvt_lcu;Domain Specific Application;name;qsvt_lcu;1.0000;597
classiq-library/algorithms/number_theory_and_cryptography/discrete_log/discrete_log.py;/classiq/open_library.functions.utility_functions.hadamard_transform;Basis Change;name;hadamard_transform;1.0000;123
classiq-library/algorithms/number_theory_and_cryptography/discrete_log/discrete_log.py;/classiq/open_library.functions.qft_functions.qft;Basis Change;name;qft;1.0000;128
classiq-library/algorithms/number_theory_and_cryptography/discrete_log/discrete_log.py;/pennylane/pennylane.templates.subroutines.qft.QFT;Basis Change;name;qft;1.0000;128
classiq-library/algorithms/number_theory_and_cryptography/discrete_log/discrete_log.py;/qiskit/qiskit.circuit.library.basis_change.qft.QFT;Basis Change;name;qft;1.0000;128
classiq-library/algorithms/number_theory_and_cryptography/elliptic_curves/elliptic_curve_discrete_log.py;/classiq/open_library.functions.utility_functions.hadamard_transform;Basis Change;name;hadamard_transform;1.0000;311
classiq-library/algorithms/number_theory_and_cryptography/elliptic_curves/elliptic_curve_discrete_log.py;/classiq/open_library.functions.qft_functions.qft;Basis Change;name;qft;1.0000;323
classiq-library/algorithms/number_theory_and_cryptography/elliptic_curves/elliptic_curve_discrete_log.py;/pennylane/pennylane.templates.subroutines.qft.QFT;Basis Change;name;qft;1.0000;323
classiq-library/algorithms/number_theory_and_cryptography/elliptic_curves/elliptic_curve_discrete_log.py;/qiskit/qiskit.circuit.library.basis_change.qft.QFT;Basis Change;name;qft;1.0000;323
classiq-library/algorithms/number_theory_and_cryptography/elliptic_curves/elliptic_curve_discrete_log.py;/classiq/open_library.functions.modular_exponentiation.modular_multiply;Quantum Arithmetic;name;modular_multiply;1.0000;538
classiq-library/algorithms/number_theory_and_cryptography/hidden_shift/hidden_shift.py;/classiq/open_library.functions.utility_functions.hadamard_transform;Basis Change;name;hadamard_transform;1.0000;32
classiq-library/algorithms/number_theory_and_cryptography/hidden_shift/hidden_shift.py;/classiq/open_library.functions.grover.phase_oracle;Oracle;name;phase_oracle;1.0000;56
classiq-library/algorithms/number_theory_and_cryptography/hidden_shift/hidden_shift.py;/qiskit/qiskit.circuit.library.phase_oracle.PhaseOracle;Oracle;name;phase_oracle;1.0000;56
classiq-library/algorithms/number_theory_and_cryptography/shor/shor.py;/classiq/open_library.functions.qpe.qpe_flexible;Quantum Phase Estimation (QPE);name;qpe_flexible;1.0000;114
classiq-library/algorithms/qml/hybrid_qnn/hybrid_qnn_for_subset_majority.py;/classiq/open_library.functions.variational.encode_on_bloch;Data Encoding;name;encode_on_bloch;1.0000;197
classiq-library/algorithms/qml/qsvm/qsvm.py;/qiskit_machine_learning/qiskit_machine_learning.algorithms.classifiers.QSVC;SWAP Test;summary;!/usr/bin/env python coding: utf-8 Quantum Support Vector Machines (QSVM) > **Quantum Support Vector Machines** is the quantum version of classical Su...;0.6816;0
classiq-library/algorithms/qml/qsvm/qsvm.py;/qiskit_machine_learning/qiskit_machine_learning.algorithms.classifiers.PegasosQSVC;SWAP Test;summary;!/usr/bin/env python coding: utf-8 Quantum Support Vector Machines (QSVM) > **Quantum Support Vector Machines** is the quantum version of classical Su...;0.6515;0
classiq-library/algorithms/qml/qsvm/qsvm.py;/classiq/open_library.functions.utility_functions.hadamard_transform;Basis Change;name;hadamard_transform;1.0000;688
classiq-library/algorithms/qml/quantum_autoencoder/quantum_autoencoder.py;/classiq/open_library.functions.variational.encode_in_angle;Data Encoding;name;angle_encoding;0.9169;167
classiq-library/algorithms/qml/quantum_autoencoder/quantum_autoencoder.py;/classiq/open_library.functions.swap_test.swap_test;SWAP Test;name;swap_test;1.0000;174
classiq-library/algorithms/quantum_differential_equations_solvers/discrete_poisson_solver/discrete_poisson_solver.py;/classiq/qmod.builtins.functions.exponentiation.suzuki_trotter;Hamiltonian Simulation;name;suzuki_trotter;1.0000;146
classiq-library/algorithms/quantum_differential_equations_solvers/discrete_poisson_solver/discrete_poisson_solver.py;/classiq/open_library.functions.discrete_sine_cosine_transform.qst_type2;Basis Change;name;qst_type2;1.0000;164
classiq-library/algorithms/quantum_differential_equations_solvers/discrete_poisson_solver/discrete_poisson_solver.py;/classiq/open_library.functions.discrete_sine_cosine_transform.qct_qst_type1;Basis Change;name;qct_type2;0.9008;165
classiq-library/algorithms/quantum_differential_equations_solvers/discrete_poisson_solver/discrete_poisson_solver.py;/classiq/open_library.functions.discrete_sine_cosine_transform.qct_qst_type2;Basis Change;name;qct_type2;0.9450;165
classiq-library/algorithms/quantum_differential_equations_solvers/discrete_poisson_solver/discrete_poisson_solver.py;/classiq/open_library.functions.discrete_sine_cosine_transform.qct_type2;Basis Change;name;qct_type2;1.0000;165
classiq-library/algorithms/quantum_differential_equations_solvers/discrete_poisson_solver/discrete_poisson_solver.py;/classiq/open_library.functions.qpe.qpe_flexible;Quantum Phase Estimation (QPE);name;qpe_flexible;1.0000;186
classiq-library/algorithms/quantum_differential_equations_solvers/time_marching/time_marching.py;/classiq/open_library.functions.linear_pauli_rotation.linear_pauli_rotations;Data Encoding;name;linear_pauli_rotations;1.0000;153
classiq-library/algorithms/quantum_differential_equations_solvers/time_marching/time_marching.py;/classiq/open_library.functions.qsvt.qsvt_lcu;Domain Specific Application;name;qsvt_lcu;1.0000;287
classiq-library/algorithms/quantum_differential_equations_solvers/time_marching/time_marching.py;/classiq/open_library.functions.qsvt.qsvt;Domain Specific Application;name;qsvt;1.0000;353
classiq-library/algorithms/quantum_differential_equations_solvers/time_marching/time_marching.py;/pennylane/pennylane.templates.subroutines.qsvt.QSVT;Domain Specific Application;name;qsvt;1.0000;353
classiq-library/algorithms/quantum_differential_equations_solvers/time_marching/time_marching.py;/classiq/open_library.functions.utility_functions.hadamard_transform;Basis Change;name;hadamard_transform;1.0000;411
classiq-library/algorithms/quantum_linear_solvers/adiabatic_linear_solvers/solving_qlsp_with_aqc.py;/classiq/qmod.builtins.functions.exponentiation.suzuki_trotter;Hamiltonian Simulation;name;suzuki_trotter;1.0000;457
classiq-library/algorithms/quantum_linear_solvers/hhl/hhl.py;/classiq/open_library.functions.qpe.qpe_flexible;Quantum Phase Estimation (QPE);name;qpe_flexible;1.0000;189
classiq-library/algorithms/quantum_linear_solvers/hhl/hhl.py;/classiq/qmod.builtins.functions.exponentiation.suzuki_trotter;Hamiltonian Simulation;name;suzuki_trotter;1.0000;444
classiq-library/algorithms/quantum_linear_solvers/qsvt_matrix_inversion/qsvt_matrix_inversion.py;/classiq/open_library.functions.qsvt.qsvt_inversion;Domain Specific Application;name;qsvt_inversion;1.0000;235
classiq-library/algorithms/quantum_linear_solvers/vqls/vqls_with_lcu.py;/classiq/open_library.functions.lcu.lcu_pauli;Linear Combination of Unitaries;name;lcu_pauli;1.0000;305
classiq-library/algorithms/quantum_linear_solvers/vqls/vqls_with_lcu.py;/classiq/open_library.functions.utility_functions.apply_to_all;Circuit Construction Utility;name;apply_to_all;1.0000;308
classiq-library/algorithms/quantum_phase_estimation/qpe_for_matrix/qpe_for_matrix.py;/classiq/open_library.functions.qpe.qpe;Quantum Phase Estimation (QPE);summary;!/usr/bin/env python coding: utf-8 Quantum Phase Estimation for Solving Matrix Eigenvalues Quantum Phase Estimation (QPE) is a key algorithm in quantu...;0.7207;0
classiq-library/algorithms/quantum_phase_estimation/qpe_for_matrix/qpe_for_matrix.py;/qiskit-algorithms/qiskit_algorithms.phase_estimators.ipe.IterativePhaseEstimation;Quantum Phase Estimation (QPE);summary;!/usr/bin/env python coding: utf-8 Quantum Phase Estimation for Solving Matrix Eigenvalues Quantum Phase Estimation (QPE) is a key algorithm in quantu...;0.6814;0
classiq-library/algorithms/quantum_phase_estimation/qpe_for_matrix/qpe_for_matrix.py;/classiq/qmod.builtins.functions.exponentiation.suzuki_trotter;Hamiltonian Simulation;name;suzuki_trotter;1.0000;107
classiq-library/algorithms/quantum_phase_estimation/qpe_for_matrix/qpe_for_matrix.py;/classiq/open_library.functions.qpe.qpe_flexible;Quantum Phase Estimation (QPE);name;qpe_flexible;1.0000;210
classiq-library/algorithms/quantum_phase_estimation/qpe_with_qubitization/qpe_for_molecule_with_qubitization.py;/qiskit-algorithms/qiskit_algorithms.phase_estimators.ipe.IterativePhaseEstimation;Quantum Phase Estimation (QPE);summary;!/usr/bin/env python coding: utf-8 Qubitization based Quantum Phase Estimation (QPE) for Solving Molecular Energies This notebook is based on Ref. [[1...;0.6769;0
classiq-library/algorithms/quantum_phase_estimation/qpe_with_qubitization/qpe_for_molecule_with_qubitization.py;/classiq/open_library.functions.state_preparation.prepare_basis_state;Initialization;name;prepare_basis_state;1.0000;316
classiq-library/algorithms/quantum_phase_estimation/qpe_with_qubitization/qpe_for_molecule_with_qubitization.py;/classiq/open_library.functions.qpe.qpe;Quantum Phase Estimation (QPE);name;qpe;1.0000;320
classiq-library/algorithms/quantum_phase_estimation/qpe_with_qubitization/qpe_for_molecule_with_qubitization.py;/classiq/open_library.functions.utility_functions.hadamard_transform;Basis Change;name;hadamard_transform;1.0000;360
classiq-library/algorithms/quantum_phase_estimation/qpe_with_qubitization/qpe_for_molecule_with_qubitization.py;/classiq/open_library.functions.qft_functions.qft;Basis Change;name;qft;1.0000;375
classiq-library/algorithms/quantum_phase_estimation/qpe_with_qubitization/qpe_for_molecule_with_qubitization.py;/pennylane/pennylane.templates.subroutines.qft.QFT;Basis Change;name;qft;1.0000;375
classiq-library/algorithms/quantum_phase_estimation/qpe_with_qubitization/qpe_for_molecule_with_qubitization.py;/qiskit/qiskit.circuit.library.basis_change.qft.QFT;Basis Change;name;qft;1.0000;375
classiq-library/algorithms/quantum_primitives/gqsp/gqsp.py;/classiq/open_library.functions.utility_functions.hadamard_transform;Basis Change;name;hadamard_transform;1.0000;88
classiq-library/algorithms/quantum_primitives/gqsp/gqsp.py;/classiq/open_library.functions.qsvt.gqsp;Domain Specific Application;name;gqsp;1.0000;89
classiq-library/algorithms/quantum_primitives/gqsp/gqsp.py;/pennylane/pennylane.templates.subroutines.gqsp.GQSP;Basis Change;name;gqsp;1.0000;89
classiq-library/algorithms/quantum_primitives/hadamard_test/hadamard_test.py;/classiq/open_library.functions.qft_functions.qft;Basis Change;name;qft;1.0000;71
classiq-library/algorithms/quantum_primitives/hadamard_test/hadamard_test.py;/pennylane/pennylane.templates.subroutines.qft.QFT;Basis Change;name;qft;1.0000;71
classiq-library/algorithms/quantum_primitives/hadamard_test/hadamard_test.py;/qiskit/qiskit.circuit.library.basis_change.qft.QFT;Basis Change;name;qft;1.0000;71
classiq-library/algorithms/quantum_primitives/swap_test/swap_test.py;/classiq/open_library.functions.swap_test.swap_test;SWAP Test;name;swap_test;1.0000;54
classiq-library/algorithms/quantum_state_preparation/adapt_vqe/adapt_vqe.py;/qiskit-algorithms/qiskit_algorithms.minimum_eigensolvers.adapt_vqe.AdaptVQE;Variational Quantum Eigensolver (VQE);summary;!/usr/bin/env python coding: utf-8 ADAPT VQE > The **Adaptive Derivative-Assembled Pseudo-Trotter Variational Quantum Eigensolver (ADAPT-VQE)** [[1](#...;0.7431;0
classiq-library/algorithms/quantum_state_preparation/adapt_vqe/adapt_vqe.py;/qiskit-algorithms/qiskit_algorithms.minimum_eigensolvers.sampling_vqe.SamplingVQE;Variational Quantum Eigensolver (VQE);summary;!/usr/bin/env python coding: utf-8 ADAPT VQE > The **Adaptive Derivative-Assembled Pseudo-Trotter Variational Quantum Eigensolver (ADAPT-VQE)** [[1](#...;0.6711;0
classiq-library/algorithms/quantum_state_preparation/adapt_vqe/adapt_vqe.py;/qiskit-algorithms/qiskit_algorithms.minimum_eigensolvers.vqe.VQE;Variational Quantum Eigensolver (VQE);summary;!/usr/bin/env python coding: utf-8 ADAPT VQE > The **Adaptive Derivative-Assembled Pseudo-Trotter Variational Quantum Eigensolver (ADAPT-VQE)** [[1](#...;0.7399;0
classiq-library/algorithms/quantum_state_preparation/adapt_vqe/adapt_vqe.py;/classiq/qmod.builtins.functions.exponentiation.suzuki_trotter;Hamiltonian Simulation;name;suzuki_trotter;1.0000;269
classiq-library/algorithms/quantum_state_preparation/gibbs/quantum_thermal_state_preparation.py;/classiq/qmod.builtins.functions.exponentiation.suzuki_trotter;Hamiltonian Simulation;name;suzuki_trotter;1.0000;150
classiq-library/algorithms/quantum_state_preparation/gibbs/quantum_thermal_state_preparation.py;/classiq/open_library.functions.qft_functions.qft;Basis Change;name;qft;1.0000;187
classiq-library/algorithms/quantum_state_preparation/gibbs/quantum_thermal_state_preparation.py;/pennylane/pennylane.templates.subroutines.qft.QFT;Basis Change;name;qft;1.0000;187
classiq-library/algorithms/quantum_state_preparation/gibbs/quantum_thermal_state_preparation.py;/qiskit/qiskit.circuit.library.basis_change.qft.QFT;Basis Change;name;qft;1.0000;187
classiq-library/algorithms/quantum_state_preparation/gibbs/quantum_thermal_state_preparation.py;/classiq/open_library.functions.utility_functions.hadamard_transform;Basis Change;name;hadamard_transform;1.0000;277
classiq-library/algorithms/quantum_state_preparation/gibbs/quantum_thermal_state_preparation.py;/classiq/open_library.functions.state_preparation.prepare_uniform_trimmed_state;Initialization;name;prepare_uniform_trimmed_state;1.0000;367
classiq-library/algorithms/quantum_state_preparation/gibbs/quantum_thermal_state_preparation.py;/classiq/open_library.functions.utility_functions.apply_to_all;Circuit Construction Utility;name;apply_to_all;1.0000;430
classiq-library/algorithms/search_and_optimization/dqi/dqi_max_xorsat.py;/classiq/open_library.functions.state_preparation.prepare_dicke_state;Initialization;name;prepare_dicke_state;1.0000;124
classiq-library/algorithms/search_and_optimization/dqi/dqi_max_xorsat.py;/classiq/open_library.functions.state_preparation.prepare_dicke_state_unary_input;Initialization;name;prepare_dicke_state_unary_input;1.0000;143
classiq-library/algorithms/search_and_optimization/dqi/dqi_max_xorsat.py;/classiq/open_library.functions.utility_functions.hadamard_transform;Basis Change;name;hadamard_transform;1.0000;225
classiq-library/algorithms/search_and_optimization/grover/grover.py;/classiq/open_library.functions.grover.grover_search;Grover;summary;!/usr/bin/env python coding: utf-8 Grover's Search Algorithm > **Grover’s Search Algorithm**, introduced by Lov Grover in 1996 [\[1\]](#ref-Gro96), is...;0.6815;0
classiq-library/algorithms/search_and_optimization/grover/grover.py;/qiskit-algorithms/qiskit_algorithms.amplitude_amplifiers.grover.Grover;Grover;summary;!/usr/bin/env python coding: utf-8 Grover's Search Algorithm > **Grover’s Search Algorithm**, introduced by Lov Grover in 1996 [\[1\]](#ref-Gro96), is...;0.6978;0
classiq-library/algorithms/search_and_optimization/grover/grover.py;/classiq/open_library.functions.utility_functions.hadamard_transform;Basis Change;name;hadamard_transform;1.0000;167
classiq-library/algorithms/search_and_optimization/grover/grover.py;/classiq/open_library.functions.grover.grover_operator;Amplitude Amplification;name;grover_operator;1.0000;171
classiq-library/algorithms/search_and_optimization/grover/grover.py;/pennylane/pennylane.templates.subroutines.grover.GroverOperator;Grover;name;grover_operator;1.0000;171
classiq-library/algorithms/search_and_optimization/grover/grover.py;/qiskit/qiskit.circuit.library.grover_operator.GroverOperator;Grover;name;grover_operator;1.0000;171
classiq-library/algorithms/search_and_optimization/grover/grover.py;/classiq/open_library.functions.grover.phase_oracle;Oracle;name;phase_oracle;1.0000;172
classiq-library/algorithms/search_and_optimization/grover/grover.py;/qiskit/qiskit.circuit.library.phase_oracle.PhaseOracle;Oracle;name;phase_oracle;1.0000;172
classiq-library/algorithms/search_and_optimization/grover_mixer_qaoa/gm_qaoa.py;/classiq/open_library.functions.qaoa_penalty.qaoa_mixer_layer;Quantum Approximate Optimization Algorithm (QAOA);summary;!/usr/bin/env python coding: utf-8 Grover Mixers for QAOA Grover Mixers for QAOA (GM-QAOA) is one of the algorithms applied to constrained optimizatio...;0.6774;0
classiq-library/algorithms/search_and_optimization/grover_mixer_qaoa/gm_qaoa.py;/classiq/open_library.functions.utility_functions.apply_to_all;Circuit Construction Utility;name;apply_to_all;1.0000;105
classiq-library/algorithms/search_and_optimization/grover_mixer_qaoa/gm_qaoa.py;/classiq/open_library.functions.utility_functions.hadamard_transform;Basis Change;name;hadamard_transform;1.0000;139
classiq-library/algorithms/search_and_optimization/grover_mixer_qaoa/gm_qaoa.py;/qiskit/qiskit.circuit.library.n_local.qaoa_ansatz.QAOAAnsatz;Quantum Approximate Optimization Algorithm (QAOA);name;qaoa_ansatz;1.0000;140
classiq-library/algorithms/search_and_optimization/grover_mixer_qaoa/gm_qaoa.py;/classiq/open_library.functions.state_preparation.prepare_dicke_state;Initialization;name;prepare_dicke_state;1.0000;229
classiq-library/algorithms/search_and_optimization/qaoa/qaoa.py;/qiskit-algorithms/qiskit_algorithms.minimum_eigensolvers.qaoa.QAOA;Quantum Approximate Optimization Algorithm (QAOA);summary;!/usr/bin/env python coding: utf-8 Quantum Approximate Optimization Algorithm >The **Quantum Approximate Optimization Algorithm (QAOA)**, introduced b...;0.7824;0
classiq-library/algorithms/search_and_optimization/qaoa/qaoa.py;/classiq/open_library.functions.utility_functions.apply_to_all;Circuit Construction Utility;name;apply_to_all;1.0000;193
classiq-library/algorithms/search_and_optimization/qaoa/qaoa.py;/classiq/open_library.functions.utility_functions.hadamard_transform;Basis Change;name;hadamard_transform;1.0000;238
classiq-library/algorithms/search_and_optimization/qaoa/qaoa.py;/qiskit/qiskit.circuit.library.n_local.qaoa_ansatz.QAOAAnsatz;Quantum Approximate Optimization Algorithm (QAOA);name;qaoa_ansatz;1.0000;239
classiq-library/applications/automotive/cooling_systems_optimization/cooling_systems_optimization.py;/classiq/open_library.functions.lcu.lcu_pauli;Linear Combination of Unitaries;name;lcu_pauli;1.0000;141
classiq-library/applications/automotive/cooling_systems_optimization/cooling_systems_optimization.py;/classiq/open_library.functions.utility_functions.hadamard_transform;Basis Change;name;hadamard_transform;1.0000;343
classiq-library/applications/automotive/cooling_systems_optimization/cooling_systems_optimization.py;/classiq/open_library.functions.qsvt.qsvt_inversion;Domain Specific Application;name;qsvt_inversion;1.0000;548
classiq-library/applications/automotive/cooling_systems_optimization/cooling_systems_optimization.py;/classiq/open_library.functions.amplitude_estimation.amplitude_estimation;Quantum Amplitude Estimation;name;amplitude_estimation;1.0000;839
classiq-library/applications/automotive/cooling_systems_optimization/cooling_systems_optimization.py;/qiskit-algorithms/qiskit_algorithms.amplitude_estimators.ae.AmplitudeEstimation;Quantum Amplitude Estimation;name;amplitude_estimation;1.0000;839
classiq-library/applications/automotive/cooling_systems_optimization/cooling_systems_optimization.py;/classiq/open_library.functions.grover.reflect_about_zero;Amplitude Amplification;name;reflect_about_zero;1.0000;840
classiq-library/applications/automotive/cooling_systems_optimization/cooling_systems_optimization.py;/classiq/open_library.functions.state_preparation.inplace_prepare_complex_amplitudes;Initialization;name;inplace_prepare_complex_amplitudes;1.0000;1051
classiq-library/applications/automotive/cooling_systems_optimization/cooling_systems_optimization.py;/classiq/open_library.functions.qaoa_penalty.qaoa_layer;Quantum Approximate Optimization Algorithm (QAOA);name;qaoa_layer;1.0000;1081
classiq-library/applications/cfd/double_slit_experiment/quantum_double_slit_experiment.py;/classiq/open_library.functions.qsvt.qsvt_inversion;Domain Specific Application;name;qsvt_inversion;1.0000;780
classiq-library/applications/cfd/heat_eq_qsvt/heat_eq_qsvt.py;/classiq/open_library.functions.variational.encode_in_angle;Data Encoding;name;encode_in_angle;1.0000;430
classiq-library/applications/cfd/heat_eq_qsvt/heat_eq_qsvt.py;/classiq/open_library.functions.qsvt.projector_controlled_phase;Phase Shift;name;my_projector_controlled_phase;0.9661;554
classiq-library/applications/cfd/heat_eq_qsvt/heat_eq_qsvt.py;/classiq/open_library.functions.qsvt.qsvt_step;Domain Specific Application;name;my_qsvt_step;0.9337;570
classiq-library/applications/cfd/heat_eq_qsvt/heat_eq_qsvt.py;/classiq/open_library.functions.qsvt.qsvt_inversion;Domain Specific Application;name;qsvt_inversion_my;0.9713;593
classiq-library/applications/cfd/qlbm/qlbm.py;/pennylane/pennylane.templates.subroutines.reflection.Reflection;Grover;name;reflection;1.0000;497
classiq-library/applications/cfd/qls_for_hybrid_solvers/qls_qsvt.py;/classiq/open_library.functions.qsvt.qsvt_inversion;Domain Specific Application;name;qsvt_inversion;1.0000;106
classiq-library/applications/chemistry/classiq_chemistry_application/classiq_chemistry_application.py;/classiq/open_library.functions.state_preparation.prepare_basis_state;Initialization;name;prepare_basis_state;1.0000;427
classiq-library/applications/chemistry/molecular_energy_curve/molecular_energy_curve.py;/classiq/open_library.functions.state_preparation.prepare_basis_state;Initialization;name;prepare_basis_state;1.0000;105
classiq-library/applications/chemistry/molecule_eigensolver/molecule_eigensolver.py;/qiskit-algorithms/qiskit_algorithms.minimum_eigensolvers.vqe.VQE;Variational Quantum Eigensolver (VQE);summary;!/usr/bin/env python coding: utf-8 Molecule Eigensolver (VQE Method) Evaluating the ground state of a molecular Hamiltonian allows you to understand t...;0.7198;0
classiq-library/applications/chemistry/molecule_eigensolver/molecule_eigensolver.py;/classiq/open_library.functions.state_preparation.prepare_basis_state;Initialization;name;prepare_basis_state;1.0000;118
classiq-library/applications/chemistry/molecule_eigensolver/molecule_eigensolver.py;/classiq/open_library.functions.hea.full_hea;Variational Quantum Algorithm (VQA);name;full_hea;1.0000;119
classiq-library/applications/chemistry/qpe_for_molecules/qpe_for_molecules.py;/classiq/open_library.functions.qpe.qpe;Quantum Phase Estimation (QPE);summary;!/usr/bin/env python coding: utf-8 Quantum Phase Estimation (QPE) for Solving Molecular Energies Quantum Phase Estimation (QPE) is a key algorithm in ...;0.6688;0
classiq-library/applications/chemistry/qpe_for_molecules/qpe_for_molecules.py;/qiskit-algorithms/qiskit_algorithms.phase_estimators.ipe.IterativePhaseEstimation;Quantum Phase Estimation (QPE);summary;!/usr/bin/env python coding: utf-8 Quantum Phase Estimation (QPE) for Solving Molecular Energies Quantum Phase Estimation (QPE) is a key algorithm in ...;0.6971;0
classiq-library/applications/chemistry/qpe_for_molecules/qpe_for_molecules.py;/qiskit-algorithms/qiskit_algorithms.phase_estimators.phase_estimation.PhaseEstimation;Quantum Phase Estimation (QPE);summary;!/usr/bin/env python coding: utf-8 Quantum Phase Estimation (QPE) for Solving Molecular Energies Quantum Phase Estimation (QPE) is a key algorithm in ...;0.6597;0
classiq-library/applications/chemistry/qpe_for_molecules/qpe_for_molecules.py;/classiq/qmod.builtins.functions.exponentiation.suzuki_trotter;Hamiltonian Simulation;name;suzuki_trotter;1.0000;317
classiq-library/applications/chemistry/qpe_for_molecules/qpe_for_molecules.py;/classiq/open_library.functions.state_preparation.prepare_basis_state;Initialization;name;prepare_basis_state;1.0000;342
classiq-library/applications/chemistry/qpe_for_molecules/qpe_for_molecules.py;/classiq/open_library.functions.qpe.qpe_flexible;Quantum Phase Estimation (QPE);name;qpe_flexible;1.0000;344
classiq-library/applications/chemistry/second_quantized_hamiltonian/second_quantized_hamiltonian.py;/classiq/open_library.functions.hea.full_hea;Variational Quantum Algorithm (VQA);name;full_hea;1.0000;57
classiq-library/applications/chemistry/tensor_hypercontraction/tensor_hypercontraction.py;/classiq/open_library.functions.utility_functions.apply_to_all;Circuit Construction Utility;name;apply_to_all;1.0000;237
classiq-library/applications/chemistry/tensor_hypercontraction/tensor_hypercontraction.py;/pennylane/pennylane.templates.subroutines.select.Select;Dynamic Circuit;name;select;1.0000;525
classiq-library/applications/chemistry/tensor_hypercontraction/tensor_hypercontraction.py;/classiq/open_library.functions.qft_functions.qft;Basis Change;name;qft;1.0000;594
classiq-library/applications/chemistry/tensor_hypercontraction/tensor_hypercontraction.py;/pennylane/pennylane.templates.subroutines.qft.QFT;Basis Change;name;qft;1.0000;594
classiq-library/applications/chemistry/tensor_hypercontraction/tensor_hypercontraction.py;/qiskit/qiskit.circuit.library.basis_change.qft.QFT;Basis Change;name;qft;1.0000;594
classiq-library/applications/cybersecurity/whitebox_fuzzing/whitebox_fuzzing.py;/classiq/open_library.functions.utility_functions.hadamard_transform;Basis Change;name;hadamard_transform;1.0000;176
classiq-library/applications/cybersecurity/whitebox_fuzzing/whitebox_fuzzing.py;/classiq/open_library.functions.grover.grover_operator;Amplitude Amplification;name;my_grover_operator;0.9673;232
classiq-library/applications/cybersecurity/whitebox_fuzzing/whitebox_fuzzing.py;/pennylane/pennylane.templates.subroutines.grover.GroverOperator;Grover;name;my_grover_operator;0.9673;232
classiq-library/applications/cybersecurity/whitebox_fuzzing/whitebox_fuzzing.py;/qiskit/qiskit.circuit.library.grover_operator.GroverOperator;Grover;name;my_grover_operator;0.9673;232
classiq-library/applications/finance/autocallable_options/partial_exponential_state_preparation.py;/classiq/open_library.functions.state_preparation.prepare_exponential_state;Initialization;name;prepare_exponential_state;1.0000;32
classiq-library/applications/finance/autocallable_options/partial_exponential_state_preparation.py;/classiq/open_library.functions.amplitude_amplification.exact_amplitude_amplification;Amplitude Amplification;name;exact_amplitude_amplification;1.0000;107
classiq-library/applications/finance/autocallable_options/partial_exponential_state_preparation.py;/classiq/open_library.functions.grover.phase_oracle;Oracle;name;phase_oracle;1.0000;109
classiq-library/applications/finance/autocallable_options/partial_exponential_state_preparation.py;/qiskit/qiskit.circuit.library.phase_oracle.PhaseOracle;Oracle;name;phase_oracle;1.0000;109
classiq-library/applications/finance/autocallable_options/quantum_autocallable_option_pricing.py;/classiq/open_library.functions.state_preparation.prepare_exponential_state;Initialization;name;prepare_exponential_state;1.0000;351
classiq-library/applications/finance/brownian_chebyshev_polynomials/brownian_chebyshev_polynomials.py;/classiq/open_library.functions.utility_functions.hadamard_transform;Basis Change;name;hadamard_transform;1.0000;141
classiq-library/applications/finance/credit_card_fraud/credit_card_fraud.py;/qiskit_machine_learning/qiskit_machine_learning.algorithms.classifiers.NeuralNetworkClassifier;Quantum Neural Network (QNN);summary;!/usr/bin/env python coding: utf-8 Quantum Kernels and Support Vector Machines Detecting Credit Card Fraud Quantum Support Vector Machines (QSVM) on K...;0.6546;0
classiq-library/applications/finance/credit_card_fraud/credit_card_fraud.py;/qiskit_machine_learning/qiskit_machine_learning.algorithms.classifiers.QSVC;SWAP Test;summary;!/usr/bin/env python coding: utf-8 Quantum Kernels and Support Vector Machines Detecting Credit Card Fraud Quantum Support Vector Machines (QSVM) on K...;0.7736;0
classiq-library/applications/finance/credit_card_fraud/credit_card_fraud.py;/qiskit_machine_learning/qiskit_machine_learning.algorithms.classifiers.PegasosQSVC;SWAP Test;summary;!/usr/bin/env python coding: utf-8 Quantum Kernels and Support Vector Machines Detecting Credit Card Fraud Quantum Support Vector Machines (QSVM) on K...;0.7235;0
classiq-library/applications/finance/credit_card_fraud/credit_card_fraud.py;/qiskit_machine_learning/qiskit_machine_learning.algorithms.regressors.QSVR;SWAP Test;summary;!/usr/bin/env python coding: utf-8 Quantum Kernels and Support Vector Machines Detecting Credit Card Fraud Quantum Support Vector Machines (QSVM) on K...;0.6736;0
classiq-library/applications/finance/credit_card_fraud/credit_card_fraud.py;/qiskit_machine_learning/qiskit_machine_learning.kernels.FidelityStatevectorKernel;SWAP Test;summary;!/usr/bin/env python coding: utf-8 Quantum Kernels and Support Vector Machines Detecting Credit Card Fraud Quantum Support Vector Machines (QSVM) on K...;0.7116;0
classiq-library/applications/finance/credit_card_fraud/credit_card_fraud.py;/classiq/open_library.functions.utility_functions.hadamard_transform;Basis Change;name;hadamard_transform;1.0000;451
classiq-library/applications/finance/hybrid_hhl_for_portfolio_optimization/portfolio_optimization_with_hhl.py;/classiq/open_library.functions.qpe.qpe;Quantum Phase Estimation (QPE);name;qpe;1.0000;336
classiq-library/applications/finance/hybrid_hhl_for_portfolio_optimization/portfolio_optimization_with_hhl.py;/classiq/open_library.functions.swap_test.swap_test;SWAP Test;name;swap_test;1.0000;510
classiq-library/applications/finance/portfolio_optimization_hhl/HHL_portfolio.py;/classiq/open_library.functions.qpe.qpe;Quantum Phase Estimation (QPE);name;qpe;1.0000;1790
classiq-library/applications/finance/rainbow_options/rainbow_options_direct_method.py;/classiq/open_library.functions.utility_functions.apply_to_all;Circuit Construction Utility;name;apply_to_all;1.0000;219
classiq-library/applications/finance/rainbow_options/rainbow_options_integration_method.py;/classiq/open_library.functions.state_preparation.prepare_exponential_state;Initialization;name;prepare_exponential_state;1.0000;216
classiq-library/applications/logistics/vehicle_routing_problem/vehicle_routing_problem.py;/classiq/open_library.functions.utility_functions.apply_to_all;Circuit Construction Utility;name;apply_to_all;1.0000;554
classiq-library/applications/logistics/vehicle_routing_problem/vehicle_routing_problem.py;/classiq/open_library.functions.utility_functions.hadamard_transform;Basis Change;name;hadamard_transform;1.0000;560
classiq-library/applications/optimization/adapt_qaoa/adapt_qaoa.py;/classiq/open_library.functions.utility_functions.apply_to_all;Circuit Construction Utility;name;apply_to_all;1.0000;175
classiq-library/applications/optimization/adapt_qaoa/adapt_qaoa.py;/classiq/open_library.functions.utility_functions.hadamard_transform;Basis Change;name;hadamard_transform;1.0000;220
classiq-library/applications/optimization/adapt_qaoa/adapt_qaoa.py;/qiskit/qiskit.circuit.library.n_local.qaoa_ansatz.QAOAAnsatz;Quantum Approximate Optimization Algorithm (QAOA);name;qaoa_ansatz;1.0000;224
classiq-library/applications/optimization/adapt_qaoa/adapt_qaoa.py;/classiq/qmod.builtins.functions.exponentiation.suzuki_trotter;Hamiltonian Simulation;name;suzuki_trotter;1.0000;718
classiq-library/applications/optimization/qaoa_in_qaoa/qaoa_in_qaoa.py;/qiskit-algorithms/qiskit_algorithms.minimum_eigensolvers.qaoa.QAOA;Quantum Approximate Optimization Algorithm (QAOA);summary;!/usr/bin/env python coding: utf-8 Hybrid Classical-Quantum Simulation of MaxCut using QAOA-in-QAOA Introduction The Quantum approximate optimization ...;0.7400;0
classiq-library/applications/optimization/variational_quantum_imaginary_time_evolution/variational_quantum_imaginary_time_evolution.py;/classiq/open_library.functions.utility_functions.hadamard_transform;Basis Change;name;hadamard_transform;1.0000;169
classiq-library/applications/physical_systems/hhl_lanchester/hhl_lanchester.py;/classiq/open_library.functions.qpe.qpe;Quantum Phase Estimation (QPE);name;qpe;1.0000;408
classiq-library/applications/physical_systems/hhl_lanchester/hhl_lanchester.py;/classiq/open_library.functions.swap_test.swap_test;SWAP Test;name;swap_test;1.0000;421
classiq-library/applications/physical_systems/quantum_chaos/quantum_sawtooth_map.py;/classiq/open_library.functions.qft_functions.qft;Basis Change;name;qft;1.0000;82
classiq-library/applications/physical_systems/quantum_chaos/quantum_sawtooth_map.py;/pennylane/pennylane.templates.subroutines.qft.QFT;Basis Change;name;qft;1.0000;82
classiq-library/applications/physical_systems/quantum_chaos/quantum_sawtooth_map.py;/qiskit/qiskit.circuit.library.basis_change.qft.QFT;Basis Change;name;qft;1.0000;82
classiq-library/applications/plasma/vlasov_ampere/vlasov_ampere.py;/classiq/open_library.functions.utility_functions.apply_to_all;Circuit Construction Utility;name;apply_to_all;1.0000;247
classiq-library/applications/plasma/vlasov_ampere/vlasov_ampere.py;/classiq/open_library.functions.lcu.lcu;Linear Combination of Unitaries;name;lcu;1.0000;263
classiq-library/applications/plasma/vlasov_ampere/vlasov_ampere.py;/classiq/open_library.functions.utility_functions.hadamard_transform;Basis Change;name;hadamard_transform;1.0000;494
classiq-library/applications/plasma/vlasov_ampere/vlasov_ampere.py;/classiq/open_library.functions.qsvt.qsvt_inversion;Domain Specific Application;name;qsvt_inversion;1.0000;671
classiq-library/applications/plasma/vlasov_ampere/vlasov_ampere_qiskit.py;/qiskit/qiskit.circuit.library.data_preparation.state_preparation.StatePreparation;Initialization;name;StatePreparation;1.0000;352
classiq-library/applications/plasma/vlasov_ampere/vlasov_ampere_qiskit.py;/classiq/open_library.functions.qsvt.projector_controlled_phase;Phase Shift;name;apply_projector_controlled_phase;0.9669;580
classiq-library/applications/plasma/vlasov_ampere/vlasov_ampere_qiskit.py;/classiq/open_library.functions.qsvt.qsvt_step;Domain Specific Application;name;apply_qsvt_step;0.9532;597
classiq-library/applications/telecom/network_traffic_optimization/network_traffic_optimization.py;/classiq/open_library.functions.utility_functions.apply_to_all;Circuit Construction Utility;name;apply_to_all;1.0000;441
classiq-library/applications/telecom/network_traffic_optimization/network_traffic_optimization.py;/classiq/open_library.functions.utility_functions.hadamard_transform;Basis Change;name;hadamard_transform;1.0000;450
classiq-library/applications/telecom/resiliency_planning/resiliency_planning.py;/classiq/open_library.functions.utility_functions.apply_to_all;Circuit Construction Utility;name;apply_to_all;1.0000;396
classiq-library/applications/telecom/resiliency_planning/resiliency_planning.py;/classiq/open_library.functions.utility_functions.hadamard_transform;Basis Change;name;hadamard_transform;1.0000;410
classiq-library/applications/telecom/resiliency_planning/resiliency_planning_AMD.py;/classiq/open_library.functions.utility_functions.apply_to_all;Circuit Construction Utility;name;apply_to_all;1.0000;402
classiq-library/applications/telecom/resiliency_planning/resiliency_planning_AMD.py;/classiq/open_library.functions.utility_functions.hadamard_transform;Basis Change;name;hadamard_transform;1.0000;416
classiq-library/community/Hackathons/QInnovision_2025/advection_equation/advection_equation_2nd_place_submission.py;/classiq/open_library.functions.utility_functions.hadamard_transform;Basis Change;name;hadamard_transform;1.0000;482
classiq-library/community/Hackathons/QInnovision_2025/advection_equation/advection_equation_winning_submission.py;/pennylane/pennylane.templates.layers.strongly_entangling.StronglyEntanglingLayers;Variational Quantum Algorithm (VQA);name;entangling_layer;0.9088;485
classiq-library/community/Hackathons/QInnovision_2025/advection_equation/advection_equation_winning_submission.py;/classiq/qmod.builtins.functions.exponentiation.suzuki_trotter;Hamiltonian Simulation;name;suzuki_trotter;1.0000;738
classiq-library/community/Hackathons/iQuHack_2025/Challenge/classiq_iQuHack_2025_final.py;/classiq/open_library.functions.utility_functions.hadamard_transform;Basis Change;name;hadamard_transform;1.0000;205
classiq-library/community/Hackathons/iQuHack_2025/Challenge_solution/our_solution/classiq_iQuHack_2025_final_sol.py;/classiq/open_library.functions.utility_functions.hadamard_transform;Basis Change;name;hadamard_transform;1.0000;358
classiq-library/community/Hackathons/iQuHack_2025/Challenge_solution/our_solution/classiq_iQuHack_2025_final_sol.py;/classiq/open_library.functions.amplitude_amplification.exact_amplitude_amplification;Amplitude Amplification;name;exact_amplitude_amplification;1.0000;373
classiq-library/community/Hackathons/iQuHack_2025/Workshop/WS_iQuHack_2025_final.py;/classiq/open_library.functions.utility_functions.hadamard_transform;Basis Change;name;hadamard_transform;1.0000;207
classiq-library/community/basic_examples/logical_qubits/logical_qubits_by_alice_and_bob.py;/classiq/open_library.functions.swap_test.swap_test;SWAP Test;name;swap_test;1.0000;209
classiq-library/community/basic_examples/superposition/superposition.py;/classiq/open_library.functions.utility_functions.apply_to_all;Circuit Construction Utility;name;apply_to_all;1.0000;16
classiq-library/community/basic_examples/superposition/superposition.py;/classiq/open_library.functions.utility_functions.hadamard_transform;Basis Change;name;my_hadamard_transform;0.9475;22
classiq-library/community/basic_examples/vqe/vqe.py;/qiskit-algorithms/qiskit_algorithms.minimum_eigensolvers.vqe.VQE;Variational Quantum Eigensolver (VQE);summary;!/usr/bin/env python coding: utf-8 Variational Quantum Eigensolver (VQE) with Classiq The variational quantum eigensolver (VQE) is arguably the most c...;0.7029;0
classiq-library/community/paper_implementation_project/Block_encoding-ND_Laplacian/ND_Laplacian_BE.py;/classiq/open_library.functions.utility_functions.apply_to_all;Circuit Construction Utility;name;apply_to_all;1.0000;419
classiq-library/community/paper_implementation_project/block_encoding/select_structures_BE.py;/qiskit/qiskit.circuit.library.generalized_gates.diagonal.Diagonal;Circuit Construction Utility;name;diagonal;1.0000;154
classiq-library/community/paper_implementation_project/block_encoding/select_structures_BE.py;/classiq/open_library.functions.utility_functions.apply_to_all;Circuit Construction Utility;name;apply_to_all;1.0000;440
classiq-library/community/paper_implementation_project/bpde/bpde.py;/classiq/open_library.functions.state_preparation.prepare_basis_state;Initialization;name;prepare_basis_state;1.0000;205
classiq-library/community/paper_implementation_project/bpde/bpde.py;/classiq/qmod.builtins.functions.exponentiation.suzuki_trotter;Hamiltonian Simulation;name;suzuki_trotter;1.0000;210
classiq-library/community/paper_implementation_project/classical_shadows/classical_shadows.py;/classiq/open_library.functions.state_preparation.prepare_bell_state;Creating Entanglement;name;prepare_bell_state;1.0000;123
classiq-library/community/paper_implementation_project/explicit_quantum_circuits_for_block_encoding/quantum_walks_via_efficient_blockencoding.py;/classiq/open_library.functions.utility_functions.hadamard_transform;Basis Change;name;hadamard_transform;1.0000;363
classiq-library/community/paper_implementation_project/quantum_compression_algorithm_for_symmetric_states/quantum_compression_algorithm_for_symmetric_states.py;/classiq/open_library.functions.utility_functions.hadamard_transform;Basis Change;name;hadamard_transform;1.0000;320
classiq-library/community/paper_implementation_project/quantum_state_preparation_without_coherent_arithmetic/stateprep_guassian_using_qsvt.py;/classiq/open_library.functions.qsvt.qsvt_lcu;Domain Specific Application;name;qsvt_lcu;1.0000;223
classiq-library/community/paper_implementation_project/quantum_state_preparation_without_coherent_arithmetic/stateprep_guassian_using_qsvt.py;/classiq/open_library.functions.utility_functions.hadamard_transform;Basis Change;name;hadamard_transform;1.0000;306
classiq-library/community/paper_implementation_project/quantum_state_preparation_without_coherent_arithmetic/stateprep_guassian_using_qsvt.py;/classiq/open_library.functions.amplitude_amplification.exact_amplitude_amplification;Amplitude Amplification;name;exact_amplitude_amplification;1.0000;318
classiq-library/functions/function_usage_examples/arithmetic/comparator/comparator_example.py;/classiq/open_library.functions.utility_functions.hadamard_transform;Basis Change;name;hadamard_transform;1.0000;71
classiq-library/functions/function_usage_examples/arithmetic/extremum/extremum_example.py;/classiq/open_library.functions.utility_functions.hadamard_transform;Basis Change;name;hadamard_transform;1.0000;27
classiq-library/functions/function_usage_examples/arithmetic/modular_exp/modular_exp_example.py;/classiq/open_library.functions.utility_functions.hadamard_transform;Basis Change;name;hadamard_transform;1.0000;39
classiq-library/functions/function_usage_examples/arithmetic/modular_exp/modular_exp_example.py;/classiq/open_library.functions.modular_exponentiation.modular_exp;Quantum Arithmetic;name;modular_exp;1.0000;41
classiq-library/functions/function_usage_examples/arithmetic/multiplication/multiplication.py;/classiq/open_library.functions.utility_functions.hadamard_transform;Basis Change;name;hadamard_transform;1.0000;77
classiq-library/functions/function_usage_examples/arithmetic/negation/negation_example.py;/classiq/open_library.functions.utility_functions.hadamard_transform;Basis Change;name;hadamard_transform;1.0000;22
classiq-library/functions/qmod_library_reference/classiq_open_library/amplitude_amplification/exact_amplitude_amplification.py;/classiq/open_library.functions.amplitude_amplification.exact_amplitude_amplification;Amplitude Amplification;name;exact_amplitude_amplification;1.0000;35
classiq-library/functions/qmod_library_reference/classiq_open_library/grover_operator/grover_operator.py;/classiq/open_library.functions.utility_functions.hadamard_transform;Basis Change;name;hadamard_transform;1.0000;69
classiq-library/functions/qmod_library_reference/classiq_open_library/grover_operator/grover_operator.py;/classiq/open_library.functions.grover.grover_operator;Amplitude Amplification;name;grover_operator;1.0000;73
classiq-library/functions/qmod_library_reference/classiq_open_library/grover_operator/grover_operator.py;/pennylane/pennylane.templates.subroutines.grover.GroverOperator;Grover;name;grover_operator;1.0000;73
classiq-library/functions/qmod_library_reference/classiq_open_library/grover_operator/grover_operator.py;/qiskit/qiskit.circuit.library.grover_operator.GroverOperator;Grover;name;grover_operator;1.0000;73
classiq-library/functions/qmod_library_reference/classiq_open_library/grover_operator/grover_operator.py;/classiq/open_library.functions.grover.phase_oracle;Oracle;name;phase_oracle;1.0000;74
classiq-library/functions/qmod_library_reference/classiq_open_library/grover_operator/grover_operator.py;/qiskit/qiskit.circuit.library.phase_oracle.PhaseOracle;Oracle;name;phase_oracle;1.0000;74
classiq-library/functions/qmod_library_reference/classiq_open_library/hadamard_transform/hadamard_transform.py;/classiq/open_library.functions.utility_functions.hadamard_transform;Basis Change;name;hadamard_transform;1.0000;28
classiq-library/functions/qmod_library_reference/classiq_open_library/linear_pauli_rotations/linear_pauli_rotations.py;/classiq/open_library.functions.linear_pauli_rotation.linear_pauli_rotations;Data Encoding;name;linear_pauli_rotations;1.0000;73
classiq-library/functions/qmod_library_reference/classiq_open_library/qct_qst/qct_qst.py;/classiq/open_library.functions.discrete_sine_cosine_transform.qct_qst_type1;Basis Change;name;qct_qst_type1;1.0000;100
classiq-library/functions/qmod_library_reference/classiq_open_library/qct_qst/qct_qst.py;/classiq/open_library.functions.discrete_sine_cosine_transform.qct_qst_type2;Basis Change;name;qct_qst_type2;1.0000;237
classiq-library/functions/qmod_library_reference/classiq_open_library/qct_qst/qct_qst.py;/classiq/open_library.functions.discrete_sine_cosine_transform.qct_type2;Basis Change;name;qct_type2;1.0000;327
classiq-library/functions/qmod_library_reference/classiq_open_library/qct_qst/qct_qst.py;/classiq/open_library.functions.discrete_sine_cosine_transform.qst_type2;Basis Change;name;qst_type2;1.0000;355
classiq-library/functions/qmod_library_reference/classiq_open_library/qft/qft.py;/classiq/open_library.functions.qft_functions.qft;Basis Change;name;qft;1.0000;34
classiq-library/functions/qmod_library_reference/classiq_open_library/qft/qft.py;/pennylane/pennylane.templates.subroutines.qft.QFT;Basis Change;name;qft;1.0000;34
classiq-library/functions/qmod_library_reference/classiq_open_library/qft/qft.py;/qiskit/qiskit.circuit.library.basis_change.qft.QFT;Basis Change;name;qft;1.0000;34
classiq-library/functions/qmod_library_reference/classiq_open_library/qpe/qpe.py;/qiskit-algorithms/qiskit_algorithms.phase_estimators.ipe.IterativePhaseEstimation;Quantum Phase Estimation (QPE);summary;!/usr/bin/env python coding: utf-8 Quantum Phase Estimation The quantum phase estimation (QPE) function estimates the phase of an eigenvector of a uni...;0.6765;0
classiq-library/functions/qmod_library_reference/classiq_open_library/qpe/qpe.py;/qiskit-algorithms/qiskit_algorithms.phase_estimators.phase_estimation.PhaseEstimation;Quantum Phase Estimation (QPE);summary;!/usr/bin/env python coding: utf-8 Quantum Phase Estimation The quantum phase estimation (QPE) function estimates the phase of an eigenvector of a uni...;0.6532;0
classiq-library/functions/qmod_library_reference/classiq_open_library/qpe/qpe.py;/classiq/open_library.functions.qpe.qpe;Quantum Phase Estimation (QPE);name;qpe;1.0000;70
classiq-library/functions/qmod_library_reference/classiq_open_library/qpe/qpe.py;/classiq/open_library.functions.utility_functions.hadamard_transform;Basis Change;name;hadamard_transform;1.0000;129
classiq-library/functions/qmod_library_reference/classiq_open_library/qpe/qpe.py;/classiq/open_library.functions.qpe.qpe_flexible;Quantum Phase Estimation (QPE);name;qpe_flexible;1.0000;130
classiq-library/functions/qmod_library_reference/classiq_open_library/qpe/qpe.py;/classiq/qmod.builtins.functions.exponentiation.suzuki_trotter;Hamiltonian Simulation;name;suzuki_trotter;1.0000;131
classiq-library/functions/qmod_library_reference/classiq_open_library/qsvt/qsvt.py;/classiq/open_library.functions.qsvt.qsvt_step;Domain Specific Application;summary;!/usr/bin/env python coding: utf-8 QSVT The Quantum Singlar Value Transformation (QSVT) [[1]](#QSVT) is an algorithmic framework, used to apply polyno...;0.6925;0
classiq-library/functions/qmod_library_reference/classiq_open_library/qsvt/qsvt.py;/classiq/open_library.functions.utility_functions.hadamard_transform;Basis Change;name;hadamard_transform;1.0000;61
classiq-library/functions/qmod_library_reference/classiq_open_library/qsvt/qsvt.py;/classiq/open_library.functions.qsvt.qsvt;Domain Specific Application;name;qsvt;1.0000;69
classiq-library/functions/qmod_library_reference/classiq_open_library/qsvt/qsvt.py;/pennylane/pennylane.templates.subroutines.qsvt.QSVT;Domain Specific Application;name;qsvt;1.0000;69
classiq-library/functions/qmod_library_reference/classiq_open_library/special_state_preparations/prepare_bell_state.py;/classiq/open_library.functions.state_preparation.prepare_bell_state;Creating Entanglement;name;prepare_bell_state;1.0000;48
classiq-library/functions/qmod_library_reference/classiq_open_library/special_state_preparations/prepare_exponential_state.py;/classiq/open_library.functions.state_preparation.prepare_exponential_state;Initialization;name;prepare_exponential_state;1.0000;47
classiq-library/functions/qmod_library_reference/classiq_open_library/special_state_preparations/prepare_ghz_state.py;/classiq/open_library.functions.state_preparation.prepare_ghz_state;Creating Entanglement;name;prepare_ghz_state;1.0000;30
classiq-library/functions/qmod_library_reference/classiq_open_library/special_state_preparations/prepare_partial_uniform_state.py;/classiq/open_library.functions.state_preparation.prepare_uniform_trimmed_state;Initialization;name;prepare_uniform_trimmed_state;1.0000;36
classiq-library/functions/qmod_library_reference/classiq_open_library/special_state_preparations/prepare_partial_uniform_state.py;/classiq/open_library.functions.state_preparation.prepare_uniform_interval_state;Initialization;name;prepare_uniform_interval_state;1.0000;88
classiq-library/functions/qmod_library_reference/classiq_open_library/variational_data_encoding/variational_data_encoding.py;/pennylane/pennylane.templates.embeddings.angle.AngleEmbedding;Data Encoding;summary;!/usr/bin/env python coding: utf-8 Variational Data Encoding Encoding classical data on quantum states is an important subroutine in variational quant...;0.6791;0
classiq-library/functions/qmod_library_reference/classiq_open_library/variational_data_encoding/variational_data_encoding.py;/classiq/open_library.functions.variational.encode_in_angle;Data Encoding;name;encode_in_angle;1.0000;31
classiq-library/functions/qmod_library_reference/classiq_open_library/variational_data_encoding/variational_data_encoding.py;/classiq/open_library.functions.variational.encode_on_bloch;Data Encoding;name;encode_on_bloch;1.0000;73
classiq-library/functions/qmod_library_reference/qmod_core_library/hamiltonian_evolution/suzuki_trotter/suzuki_trotter.py;/classiq/qmod.builtins.functions.exponentiation.suzuki_trotter;Hamiltonian Simulation;name;suzuki_trotter;1.0000;45
classiq-library/tutorials/advanced_tutorials/discrete_quantum_walk/discrete_quantum_walk.py;/classiq/open_library.functions.state_preparation.prepare_uniform_trimmed_state;Initialization;name;prepare_uniform_trimmed_state;1.0000;360
classiq-library/tutorials/advanced_tutorials/discrete_quantum_walk/discrete_quantum_walk.py;/classiq/open_library.functions.grover.grover_diffuser;Amplitude Amplification;name;grover_diffuser;1.0000;363
classiq-library/tutorials/advanced_tutorials/discrete_quantum_walk_2d/discrete_time_quantum_walk.py;/classiq/open_library.functions.utility_functions.hadamard_transform;Basis Change;name;hadamard_transform;1.0000;78
classiq-library/tutorials/advanced_tutorials/discrete_quantum_walk_2d/discrete_time_quantum_walk.py;/classiq/open_library.functions.grover.grover_diffuser;Amplitude Amplification;name;grover_diffuser;1.0000;225
classiq-library/tutorials/advanced_tutorials/high_level_modeling_flexible_qpe/high_level_modeling_flexible_qpe.py;/classiq/open_library.functions.utility_functions.apply_to_all;Circuit Construction Utility;name;apply_to_all;1.0000;37
classiq-library/tutorials/advanced_tutorials/high_level_modeling_flexible_qpe/high_level_modeling_flexible_qpe.py;/classiq/open_library.functions.qft_functions.qft;Basis Change;name;qft;1.0000;48
classiq-library/tutorials/advanced_tutorials/high_level_modeling_flexible_qpe/high_level_modeling_flexible_qpe.py;/pennylane/pennylane.templates.subroutines.qft.QFT;Basis Change;name;qft;1.0000;48
classiq-library/tutorials/advanced_tutorials/high_level_modeling_flexible_qpe/high_level_modeling_flexible_qpe.py;/qiskit/qiskit.circuit.library.basis_change.qft.QFT;Basis Change;name;qft;1.0000;48
classiq-library/tutorials/advanced_tutorials/high_level_modeling_flexible_qpe/high_level_modeling_flexible_qpe.py;/classiq/qmod.builtins.functions.exponentiation.suzuki_trotter;Hamiltonian Simulation;name;suzuki_trotter;1.0000;120
classiq-library/tutorials/advanced_tutorials/high_level_modeling_flexible_qpe/high_level_modeling_flexible_qpe.py;/classiq/open_library.functions.qpe.qpe_flexible;Quantum Phase Estimation (QPE);name;my_qpe_flexible;0.9284;198
classiq-library/tutorials/advanced_tutorials/high_level_modeling_flexible_qpe/high_level_modeling_flexible_qpe.py;/classiq/open_library.functions.swap_test.swap_test;SWAP Test;name;swap_test;1.0000;316
classiq-library/tutorials/basic_tutorials/exponentiation/example_exponentiation.py;/classiq/qmod.builtins.functions.exponentiation.suzuki_trotter;Hamiltonian Simulation;name;suzuki_trotter;1.0000;55
classiq-library/tutorials/basic_tutorials/grover_graph_coloring/grover_graph_coloring.py;/classiq/open_library.functions.grover.grover_search;Grover;name;grover_search;1.0000;155
classiq-library/tutorials/basic_tutorials/grover_graph_coloring/grover_graph_coloring.py;/classiq/open_library.functions.grover.phase_oracle;Oracle;name;phase_oracle;1.0000;157
classiq-library/tutorials/basic_tutorials/grover_graph_coloring/grover_graph_coloring.py;/qiskit/qiskit.circuit.library.phase_oracle.PhaseOracle;Oracle;name;phase_oracle;1.0000;157
classiq-library/tutorials/basic_tutorials/quantum_primitives/hadamard_test_tutorial/hadamard_test_tutorial.py;/classiq/open_library.functions.qft_functions.qft;Basis Change;name;qft;1.0000;71
classiq-library/tutorials/basic_tutorials/quantum_primitives/hadamard_test_tutorial/hadamard_test_tutorial.py;/pennylane/pennylane.templates.subroutines.qft.QFT;Basis Change;name;qft;1.0000;71
classiq-library/tutorials/basic_tutorials/quantum_primitives/hadamard_test_tutorial/hadamard_test_tutorial.py;/qiskit/qiskit.circuit.library.basis_change.qft.QFT;Basis Change;name;qft;1.0000;71
classiq-library/tutorials/basic_tutorials/quantum_primitives/linear_combination_of_unitaries/linear_combination_of_unitaries.py;/classiq/open_library.functions.utility_functions.apply_to_all;Circuit Construction Utility;name;apply_to_all;1.0000;94
classiq-library/tutorials/basic_tutorials/quantum_primitives/linear_combination_of_unitaries/linear_combination_of_unitaries.py;/classiq/open_library.functions.qft_functions.qft;Basis Change;name;qft;1.0000;96
classiq-library/tutorials/basic_tutorials/quantum_primitives/linear_combination_of_unitaries/linear_combination_of_unitaries.py;/pennylane/pennylane.templates.subroutines.qft.QFT;Basis Change;name;qft;1.0000;96
classiq-library/tutorials/basic_tutorials/quantum_primitives/linear_combination_of_unitaries/linear_combination_of_unitaries.py;/qiskit/qiskit.circuit.library.basis_change.qft.QFT;Basis Change;name;qft;1.0000;96
classiq-library/tutorials/basic_tutorials/quantum_primitives/linear_combination_of_unitaries/linear_combination_of_unitaries.py;/pennylane/pennylane.templates.subroutines.select.Select;Dynamic Circuit;name;select;1.0000;135
classiq-library/tutorials/basic_tutorials/quantumwalk_complex_network/quantumwalk_complex_network.py;/classiq/open_library.functions.utility_functions.hadamard_transform;Basis Change;name;hadamard_transform;1.0000;166
classiq-library/tutorials/basic_tutorials/quantumwalk_complex_network/quantumwalk_complex_network.py;/classiq/open_library.functions.grover.grover_diffuser;Amplitude Amplification;name;grover_diffuser;1.0000;185
classiq-library/tutorials/basic_tutorials/quantumwalk_complex_network/quantumwalk_complex_network.py;/classiq/open_library.functions.modular_exponentiation.multiswap;Circuit Construction Utility;name;multiswap;1.0000;196
classiq-library/tutorials/basic_tutorials/the_classiq_tutorial/Qmod_tutorial_part1.py;/classiq/open_library.functions.utility_functions.hadamard_transform;Basis Change;name;my_hadamard_transform;0.9475;346
classiq-library/tutorials/basic_tutorials/the_classiq_tutorial/Qmod_tutorial_part1.py;/classiq/open_library.functions.utility_functions.apply_to_all;Circuit Construction Utility;name;my_apply_to_all;0.9146;398
classiq-library/tutorials/basic_tutorials/the_classiq_tutorial/Qmod_tutorial_part2.py;/classiq/open_library.functions.utility_functions.hadamard_transform;Basis Change;name;hadamard_transform;1.0000;243
classiq-library/tutorials/basic_tutorials/the_classiq_tutorial/Qmod_tutorial_part2.py;/classiq/qmod.builtins.functions.exponentiation.suzuki_trotter;Hamiltonian Simulation;name;suzuki_trotter;1.0000;344
classiq-library/tutorials/basic_tutorials/the_classiq_tutorial/classiq_overview_tutorial.py;/classiq/open_library.functions.utility_functions.hadamard_transform;Basis Change;name;hadamard_transform;1.0000;36
classiq-library/tutorials/basic_tutorials/the_classiq_tutorial/execution_tutorial.py;/classiq/open_library.functions.utility_functions.hadamard_transform;Basis Change;name;hadamard_transform;1.0000;19
classiq-library/tutorials/basic_tutorials/the_classiq_tutorial/synthesis_tutorial.py;/classiq/open_library.functions.utility_functions.hadamard_transform;Basis Change;name;hadamard_transform;1.0000;21
classiq-library/tutorials/technology_demonstrations/classiq_paper/qsvt/classiq_qsvt.py;/classiq/open_library.functions.grover.reflect_about_zero;Amplitude Amplification;name;reflect_about_zero;1.0000;46
classiq-library/tutorials/technology_demonstrations/classiq_paper/qsvt/classiq_qsvt.py;/classiq/open_library.functions.utility_functions.hadamard_transform;Basis Change;name;hadamard_transform;1.0000;62
classiq-library/tutorials/technology_demonstrations/classiq_paper/qsvt/classiq_qsvt.py;/classiq/open_library.functions.qsvt.projector_controlled_phase;Phase Shift;name;my_projector_controlled_phase;0.9661;96
classiq-library/tutorials/technology_demonstrations/classiq_paper/qsvt/classiq_qsvt.py;/classiq/open_library.functions.qsvt.qsvt_step;Domain Specific Application;name;my_qsvt_step;0.9337;108
classiq-library/tutorials/technology_demonstrations/hamiltonian_evolution/hamiltonian_evolution.py;/classiq/qmod.builtins.functions.exponentiation.suzuki_trotter;Hamiltonian Simulation;name;suzuki_trotter;1.0000;79
classiq-library/tutorials/technology_demonstrations/hhl/hhl_example.py;/classiq/open_library.functions.qpe.qpe;Quantum Phase Estimation (QPE);name;qpe;1.0000;88
classiq-library/tutorials/technology_demonstrations/oracle_generation/3sat_oracles.py;/qiskit/qiskit.circuit.library.generalized_gates.permutation.Permutation;Circuit Construction Utility;name;permutation;1.0000;26
classiq-library/tutorials/technology_demonstrations/oracle_generation/3sat_oracles.py;/classiq/open_library.functions.grover.phase_oracle;Oracle;name;PhaseOracle;1.0000;117
classiq-library/tutorials/technology_demonstrations/oracle_generation/3sat_oracles.py;/qiskit/qiskit.circuit.library.phase_oracle.PhaseOracle;Oracle;name;PhaseOracle;1.0000;117
classiq-library/tutorials/technology_demonstrations/qaoa/qaoa_demonstration.py;/qiskit-algorithms/qiskit_algorithms.minimum_eigensolvers.qaoa.QAOA;Quantum Approximate Optimization Algorithm (QAOA);summary;!/usr/bin/env python coding: utf-8 QAOA This notebook demonstrates the Classiq performance re. the Quantum Approximate Optimization Algorithm (QAOA), ...;0.6609;0
classiq-library/tutorials/technology_demonstrations/qpe/qpe_for_grover_operator/qpe_for_grover_operator.py;/qiskit-algorithms/qiskit_algorithms.amplitude_estimators.ae.AmplitudeEstimation;Quantum Amplitude Estimation;summary;!/usr/bin/env python coding: utf-8 Quantum Phase Estimation on a Grover Operator This notebook demonstrates the capability of Classiq's QPE function, ...;0.6533;0
classiq-library/tutorials/technology_demonstrations/qpe/qpe_for_grover_operator/qpe_for_grover_operator.py;/classiq/open_library.functions.utility_functions.hadamard_transform;Basis Change;name;hadamard_transform;1.0000;68
classiq-library/tutorials/technology_demonstrations/qpe/qpe_for_grover_operator/qpe_for_grover_operator.py;/qiskit/qiskit.circuit.library.data_preparation.state_preparation.StatePreparation;Initialization;name;my_state_preparation;0.9088;83
classiq-library/tutorials/technology_demonstrations/qpe/qpe_for_grover_operator/qpe_for_grover_operator.py;/classiq/open_library.functions.qpe.qpe;Quantum Phase Estimation (QPE);name;qpe;1.0000;148
classiq-library/tutorials/technology_demonstrations/qpe/qpe_for_unitary_matrix/qpe_for_unitary_matrix.py;/classiq/open_library.functions.qpe.qpe;Quantum Phase Estimation (QPE);name;qpe;1.0000;60
classiq-library/tutorials/workshops/algo_design_QCE_tutorial/algo_design_QCE_tutorial_part_I.py;/classiq/open_library.functions.state_preparation.prepare_ghz_state;Creating Entanglement;name;create_ghz_state;0.9065;80
classiq-library/tutorials/workshops/algo_design_QCE_tutorial/algo_design_QCE_tutorial_part_I.py;/classiq/open_library.functions.utility_functions.hadamard_transform;Basis Change;name;hadamard_transform;1.0000;231
classiq-library/tutorials/workshops/algo_design_QCE_tutorial/algo_design_QCE_tutorial_part_I.py;/classiq/open_library.functions.grover.phase_oracle;Oracle;name;phase_oracle;1.0000;288
classiq-library/tutorials/workshops/algo_design_QCE_tutorial/algo_design_QCE_tutorial_part_I.py;/qiskit/qiskit.circuit.library.phase_oracle.PhaseOracle;Oracle;name;phase_oracle;1.0000;288
classiq-library/tutorials/workshops/algo_design_QCE_tutorial/algo_design_QCE_tutorial_part_I.py;/classiq/open_library.functions.grover.grover_operator;Amplitude Amplification;name;grover_operator;1.0000;299
classiq-library/tutorials/workshops/algo_design_QCE_tutorial/algo_design_QCE_tutorial_part_I.py;/pennylane/pennylane.templates.subroutines.grover.GroverOperator;Grover;name;grover_operator;1.0000;299
classiq-library/tutorials/workshops/algo_design_QCE_tutorial/algo_design_QCE_tutorial_part_I.py;/qiskit/qiskit.circuit.library.grover_operator.GroverOperator;Grover;name;grover_operator;1.0000;299
classiq-library/tutorials/workshops/algo_design_QCE_tutorial/algo_design_QCE_tutorial_part_I.py;/classiq/open_library.functions.qft_functions.qft;Basis Change;name;qft;1.0000;673
classiq-library/tutorials/workshops/algo_design_QCE_tutorial/algo_design_QCE_tutorial_part_I.py;/pennylane/pennylane.templates.subroutines.qft.QFT;Basis Change;name;qft;1.0000;673
classiq-library/tutorials/workshops/algo_design_QCE_tutorial/algo_design_QCE_tutorial_part_I.py;/qiskit/qiskit.circuit.library.basis_change.qft.QFT;Basis Change;name;qft;1.0000;673
classiq-library/tutorials/workshops/algo_design_QCE_tutorial/algo_design_QCE_tutorial_part_II.py;/qiskit-algorithms/qiskit_algorithms.minimum_eigensolvers.qaoa.QAOA;Quantum Approximate Optimization Algorithm (QAOA);summary;!/usr/bin/env python coding: utf-8 High-level Algorithm Design with Qmod Workshop Part II - QAOA Knapsack In Part I we looked at specific high-level l...;0.7053;0
classiq-library/tutorials/workshops/algo_design_QCE_tutorial/algo_design_QCE_tutorial_part_II.py;/classiq/open_library.functions.utility_functions.apply_to_all;Circuit Construction Utility;name;apply_to_all;1.0000;39
classiq-library/tutorials/workshops/combinatorial_workshop/combinatorial_qmod_workshop_for_maxcut.py;/classiq/open_library.functions.utility_functions.apply_to_all;Circuit Construction Utility;name;apply_to_all;1.0000;105
classiq-library/tutorials/workshops/combinatorial_workshop/combinatorial_qmod_workshop_for_maxcut.py;/classiq/open_library.functions.utility_functions.hadamard_transform;Basis Change;name;hadamard_transform;1.0000;163
classiq-library/tutorials/workshops/finance_workshops/combi_workshop_Inequality_constriants_PO.py;/classiq/open_library.functions.utility_functions.apply_to_all;Circuit Construction Utility;name;apply_to_all;1.0000;187
classiq-library/tutorials/workshops/finance_workshops/combi_workshop_Inequality_constriants_PO.py;/classiq/open_library.functions.utility_functions.hadamard_transform;Basis Change;name;hadamard_transform;1.0000;209
classiq-library/tutorials/workshops/finance_workshops/combi_workshop_equality_constriants_PO.py;/qiskit-algorithms/qiskit_algorithms.minimum_eigensolvers.qaoa.QAOA;Quantum Approximate Optimization Algorithm (QAOA);summary;!/usr/bin/env python coding: utf-8 Quantum Optimization Training - part 2 Dealing with constraint using portfolio optimization In this workshop, we wi...;0.6703;0
classiq-library/tutorials/workshops/finance_workshops/combi_workshop_equality_constriants_PO.py;/classiq/open_library.functions.utility_functions.hadamard_transform;Basis Change;name;hadamard_transform;1.0000;200
classiq-library/tutorials/workshops/finance_workshops/combi_workshop_equality_constriants_PO.py;/classiq/open_library.functions.utility_functions.apply_to_all;Circuit Construction Utility;name;apply_to_all;1.0000;460
classiq-library/tutorials/workshops/grover_workshop/grover_workshop.py;/classiq/open_library.functions.utility_functions.apply_to_all;Circuit Construction Utility;name;apply_to_all;1.0000;389
classiq-library/tutorials/workshops/grover_workshop/grover_workshop.py;/classiq/open_library.functions.grover.grover_operator;Amplitude Amplification;name;my_grover_operator;0.9673;468
classiq-library/tutorials/workshops/grover_workshop/grover_workshop.py;/pennylane/pennylane.templates.subroutines.grover.GroverOperator;Grover;name;my_grover_operator;0.9673;468
classiq-library/tutorials/workshops/grover_workshop/grover_workshop.py;/qiskit/qiskit.circuit.library.grover_operator.GroverOperator;Grover;name;my_grover_operator;0.9673;468
classiq-library/tutorials/workshops/hhl_workshop/hhl_workshop.py;/classiq/open_library.functions.qpe.qpe;Quantum Phase Estimation (QPE);name;qpe;1.0000;279
classiq-library/tutorials/workshops/oracle_workshop/oracles_workshop.py;/classiq/open_library.functions.utility_functions.hadamard_transform;Basis Change;name;hadamard_transform;1.0000;81
classiq-library/tutorials/workshops/oracle_workshop/oracles_workshop.py;/classiq/open_library.functions.grover.grover_search;Grover;name;grover_search;1.0000;277
classiq-library/tutorials/workshops/oracle_workshop/oracles_workshop.py;/classiq/open_library.functions.grover.phase_oracle;Oracle;name;phase_oracle;1.0000;279
classiq-library/tutorials/workshops/oracle_workshop/oracles_workshop.py;/qiskit/qiskit.circuit.library.phase_oracle.PhaseOracle;Oracle;name;phase_oracle;1.0000;279
client-superstaq/docs/source/apps/cudaq_logical_aim.py;/qiskit-algorithms/qiskit_algorithms.minimum_eigensolvers.vqe.VQE;Variational Quantum Eigensolver (VQE);name;vqe;1.0000;91
client-superstaq/docs/source/optimizations/qscout/qscout_qss.py;/qiskit/qiskit.circuit.library.quantum_volume.QuantumVolume;Circuit Construction Utility;name;quantum_volume;1.0000;215
covalent/doc/source/tutorials/0_ClassicalMachineLearning/mnist_images/source.py;/qiskit_machine_learning/qiskit_machine_learning.neural_networks.NeuralNetwork;Quantum Neural Network (QNN);name;NeuralNetwork;1.0000;291
covalent/doc/source/tutorials/1_QuantumMachineLearning/classical_quantum_svm/source.py;/qiskit/qiskit.circuit.library.data_preparation.pauli_feature_map.z_feature_map;Data Encoding;name;ZZFeatureMap;0.9640;114
covalent/doc/source/tutorials/1_QuantumMachineLearning/classical_quantum_svm/source.py;/qiskit/qiskit.circuit.library.data_preparation.pauli_feature_map.zz_feature_map;Data Encoding;name;ZZFeatureMap;1.0000;114
covalent/doc/source/tutorials/1_QuantumMachineLearning/pennylane_ensemble_classification/source.py;/qiskit_machine_learning/qiskit_machine_learning.algorithms.classifiers.NeuralNetworkClassifier;Quantum Neural Network (QNN);summary;!/usr/bin/env python coding: utf-8 Using Covalent for Ensemble Classification In this tutorial, we show how a quantum circuit can be initialized with ...;0.6596;0
covalent/doc/source/tutorials/1_QuantumMachineLearning/pennylane_ensemble_classification/source.py;/qiskit/qiskit.circuit.library.generalized_gates.permutation.Permutation;Circuit Construction Utility;name;permutation;1.0000;77
covalent/doc/source/tutorials/1_QuantumMachineLearning/pennylane_iris_classification/source.py;/qiskit/qiskit.circuit.library.generalized_gates.permutation.Permutation;Circuit Construction Utility;name;permutation;1.0000;230
covalent/doc/source/tutorials/1_QuantumMachineLearning/pennylane_kernel/source.py;/qiskit_machine_learning/qiskit_machine_learning.algorithms.classifiers.NeuralNetworkClassifier;Quantum Neural Network (QNN);summary;!/usr/bin/env python coding: utf-8 Comparison between kernel-based training and variational circuit using Covalent and Pennylane In this tutorial, we ...;0.7102;0
covalent/doc/source/tutorials/1_QuantumMachineLearning/pennylane_kernel/source.py;/qiskit_machine_learning/qiskit_machine_learning.algorithms.classifiers.VQC;Variational Quantum Algorithm (VQA);summary;!/usr/bin/env python coding: utf-8 Comparison between kernel-based training and variational circuit using Covalent and Pennylane In this tutorial, we ...;0.6681;0
covalent/doc/source/tutorials/1_QuantumMachineLearning/pennylane_kernel/source.py;/qiskit_machine_learning/qiskit_machine_learning.kernels.TrainableFidelityQuantumKernel;Variational Quantum Algorithm (VQA);summary;!/usr/bin/env python coding: utf-8 Comparison between kernel-based training and variational circuit using Covalent and Pennylane In this tutorial, we ...;0.6566;0
covalent/doc/source/tutorials/1_QuantumMachineLearning/pennylane_kernel/source.py;/qiskit_machine_learning/qiskit_machine_learning.kernels.algorithms.QuantumKernelTrainer;Variational Quantum Algorithm (VQA);summary;!/usr/bin/env python coding: utf-8 Comparison between kernel-based training and variational circuit using Covalent and Pennylane In this tutorial, we ...;0.6584;0
covalent/doc/source/tutorials/1_QuantumMachineLearning/pennylane_kernel/source.py;/qiskit_machine_learning/qiskit_machine_learning.gradients.QFI;Variational Quantum Algorithm (VQA);summary;!/usr/bin/env python coding: utf-8 Comparison between kernel-based training and variational circuit using Covalent and Pennylane In this tutorial, we ...;0.6533;0
covalent/doc/source/tutorials/1_QuantumMachineLearning/pennylane_kernel/source.py;/pennylane/pennylane.templates.embeddings.angle.AngleEmbedding;Data Encoding;name;AngleEmbedding;1.0000;117
covalent/doc/source/tutorials/1_QuantumMachineLearning/pennylane_kernel/source.py;/pennylane/pennylane.templates.layers.strongly_entangling.StronglyEntanglingLayers;Variational Quantum Algorithm (VQA);name;StronglyEntanglingLayers;1.0000;207
covalent/doc/source/tutorials/1_QuantumMachineLearning/quantum_embedding_kernel/source.py;/qiskit_machine_learning/qiskit_machine_learning.algorithms.classifiers.QSVC;SWAP Test;summary;!/usr/bin/env python coding: utf-8 Training quantum embedding kernels for classification In this tutorial we will dive deeper into the the concept of ...;0.6513;0
covalent/doc/source/tutorials/1_QuantumMachineLearning/quantum_embedding_kernel/source.py;/qiskit_machine_learning/qiskit_machine_learning.kernels.FidelityStatevectorKernel;SWAP Test;summary;!/usr/bin/env python coding: utf-8 Training quantum embedding kernels for classification In this tutorial we will dive deeper into the the concept of ...;0.6552;0
covalent/doc/source/tutorials/1_QuantumMachineLearning/quantum_embedding_kernel/source.py;/qiskit_machine_learning/qiskit_machine_learning.kernels.algorithms.QuantumKernelTrainer;Variational Quantum Algorithm (VQA);summary;!/usr/bin/env python coding: utf-8 Training quantum embedding kernels for classification In this tutorial we will dive deeper into the the concept of ...;0.6930;0
guppylang/examples/canonical-qpe.py;/classiq/open_library.functions.qpe.qpe_flexible;Quantum Phase Estimation (QPE);summary;!/usr/bin/env python coding: utf-8 Canonical Quantum Phase estimation **Download this notebook - {nb-download}`canonical-qpe.ipynb`** Based on this [s...;0.6816;0
guppylang/examples/canonical-qpe.py;/classiq/open_library.functions.qpe.qpe;Quantum Phase Estimation (QPE);summary;!/usr/bin/env python coding: utf-8 Canonical Quantum Phase estimation **Download this notebook - {nb-download}`canonical-qpe.ipynb`** Based on this [s...;0.6947;0
guppylang/examples/canonical-qpe.py;/qiskit-algorithms/qiskit_algorithms.phase_estimators.ipe.IterativePhaseEstimation;Quantum Phase Estimation (QPE);summary;!/usr/bin/env python coding: utf-8 Canonical Quantum Phase estimation **Download this notebook - {nb-download}`canonical-qpe.ipynb`** Based on this [s...;0.6656;0
guppylang/examples/canonical-qpe.py;/qiskit/qiskit.circuit.library.phase_estimation.PhaseEstimation;Quantum Phase Estimation (QPE);name;phase_estimation;1.0000;163
guppylang/examples/canonical-qpe.py;/qiskit-algorithms/qiskit_algorithms.phase_estimators.phase_estimation.PhaseEstimation;Quantum Phase Estimation (QPE);name;phase_estimation;1.0000;163
mitiq/docs/source/examples/vqe-pyquil-demo.py;/qiskit-algorithms/qiskit_algorithms.minimum_eigensolvers.adapt_vqe.AdaptVQE;Variational Quantum Eigensolver (VQE);summary;!/usr/bin/env python coding: utf-8 ```{warning} This tutorial may not work with the latest version of Mitiq. ``` Variational Quantum Eigensolver impro...;0.6790;0
mitiq/docs/source/examples/vqe-pyquil-demo.py;/qiskit-algorithms/qiskit_algorithms.minimum_eigensolvers.vqe.VQE;Variational Quantum Eigensolver (VQE);summary;!/usr/bin/env python coding: utf-8 ```{warning} This tutorial may not work with the latest version of Mitiq. ``` Variational Quantum Eigensolver impro...;0.6569;0
piquasso/docs/tutorials/boson-sampling.py;/pennylane/pennylane.templates.subroutines.interferometer.Interferometer;Domain Specific Application;name;Interferometer;1.0000;42
piquasso/docs/tutorials/gaussian-boson-sampling.py;/pennylane/pennylane.templates.subroutines.interferometer.Interferometer;Domain Specific Application;name;Interferometer;1.0000;134
qibo/doc/source/code-examples/tutorials/qcnn_classifier/qcnn_demo.py;/qiskit_machine_learning/qiskit_machine_learning.algorithms.classifiers.NeuralNetworkClassifier;Quantum Neural Network (QNN);summary;!/usr/bin/env python coding: utf-8 Quantum Convolutional Neural Network Classifier Code at: [https://github.com/qiboteam/qibo/tree/master/examples/qcn...;0.6516;0
qibo/examples/circuit-draw-mpl/qibo-draw-circuit-matplotlib.py;/classiq/open_library.functions.qft_functions.qft;Basis Change;name;QFT;1.0000;108
qibo/examples/circuit-draw-mpl/qibo-draw-circuit-matplotlib.py;/pennylane/pennylane.templates.subroutines.qft.QFT;Basis Change;name;QFT;1.0000;108
qibo/examples/circuit-draw-mpl/qibo-draw-circuit-matplotlib.py;/qiskit/qiskit.circuit.library.basis_change.qft.QFT;Basis Change;name;QFT;1.0000;108
qibo/examples/qcnn_classifier/qcnn_demo.py;/qiskit_machine_learning/qiskit_machine_learning.algorithms.classifiers.NeuralNetworkClassifier;Quantum Neural Network (QNN);summary;!/usr/bin/env python coding: utf-8 Quantum Convolutional Neural Network Classifier Code at: [https://github.com/qiboteam/qibo/tree/master/examples/qcn...;0.6516;0
qiskit-addon-cutting/docs/how-tos/how_to_generate_exact_sampling_coefficients.py;/qiskit/qiskit.circuit.library.n_local.efficient_su2.EfficientSU2;Variational Quantum Algorithm (VQA);name;efficient_su2;1.0000;26
qiskit-addon-cutting/docs/how-tos/how_to_provide_multiple_observables.py;/qiskit/qiskit.circuit.library.n_local.efficient_su2.EfficientSU2;Variational Quantum Algorithm (VQA);name;EfficientSU2;1.0000;13
qiskit-addon-cutting/docs/tutorials/01_gate_cutting_to_reduce_circuit_width.py;/qiskit/qiskit.circuit.library.n_local.efficient_su2.EfficientSU2;Variational Quantum Algorithm (VQA);name;efficient_su2;1.0000;29
qiskit-addon-cutting/docs/tutorials/02_gate_cutting_to_reduce_circuit_depth.py;/qiskit/qiskit.circuit.library.n_local.efficient_su2.EfficientSU2;Variational Quantum Algorithm (VQA);name;efficient_su2;1.0000;29
qiskit-algorithms/docs/tutorials/01_algorithms_introduction.py;/qiskit/qiskit.circuit.library.n_local.n_local.NLocal;Variational Quantum Algorithm (VQA);name;n_local;1.0000;23
qiskit-algorithms/docs/tutorials/01_algorithms_introduction.py;/qiskit-algorithms/qiskit_algorithms.minimum_eigensolvers.vqe.VQE;Variational Quantum Eigensolver (VQE);name;VQE;1.0000;60
qiskit-algorithms/docs/tutorials/02_vqe_advanced_options.py;/qiskit/qiskit.circuit.library.n_local.n_local.NLocal;Variational Quantum Algorithm (VQA);name;n_local;1.0000;149
qiskit-algorithms/docs/tutorials/02_vqe_advanced_options.py;/qiskit-algorithms/qiskit_algorithms.minimum_eigensolvers.vqe.VQE;Variational Quantum Eigensolver (VQE);name;VQE;1.0000;162
qiskit-algorithms/docs/tutorials/03_vqe_simulation_with_noise.py;/qiskit/qiskit.circuit.library.n_local.n_local.NLocal;Variational Quantum Algorithm (VQA);name;n_local;1.0000;53
qiskit-algorithms/docs/tutorials/03_vqe_simulation_with_noise.py;/qiskit-algorithms/qiskit_algorithms.minimum_eigensolvers.vqe.VQE;Variational Quantum Eigensolver (VQE);name;VQE;1.0000;94
qiskit-algorithms/docs/tutorials/04_vqd.py;/qiskit/qiskit.circuit.library.n_local.n_local.NLocal;Variational Quantum Algorithm (VQA);name;n_local;1.0000;42
qiskit-algorithms/docs/tutorials/04_vqd.py;/qiskit-algorithms/qiskit_algorithms.state_fidelities.compute_uncompute.ComputeUncompute;Uncompute;name;ComputeUncompute;1.0000;61
qiskit-algorithms/docs/tutorials/04_vqd.py;/qiskit_machine_learning/qiskit_machine_learning.state_fidelities.ComputeUncompute;SWAP Test;name;ComputeUncompute;1.0000;61
qiskit-algorithms/docs/tutorials/04_vqd.py;/qiskit-algorithms/qiskit_algorithms.eigensolvers.vqd.VQD;Variational Quantum Algorithm (VQA);name;VQD;1.0000;98
qiskit-algorithms/docs/tutorials/05_qaoa.py;/qiskit-algorithms/qiskit_algorithms.minimum_eigensolvers.qaoa.QAOA;Quantum Approximate Optimization Algorithm (QAOA);name;QAOA;1.0000;164
qiskit-algorithms/docs/tutorials/05_qaoa.py;/qiskit/qiskit.circuit.library.n_local.n_local.NLocal;Variational Quantum Algorithm (VQA);name;n_local;1.0000;204
qiskit-algorithms/docs/tutorials/05_qaoa.py;/qiskit-algorithms/qiskit_algorithms.minimum_eigensolvers.sampling_vqe.SamplingVQE;Variational Quantum Eigensolver (VQE);name;SamplingVQE;1.0000;205
qiskit-algorithms/docs/tutorials/06_grover.py;/classiq/open_library.functions.grover.grover_search;Grover;summary;!/usr/bin/env python coding: utf-8 Grover's Algorithm and Amplitude Amplification Grover's algorithm is one of the most famous quantum algorithms intr...;0.6967;0
qiskit-algorithms/docs/tutorials/06_grover.py;/qiskit-algorithms/qiskit_algorithms.amplitude_amplifiers.amplification_problem.AmplificationProblem;Amplitude Amplification;name;AmplificationProblem;1.0000;64
qiskit-algorithms/docs/tutorials/06_grover.py;/qiskit-algorithms/qiskit_algorithms.amplitude_amplifiers.grover.Grover;Grover;name;Grover;1.0000;84
qiskit-algorithms/docs/tutorials/06_grover.py;/qiskit/qiskit.circuit.library.phase_oracle.PhaseOracleGate;Oracle;name;PhaseOracleGate;1.0000;137
qiskit-algorithms/docs/tutorials/06_grover.py;/classiq/open_library.functions.grover.grover_operator;Amplitude Amplification;name;GroverOperator;1.0000;222
qiskit-algorithms/docs/tutorials/06_grover.py;/pennylane/pennylane.templates.subroutines.grover.GroverOperator;Grover;name;GroverOperator;1.0000;222
qiskit-algorithms/docs/tutorials/06_grover.py;/qiskit/qiskit.circuit.library.grover_operator.GroverOperator;Grover;name;GroverOperator;1.0000;222
qiskit-algorithms/docs/tutorials/07_grover_examples.py;/qiskit/qiskit.circuit.library.phase_oracle.PhaseOracleGate;Oracle;name;PhaseOracleGate;1.0000;55
qiskit-algorithms/docs/tutorials/07_grover_examples.py;/qiskit-algorithms/qiskit_algorithms.amplitude_amplifiers.amplification_problem.AmplificationProblem;Amplitude Amplification;name;AmplificationProblem;1.0000;69
qiskit-algorithms/docs/tutorials/07_grover_examples.py;/qiskit-algorithms/qiskit_algorithms.amplitude_amplifiers.grover.Grover;Grover;name;Grover;1.0000;80
qiskit-algorithms/docs/tutorials/10_pvqd.py;/qiskit-algorithms/qiskit_algorithms.state_fidelities.compute_uncompute.ComputeUncompute;Uncompute;name;ComputeUncompute;1.0000;85
qiskit-algorithms/docs/tutorials/10_pvqd.py;/qiskit_machine_learning/qiskit_machine_learning.state_fidelities.ComputeUncompute;SWAP Test;name;ComputeUncompute;1.0000;85
qiskit-algorithms/docs/tutorials/10_pvqd.py;/qiskit-algorithms/qiskit_algorithms.time_evolvers.pvqd.pvqd.PVQD;Variational Quantum Algorithm (VQA);name;PVQD;1.0000;108
qiskit-algorithms/docs/tutorials/10_pvqd.py;/qiskit-algorithms/qiskit_algorithms.time_evolvers.time_evolution_problem.TimeEvolutionProblem;Variational Quantum Algorithm (VQA);name;TimeEvolutionProblem;1.0000;120
qiskit-algorithms/docs/tutorials/11_VarQTE.py;/qiskit-algorithms/qiskit_algorithms.time_evolvers.variational.var_qte.VarQTE;Variational Quantum Algorithm (VQA);summary;!/usr/bin/env python coding: utf-8 Variational Quantum Time Evolution This notebook demonstrates how to use the Variational Quantum Time Evolution (Va...;0.7190;0
qiskit-algorithms/docs/tutorials/11_VarQTE.py;/qiskit/qiskit.circuit.library.n_local.efficient_su2.EfficientSU2;Variational Quantum Algorithm (VQA);name;efficient_su2;1.0000;70
qiskit-algorithms/docs/tutorials/11_VarQTE.py;/qiskit-algorithms/qiskit_algorithms.time_evolvers.variational.variational_principles.imaginary_mc_lachlan_principle.ImaginaryMcLachlanPrinciple;Variational Quantum Algorithm (VQA);name;ImaginaryMcLachlanPrinciple;1.0000;95
qiskit-algorithms/docs/tutorials/11_VarQTE.py;/qiskit-algorithms/qiskit_algorithms.time_evolvers.time_evolution_problem.TimeEvolutionProblem;Variational Quantum Algorithm (VQA);name;TimeEvolutionProblem;1.0000;107
qiskit-algorithms/docs/tutorials/11_VarQTE.py;/qiskit-algorithms/qiskit_algorithms.time_evolvers.variational.var_qite.VarQITE;Variational Quantum Algorithm (VQA);name;VarQITE;1.0000;118
qiskit-algorithms/docs/tutorials/11_VarQTE.py;/qiskit-algorithms/qiskit_algorithms.time_evolvers.variational.variational_principles.real_mc_lachlan_principle.RealMcLachlanPrinciple;Variational Quantum Algorithm (VQA);name;RealMcLachlanPrinciple;1.0000;280
qiskit-algorithms/docs/tutorials/11_VarQTE.py;/qiskit-algorithms/qiskit_algorithms.time_evolvers.variational.var_qrte.VarQRTE;Variational Quantum Algorithm (VQA);name;VarQRTE;1.0000;299
qiskit-algorithms/docs/tutorials/12_gradients_framework.py;/qiskit_machine_learning/qiskit_machine_learning.gradients.ParamShiftEstimatorGradient;Variational Quantum Algorithm (VQA);name;ParamShiftEstimatorGradient;1.0000;118
qiskit-algorithms/docs/tutorials/12_gradients_framework.py;/qiskit_machine_learning/qiskit_machine_learning.gradients.ParamShiftSamplerGradient;Variational Quantum Algorithm (VQA);name;ParamShiftSamplerGradient;1.0000;155
qiskit-algorithms/docs/tutorials/12_gradients_framework.py;/qiskit_machine_learning/qiskit_machine_learning.gradients.LinCombEstimatorGradient;Variational Quantum Algorithm (VQA);name;LinCombEstimatorGradient;1.0000;177
qiskit-algorithms/docs/tutorials/12_gradients_framework.py;/qiskit_machine_learning/qiskit_machine_learning.gradients.SPSAEstimatorGradient;Variational Quantum Algorithm (VQA);name;SPSAEstimatorGradient;1.0000;212
qiskit-algorithms/docs/tutorials/12_gradients_framework.py;/qiskit_machine_learning/qiskit_machine_learning.gradients.LinCombQGT;Variational Quantum Algorithm (VQA);name;LinCombQGT;1.0000;234
qiskit-algorithms/docs/tutorials/12_gradients_framework.py;/qiskit_machine_learning/qiskit_machine_learning.gradients.QFI;Variational Quantum Algorithm (VQA);name;QFI;1.0000;263
qiskit-algorithms/docs/tutorials/12_gradients_framework.py;/qiskit-algorithms/qiskit_algorithms.minimum_eigensolvers.vqe.VQE;Variational Quantum Eigensolver (VQE);name;VQE;1.0000;329
qiskit-algorithms/docs/tutorials/13_trotterQRTE.py;/qiskit-algorithms/qiskit_algorithms.time_evolvers.time_evolution_problem.TimeEvolutionProblem;Variational Quantum Algorithm (VQA);name;TimeEvolutionProblem;1.0000;91
qiskit-algorithms/docs/tutorials/13_trotterQRTE.py;/qiskit-algorithms/qiskit_algorithms.time_evolvers.trotterization.trotter_qrte.TrotterQRTE;Initialization;name;TrotterQRTE;1.0000;101
qiskit-algorithms/docs/tutorials/13_trotterQRTE.py;/qiskit/qiskit.circuit.library.pauli_evolution.PauliEvolutionGate;Hamiltonian Simulation;name;PauliEvolutionGate;1.0000;349
qiskit-algorithms/docs/tutorials/13_trotterQRTE.py;/classiq/qmod.builtins.functions.exponentiation.suzuki_trotter;Hamiltonian Simulation;name;SuzukiTrotter;1.0000;386
qiskit-braket-provider/docs/tutorials/1_tutorial_vqe.py;/qiskit-algorithms/qiskit_algorithms.minimum_eigensolvers.vqe.VQE;Variational Quantum Eigensolver (VQE);name;VQE;1.0000;56
qiskit-braket-provider/docs/tutorials/1_tutorial_vqe.py;/qiskit/qiskit.circuit.library.n_local.n_local.NLocal;Variational Quantum Algorithm (VQA);name;n_local;1.0000;58
qiskit-braket-provider/docs/tutorials/2_tutorial_hybrid_jobs.py;/qiskit/qiskit.circuit.library.n_local.two_local.TwoLocal;Variational Quantum Algorithm (VQA);name;TwoLocal;1.0000;55
qiskit-braket-provider/docs/tutorials/2_tutorial_hybrid_jobs.py;/qiskit-algorithms/qiskit_algorithms.minimum_eigensolvers.vqe.VQE;Variational Quantum Eigensolver (VQE);name;VQE;1.0000;58
qiskit-braket-provider/docs/tutorials/3_tutorial_minimum_eigen_optimizer.py;/qiskit-algorithms/qiskit_algorithms.minimum_eigensolvers.qaoa.QAOA;Quantum Approximate Optimization Algorithm (QAOA);name;QAOA;1.0000;112
qiskit-braket-provider/docs/tutorials/4_tutorial_native_programming.py;/qiskit/qiskit.circuit.library.generalized_gates.gms.MSGate;Circuit Construction Utility;name;MSGate;1.0000;176
qiskit-finance/docs/tutorials/00_amplitude_estimation.py;/qiskit-algorithms/qiskit_algorithms.amplitude_estimators.estimation_problem.EstimationProblem;Quantum Amplitude Estimation;name;EstimationProblem;1.0000;107
qiskit-finance/docs/tutorials/00_amplitude_estimation.py;/classiq/open_library.functions.amplitude_estimation.amplitude_estimation;Quantum Amplitude Estimation;name;AmplitudeEstimation;1.0000;133
qiskit-finance/docs/tutorials/00_amplitude_estimation.py;/qiskit-algorithms/qiskit_algorithms.amplitude_estimators.ae.AmplitudeEstimation;Quantum Amplitude Estimation;name;AmplitudeEstimation;1.0000;133
qiskit-finance/docs/tutorials/00_amplitude_estimation.py;/qiskit-algorithms/qiskit_algorithms.amplitude_estimators.iae.IterativeAmplitudeEstimation;Quantum Amplitude Estimation;name;IterativeAmplitudeEstimation;1.0000;216
qiskit-finance/docs/tutorials/00_amplitude_estimation.py;/qiskit-algorithms/qiskit_algorithms.amplitude_estimators.mlae.MaximumLikelihoodAmplitudeEstimation;Quantum Amplitude Estimation;name;MaximumLikelihoodAmplitudeEstimation;1.0000;244
qiskit-finance/docs/tutorials/00_amplitude_estimation.py;/qiskit-algorithms/qiskit_algorithms.amplitude_estimators.fae.FasterAmplitudeEstimation;Quantum Amplitude Estimation;name;FasterAmplitudeEstimation;1.0000;262
qiskit-finance/docs/tutorials/01_portfolio_optimization.py;/qiskit/qiskit.circuit.library.n_local.two_local.TwoLocal;Variational Quantum Algorithm (VQA);name;TwoLocal;1.0000;154
qiskit-finance/docs/tutorials/01_portfolio_optimization.py;/qiskit-algorithms/qiskit_algorithms.minimum_eigensolvers.sampling_vqe.SamplingVQE;Variational Quantum Eigensolver (VQE);name;SamplingVQE;1.0000;155
qiskit-finance/docs/tutorials/01_portfolio_optimization.py;/qiskit-algorithms/qiskit_algorithms.minimum_eigensolvers.qaoa.QAOA;Quantum Approximate Optimization Algorithm (QAOA);name;QAOA;1.0000;173
qiskit-finance/docs/tutorials/02_portfolio_diversification.py;/qiskit/qiskit.circuit.library.n_local.two_local.TwoLocal;Variational Quantum Algorithm (VQA);name;TwoLocal;1.0000;395
qiskit-finance/docs/tutorials/02_portfolio_diversification.py;/qiskit-algorithms/qiskit_algorithms.minimum_eigensolvers.sampling_vqe.SamplingVQE;Variational Quantum Eigensolver (VQE);name;SamplingVQE;1.0000;396
qiskit-finance/docs/tutorials/02_portfolio_diversification.py;/qiskit-algorithms/qiskit_algorithms.minimum_eigensolvers.qaoa.QAOA;Quantum Approximate Optimization Algorithm (QAOA);name;QAOA;1.0000;405
qiskit-finance/docs/tutorials/03_european_call_option_pricing.py;/qiskit-algorithms/qiskit_algorithms.amplitude_estimators.estimation_problem.EstimationProblem;Quantum Amplitude Estimation;name;EstimationProblem;1.0000;200
qiskit-finance/docs/tutorials/03_european_call_option_pricing.py;/qiskit-algorithms/qiskit_algorithms.amplitude_estimators.iae.IterativeAmplitudeEstimation;Quantum Amplitude Estimation;name;IterativeAmplitudeEstimation;1.0000;206
qiskit-finance/docs/tutorials/04_european_put_option_pricing.py;/qiskit-algorithms/qiskit_algorithms.amplitude_estimators.estimation_problem.EstimationProblem;Quantum Amplitude Estimation;name;EstimationProblem;1.0000;187
qiskit-finance/docs/tutorials/04_european_put_option_pricing.py;/qiskit-algorithms/qiskit_algorithms.amplitude_estimators.iae.IterativeAmplitudeEstimation;Quantum Amplitude Estimation;name;IterativeAmplitudeEstimation;1.0000;193
qiskit-finance/docs/tutorials/05_bull_spread_pricing.py;/qiskit-algorithms/qiskit_algorithms.amplitude_estimators.estimation_problem.EstimationProblem;Quantum Amplitude Estimation;name;EstimationProblem;1.0000;201
qiskit-finance/docs/tutorials/05_bull_spread_pricing.py;/qiskit-algorithms/qiskit_algorithms.amplitude_estimators.iae.IterativeAmplitudeEstimation;Quantum Amplitude Estimation;name;IterativeAmplitudeEstimation;1.0000;207
qiskit-finance/docs/tutorials/06_basket_option_pricing.py;/qiskit/qiskit.circuit.library.arithmetic.weighted_adder.WeightedAdder;Quantum Arithmetic;name;WeightedAdder;1.0000;149
qiskit-finance/docs/tutorials/06_basket_option_pricing.py;/qiskit-algorithms/qiskit_algorithms.amplitude_estimators.estimation_problem.EstimationProblem;Quantum Amplitude Estimation;name;EstimationProblem;1.0000;287
qiskit-finance/docs/tutorials/06_basket_option_pricing.py;/qiskit-algorithms/qiskit_algorithms.amplitude_estimators.iae.IterativeAmplitudeEstimation;Quantum Amplitude Estimation;name;IterativeAmplitudeEstimation;1.0000;293
qiskit-finance/docs/tutorials/07_asian_barrier_spread_pricing.py;/qiskit/qiskit.circuit.library.arithmetic.weighted_adder.WeightedAdder;Quantum Arithmetic;name;WeightedAdder;1.0000;172
qiskit-finance/docs/tutorials/07_asian_barrier_spread_pricing.py;/qiskit/qiskit.circuit.library.arithmetic.integer_comparator.IntegerComparator;Quantum Arithmetic;name;IntegerComparator;1.0000;210
qiskit-finance/docs/tutorials/07_asian_barrier_spread_pricing.py;/qiskit-algorithms/qiskit_algorithms.amplitude_estimators.estimation_problem.EstimationProblem;Quantum Amplitude Estimation;name;EstimationProblem;1.0000;395
qiskit-finance/docs/tutorials/07_asian_barrier_spread_pricing.py;/qiskit-algorithms/qiskit_algorithms.amplitude_estimators.iae.IterativeAmplitudeEstimation;Quantum Amplitude Estimation;name;IterativeAmplitudeEstimation;1.0000;401
qiskit-finance/docs/tutorials/08_fixed_income_pricing.py;/qiskit-algorithms/qiskit_algorithms.amplitude_estimators.iae.IterativeAmplitudeEstimation;Quantum Amplitude Estimation;name;IterativeAmplitudeEstimation;1.0000;174
qiskit-finance/docs/tutorials/09_credit_risk_analysis.py;/qiskit/qiskit.circuit.library.arithmetic.weighted_adder.WeightedAdder;Quantum Arithmetic;name;WeightedAdder;1.0000;246
qiskit-finance/docs/tutorials/09_credit_risk_analysis.py;/qiskit-algorithms/qiskit_algorithms.amplitude_estimators.estimation_problem.EstimationProblem;Quantum Amplitude Estimation;name;EstimationProblem;1.0000;338
qiskit-finance/docs/tutorials/09_credit_risk_analysis.py;/qiskit-algorithms/qiskit_algorithms.amplitude_estimators.iae.IterativeAmplitudeEstimation;Quantum Amplitude Estimation;name;IterativeAmplitudeEstimation;1.0000;344
qiskit-finance/docs/tutorials/09_credit_risk_analysis.py;/qiskit/qiskit.circuit.library.arithmetic.integer_comparator.IntegerComparator;Quantum Arithmetic;name;IntegerComparator;1.0000;384
qiskit-finance/docs/tutorials/10_qgan_option_pricing.py;/qiskit/qiskit.circuit.library.n_local.two_local.TwoLocal;Variational Quantum Algorithm (VQA);name;TwoLocal;1.0000;52
qiskit-finance/docs/tutorials/10_qgan_option_pricing.py;/qiskit-algorithms/qiskit_algorithms.amplitude_estimators.iae.IterativeAmplitudeEstimation;Quantum Amplitude Estimation;name;IterativeAmplitudeEstimation;1.0000;168
qiskit-machine-learning/docs/tutorials/01_neural_networks.py;/qiskit_machine_learning/qiskit_machine_learning.algorithms.classifiers.NeuralNetworkClassifier;Quantum Neural Network (QNN);summary;!/usr/bin/env python coding: utf-8 Quantum Neural Networks Overview This notebook demonstrates different quantum neural network (QNN) implementations ...;0.6502;0
qiskit-machine-learning/docs/tutorials/01_neural_networks.py;/qiskit_machine_learning/qiskit_machine_learning.connectors.TorchConnector;Quantum Neural Network (QNN);summary;!/usr/bin/env python coding: utf-8 Quantum Neural Networks Overview This notebook demonstrates different quantum neural network (QNN) implementations ...;0.6835;0
qiskit-machine-learning/docs/tutorials/01_neural_networks.py;/qiskit_machine_learning/qiskit_machine_learning.neural_networks.EstimatorQNN;Quantum Neural Network (QNN);name;EstimatorQNN;1.0000;118
qiskit-machine-learning/docs/tutorials/01_neural_networks.py;/qiskit_machine_learning/qiskit_machine_learning.neural_networks.SamplerQNN;Quantum Neural Network (QNN);name;SamplerQNN;1.0000;182
qiskit-machine-learning/docs/tutorials/02_neural_network_classifier_and_regressor.py;/qiskit_machine_learning/qiskit_machine_learning.circuit.library.qnn_circuit;Quantum Neural Network (QNN);name;qnn_circuit;1.0000;74
qiskit-machine-learning/docs/tutorials/02_neural_network_classifier_and_regressor.py;/qiskit_machine_learning/qiskit_machine_learning.neural_networks.EstimatorQNN;Quantum Neural Network (QNN);name;EstimatorQNN;1.0000;86
qiskit-machine-learning/docs/tutorials/02_neural_network_classifier_and_regressor.py;/qiskit_machine_learning/qiskit_machine_learning.algorithms.classifiers.NeuralNetworkClassifier;Quantum Neural Network (QNN);name;NeuralNetworkClassifier;1.0000;118
qiskit-machine-learning/docs/tutorials/02_neural_network_classifier_and_regressor.py;/qiskit_machine_learning/qiskit_machine_learning.neural_networks.SamplerQNN;Quantum Neural Network (QNN);name;SamplerQNN;1.0000;201
qiskit-machine-learning/docs/tutorials/02_neural_network_classifier_and_regressor.py;/qiskit/qiskit.circuit.library.data_preparation.pauli_feature_map.z_feature_map;Data Encoding;name;zz_feature_map;0.9640;272
qiskit-machine-learning/docs/tutorials/02_neural_network_classifier_and_regressor.py;/qiskit/qiskit.circuit.library.data_preparation.pauli_feature_map.zz_feature_map;Data Encoding;name;zz_feature_map;1.0000;272
qiskit-machine-learning/docs/tutorials/02_neural_network_classifier_and_regressor.py;/qiskit/qiskit.circuit.library.n_local.real_amplitudes.RealAmplitudes;Variational Quantum Algorithm (VQA);name;real_amplitudes;1.0000;273
qiskit-machine-learning/docs/tutorials/02_neural_network_classifier_and_regressor.py;/qiskit_machine_learning/qiskit_machine_learning.algorithms.classifiers.VQC;Variational Quantum Algorithm (VQA);name;VQC;1.0000;276
qiskit-machine-learning/docs/tutorials/02_neural_network_classifier_and_regressor.py;/qiskit_machine_learning/qiskit_machine_learning.algorithms.regressors.NeuralNetworkRegressor;Quantum Neural Network (QNN);name;NeuralNetworkRegressor;1.0000;458
qiskit-machine-learning/docs/tutorials/02_neural_network_classifier_and_regressor.py;/qiskit_machine_learning/qiskit_machine_learning.algorithms.regressors.VQR;Variational Quantum Algorithm (VQA);name;VQR;1.0000;513
qiskit-machine-learning/docs/tutorials/02a_training_a_quantum_model_on_a_real_dataset.py;/qiskit/qiskit.circuit.library.data_preparation.pauli_feature_map.z_feature_map;Data Encoding;name;zz_feature_map;0.9640;149
qiskit-machine-learning/docs/tutorials/02a_training_a_quantum_model_on_a_real_dataset.py;/qiskit/qiskit.circuit.library.data_preparation.pauli_feature_map.zz_feature_map;Data Encoding;name;zz_feature_map;1.0000;149
qiskit-machine-learning/docs/tutorials/02a_training_a_quantum_model_on_a_real_dataset.py;/qiskit/qiskit.circuit.library.n_local.real_amplitudes.RealAmplitudes;Variational Quantum Algorithm (VQA);name;real_amplitudes;1.0000;162
qiskit-machine-learning/docs/tutorials/02a_training_a_quantum_model_on_a_real_dataset.py;/qiskit_machine_learning/qiskit_machine_learning.algorithms.classifiers.VQC;Variational Quantum Algorithm (VQA);name;VQC;1.0000;222
qiskit-machine-learning/docs/tutorials/02a_training_a_quantum_model_on_a_real_dataset.py;/qiskit/qiskit.circuit.library.n_local.efficient_su2.EfficientSU2;Variational Quantum Algorithm (VQA);name;efficient_su2;1.0000;362
qiskit-machine-learning/docs/tutorials/03_quantum_kernel.py;/qiskit_machine_learning/qiskit_machine_learning.kernels.FidelityStatevectorKernel;SWAP Test;summary;!/usr/bin/env python coding: utf-8 Quantum Kernel Machine Learning Overview The general task of machine learning is to find and study patterns in data...;0.7360;0
qiskit-machine-learning/docs/tutorials/03_quantum_kernel.py;/qiskit/qiskit.circuit.library.data_preparation.pauli_feature_map.z_feature_map;Data Encoding;name;zz_feature_map;0.9640;183
qiskit-machine-learning/docs/tutorials/03_quantum_kernel.py;/qiskit/qiskit.circuit.library.data_preparation.pauli_feature_map.zz_feature_map;Data Encoding;name;zz_feature_map;1.0000;183
qiskit-machine-learning/docs/tutorials/03_quantum_kernel.py;/qiskit-algorithms/qiskit_algorithms.state_fidelities.compute_uncompute.ComputeUncompute;Uncompute;name;ComputeUncompute;1.0000;187
qiskit-machine-learning/docs/tutorials/03_quantum_kernel.py;/qiskit_machine_learning/qiskit_machine_learning.state_fidelities.ComputeUncompute;SWAP Test;name;ComputeUncompute;1.0000;187
qiskit-machine-learning/docs/tutorials/03_quantum_kernel.py;/qiskit_machine_learning/qiskit_machine_learning.kernels.FidelityQuantumKernel;SWAP Test;name;FidelityQuantumKernel;1.0000;189
qiskit-machine-learning/docs/tutorials/03_quantum_kernel.py;/qiskit_machine_learning/qiskit_machine_learning.kernels.TrainableFidelityQuantumKernel;Variational Quantum Algorithm (VQA);name;FidelityQuantumKernel;0.9068;189
qiskit-machine-learning/docs/tutorials/03_quantum_kernel.py;/qiskit_machine_learning/qiskit_machine_learning.algorithms.classifiers.QSVC;SWAP Test;name;QSVC;1.0000;264
qiskit-machine-learning/docs/tutorials/04_torch_qgan.py;/qiskit/qiskit.circuit.library.n_local.efficient_su2.EfficientSU2;Variational Quantum Algorithm (VQA);name;efficient_su2;1.0000;144
qiskit-machine-learning/docs/tutorials/04_torch_qgan.py;/qiskit_machine_learning/qiskit_machine_learning.neural_networks.SamplerQNN;Quantum Neural Network (QNN);name;SamplerQNN;1.0000;186
qiskit-machine-learning/docs/tutorials/04_torch_qgan.py;/qiskit_machine_learning/qiskit_machine_learning.connectors.TorchConnector;Quantum Neural Network (QNN);name;TorchConnector;1.0000;195
qiskit-machine-learning/docs/tutorials/05_torch_connector.py;/qiskit/qiskit.circuit.library.data_preparation.pauli_feature_map.z_feature_map;Data Encoding;name;zz_feature_map;0.9640;92
qiskit-machine-learning/docs/tutorials/05_torch_connector.py;/qiskit/qiskit.circuit.library.data_preparation.pauli_feature_map.zz_feature_map;Data Encoding;name;zz_feature_map;1.0000;92
qiskit-machine-learning/docs/tutorials/05_torch_connector.py;/qiskit/qiskit.circuit.library.n_local.real_amplitudes.RealAmplitudes;Variational Quantum Algorithm (VQA);name;real_amplitudes;1.0000;93
qiskit-machine-learning/docs/tutorials/05_torch_connector.py;/qiskit_machine_learning/qiskit_machine_learning.neural_networks.EstimatorQNN;Quantum Neural Network (QNN);name;EstimatorQNN;1.0000;107
qiskit-machine-learning/docs/tutorials/05_torch_connector.py;/qiskit_machine_learning/qiskit_machine_learning.connectors.TorchConnector;Quantum Neural Network (QNN);name;TorchConnector;1.0000;118
qiskit-machine-learning/docs/tutorials/05_torch_connector.py;/qiskit_machine_learning/qiskit_machine_learning.neural_networks.SamplerQNN;Quantum Neural Network (QNN);name;SamplerQNN;1.0000;224
qiskit-machine-learning/docs/tutorials/07_pegasos_qsvc.py;/qiskit_machine_learning/qiskit_machine_learning.algorithms.classifiers.NeuralNetworkClassifier;Quantum Neural Network (QNN);summary;!/usr/bin/env python coding: utf-8 Pegasos Quantum Support Vector Classifier There's another SVM based algorithm that benefits from the quantum kernel...;0.6784;0
qiskit-machine-learning/docs/tutorials/07_pegasos_qsvc.py;/qiskit_machine_learning/qiskit_machine_learning.algorithms.classifiers.QSVC;SWAP Test;summary;!/usr/bin/env python coding: utf-8 Pegasos Quantum Support Vector Classifier There's another SVM based algorithm that benefits from the quantum kernel...;0.7877;0
qiskit-machine-learning/docs/tutorials/07_pegasos_qsvc.py;/qiskit_machine_learning/qiskit_machine_learning.algorithms.regressors.QSVR;SWAP Test;summary;!/usr/bin/env python coding: utf-8 Pegasos Quantum Support Vector Classifier There's another SVM based algorithm that benefits from the quantum kernel...;0.7041;0
qiskit-machine-learning/docs/tutorials/07_pegasos_qsvc.py;/qiskit_machine_learning/qiskit_machine_learning.kernels.FidelityStatevectorKernel;SWAP Test;summary;!/usr/bin/env python coding: utf-8 Pegasos Quantum Support Vector Classifier There's another SVM based algorithm that benefits from the quantum kernel...;0.6726;0
qiskit-machine-learning/docs/tutorials/07_pegasos_qsvc.py;/qiskit-algorithms/qiskit_algorithms.state_fidelities.compute_uncompute.ComputeUncompute;Uncompute;name;ComputeUncompute;1.0000;76
qiskit-machine-learning/docs/tutorials/07_pegasos_qsvc.py;/qiskit_machine_learning/qiskit_machine_learning.state_fidelities.ComputeUncompute;SWAP Test;name;ComputeUncompute;1.0000;76
qiskit-machine-learning/docs/tutorials/07_pegasos_qsvc.py;/qiskit/qiskit.circuit.library.data_preparation.pauli_feature_map.z_feature_map;Data Encoding;name;z_feature_map;1.0000;80
qiskit-machine-learning/docs/tutorials/07_pegasos_qsvc.py;/qiskit/qiskit.circuit.library.data_preparation.pauli_feature_map.zz_feature_map;Data Encoding;name;z_feature_map;0.9640;80
qiskit-machine-learning/docs/tutorials/07_pegasos_qsvc.py;/qiskit_machine_learning/qiskit_machine_learning.kernels.FidelityQuantumKernel;SWAP Test;name;FidelityQuantumKernel;1.0000;82
qiskit-machine-learning/docs/tutorials/07_pegasos_qsvc.py;/qiskit_machine_learning/qiskit_machine_learning.kernels.TrainableFidelityQuantumKernel;Variational Quantum Algorithm (VQA);name;FidelityQuantumKernel;0.9068;82
qiskit-machine-learning/docs/tutorials/07_pegasos_qsvc.py;/qiskit_machine_learning/qiskit_machine_learning.algorithms.classifiers.PegasosQSVC;SWAP Test;name;PegasosQSVC;1.0000;96
qiskit-machine-learning/docs/tutorials/08_quantum_kernel_trainer.py;/qiskit_machine_learning/qiskit_machine_learning.kernels.FidelityStatevectorKernel;SWAP Test;summary;!/usr/bin/env python coding: utf-8 Quantum Kernel Training for Machine Learning Applications In this tutorial, we will train a quantum kernel on a lab...;0.6795;0
qiskit-machine-learning/docs/tutorials/08_quantum_kernel_trainer.py;/qiskit/qiskit.circuit.library.data_preparation.pauli_feature_map.z_feature_map;Data Encoding;name;zz_feature_map;0.9640;151
qiskit-machine-learning/docs/tutorials/08_quantum_kernel_trainer.py;/qiskit/qiskit.circuit.library.data_preparation.pauli_feature_map.zz_feature_map;Data Encoding;name;zz_feature_map;1.0000;151
qiskit-machine-learning/docs/tutorials/08_quantum_kernel_trainer.py;/qiskit-algorithms/qiskit_algorithms.state_fidelities.compute_uncompute.ComputeUncompute;Uncompute;name;ComputeUncompute;1.0000;175
qiskit-machine-learning/docs/tutorials/08_quantum_kernel_trainer.py;/qiskit_machine_learning/qiskit_machine_learning.state_fidelities.ComputeUncompute;SWAP Test;name;ComputeUncompute;1.0000;175
qiskit-machine-learning/docs/tutorials/08_quantum_kernel_trainer.py;/qiskit_machine_learning/qiskit_machine_learning.kernels.FidelityQuantumKernel;SWAP Test;name;TrainableFidelityQuantumKernel;0.9068;178
qiskit-machine-learning/docs/tutorials/08_quantum_kernel_trainer.py;/qiskit_machine_learning/qiskit_machine_learning.kernels.TrainableFidelityQuantumKernel;Variational Quantum Algorithm (VQA);name;TrainableFidelityQuantumKernel;1.0000;178
qiskit-machine-learning/docs/tutorials/08_quantum_kernel_trainer.py;/qiskit_machine_learning/qiskit_machine_learning.kernels.algorithms.QuantumKernelTrainer;Variational Quantum Algorithm (VQA);name;QuantumKernelTrainer;1.0000;187
qiskit-machine-learning/docs/tutorials/08_quantum_kernel_trainer.py;/qiskit_machine_learning/qiskit_machine_learning.algorithms.classifiers.QSVC;SWAP Test;name;QSVC;1.0000;222
qiskit-machine-learning/docs/tutorials/09_saving_and_loading_models.py;/qiskit/qiskit.circuit.library.n_local.real_amplitudes.RealAmplitudes;Variational Quantum Algorithm (VQA);name;real_amplitudes;1.0000;217
qiskit-machine-learning/docs/tutorials/09_saving_and_loading_models.py;/qiskit_machine_learning/qiskit_machine_learning.algorithms.classifiers.VQC;Variational Quantum Algorithm (VQA);name;VQC;1.0000;226
qiskit-machine-learning/docs/tutorials/10_effective_dimension.py;/qiskit_machine_learning/qiskit_machine_learning.circuit.library.qnn_circuit;Quantum Neural Network (QNN);name;qnn_circuit;1.0000;69
qiskit-machine-learning/docs/tutorials/10_effective_dimension.py;/qiskit/qiskit.circuit.library.data_preparation.pauli_feature_map.z_feature_map;Data Encoding;name;z_feature_map;1.0000;70
qiskit-machine-learning/docs/tutorials/10_effective_dimension.py;/qiskit/qiskit.circuit.library.data_preparation.pauli_feature_map.zz_feature_map;Data Encoding;name;z_feature_map;0.9640;70
qiskit-machine-learning/docs/tutorials/10_effective_dimension.py;/qiskit/qiskit.circuit.library.n_local.real_amplitudes.RealAmplitudes;Variational Quantum Algorithm (VQA);name;real_amplitudes;1.0000;71
qiskit-machine-learning/docs/tutorials/10_effective_dimension.py;/qiskit_machine_learning/qiskit_machine_learning.neural_networks.SamplerQNN;Quantum Neural Network (QNN);name;SamplerQNN;1.0000;93
qiskit-machine-learning/docs/tutorials/10_effective_dimension.py;/qiskit_machine_learning/qiskit_machine_learning.neural_networks.EffectiveDimension;Quantum Neural Network (QNN);name;EffectiveDimension;1.0000;117
qiskit-machine-learning/docs/tutorials/10_effective_dimension.py;/qiskit_machine_learning/qiskit_machine_learning.neural_networks.EstimatorQNN;Quantum Neural Network (QNN);name;EstimatorQNN;1.0000;222
qiskit-machine-learning/docs/tutorials/10_effective_dimension.py;/qiskit_machine_learning/qiskit_machine_learning.algorithms.classifiers.NeuralNetworkClassifier;Quantum Neural Network (QNN);name;NeuralNetworkClassifier;1.0000;251
qiskit-machine-learning/docs/tutorials/10_effective_dimension.py;/qiskit_machine_learning/qiskit_machine_learning.neural_networks.LocalEffectiveDimension;Quantum Neural Network (QNN);name;LocalEffectiveDimension;1.0000;292
qiskit-machine-learning/docs/tutorials/11_quantum_convolutional_neural_networks.py;/qiskit_machine_learning/qiskit_machine_learning.connectors.TorchConnector;Quantum Neural Network (QNN);summary;!/usr/bin/env python coding: utf-8 The Quantum Convolution Neural Network 1. Introduction Throughout this tutorial, we discuss a Quantum Convolutional...;0.6771;0
qiskit-machine-learning/docs/tutorials/11_quantum_convolutional_neural_networks.py;/qiskit/qiskit.circuit.library.data_preparation.pauli_feature_map.z_feature_map;Data Encoding;name;z_feature_map;1.0000;334
qiskit-machine-learning/docs/tutorials/11_quantum_convolutional_neural_networks.py;/qiskit/qiskit.circuit.library.data_preparation.pauli_feature_map.zz_feature_map;Data Encoding;name;z_feature_map;0.9640;334
qiskit-machine-learning/docs/tutorials/11_quantum_convolutional_neural_networks.py;/qiskit_machine_learning/qiskit_machine_learning.neural_networks.EstimatorQNN;Quantum Neural Network (QNN);name;EstimatorQNN;1.0000;385
qiskit-machine-learning/docs/tutorials/11_quantum_convolutional_neural_networks.py;/qiskit_machine_learning/qiskit_machine_learning.algorithms.classifiers.NeuralNetworkClassifier;Quantum Neural Network (QNN);name;NeuralNetworkClassifier;1.0000;427
qiskit-machine-learning/docs/tutorials/12_quantum_autoencoder.py;/qiskit/qiskit.circuit.library.n_local.real_amplitudes.RealAmplitudes;Variational Quantum Algorithm (VQA);name;real_amplitudes;1.0000;152
qiskit-machine-learning/docs/tutorials/12_quantum_autoencoder.py;/qiskit_machine_learning/qiskit_machine_learning.neural_networks.SamplerQNN;Quantum Neural Network (QNN);name;SamplerQNN;1.0000;251
qiskit-machine-learning/docs/tutorials/12_quantum_autoencoder.py;/qiskit_machine_learning/qiskit_machine_learning.circuit.library.RawFeatureVector;Data Encoding;name;raw_feature_vector;1.0000;444
qiskit-machine-learning/docs/tutorials/12_quantum_autoencoder.py;/qiskit_machine_learning/qiskit_machine_learning.circuit.library.raw_feature_vector;Data Encoding;name;raw_feature_vector;1.0000;444
qiskit-machine-learning/docs/tutorials/13_quantum_bayesian_inference.py;/qiskit_machine_learning/qiskit_machine_learning.algorithms.inference.QBayesian;Domain Specific Application;name;QBayesian;1.0000;209
qiskit-nature/docs/tutorials/03_ground_state_solvers.py;/pennylane/pennylane.templates.subroutines.qchem.uccsd.UCCSD;Variational Quantum Eigensolver (VQE);name;UCCSD;1.0000;71
qiskit-nature/docs/tutorials/03_ground_state_solvers.py;/qiskit-algorithms/qiskit_algorithms.minimum_eigensolvers.vqe.VQE;Variational Quantum Eigensolver (VQE);name;VQE;1.0000;82
qiskit-nature/docs/tutorials/03_ground_state_solvers.py;/qiskit/qiskit.circuit.library.n_local.two_local.TwoLocal;Variational Quantum Algorithm (VQA);name;TwoLocal;1.0000;100
qiskit-nature/docs/tutorials/04_excited_states_solvers.py;/pennylane/pennylane.templates.subroutines.qchem.uccsd.UCCSD;Variational Quantum Eigensolver (VQE);name;UCCSD;1.0000;107
qiskit-nature/docs/tutorials/04_excited_states_solvers.py;/qiskit-algorithms/qiskit_algorithms.minimum_eigensolvers.vqe.VQE;Variational Quantum Eigensolver (VQE);name;VQE;1.0000;121
qiskit-nature/docs/tutorials/12_deuteron_binding_energy.py;/qiskit-algorithms/qiskit_algorithms.minimum_eigensolvers.vqe.VQE;Variational Quantum Eigensolver (VQE);name;VQE;1.0000;230
qiskit-nature/docs/tutorials/12_deuteron_binding_energy.py;/qiskit/qiskit.circuit.library.n_local.two_local.TwoLocal;Variational Quantum Algorithm (VQA);name;TwoLocal;1.0000;297
qiskit-optimization/docs/tutorials/03_minimum_eigen_optimizer.py;/qiskit-algorithms/qiskit_algorithms.minimum_eigensolvers.qaoa.QAOA;Quantum Approximate Optimization Algorithm (QAOA);name;QAOA;1.0000;100
qiskit-optimization/docs/tutorials/04_grover_optimizer.py;/classiq/open_library.functions.grover.grover_search;Grover;summary;!/usr/bin/env python coding: utf-8 Grover Optimizer Introduction Grover Adaptive Search (GAS) has been explored as a possible solution for combinatori...;0.6940;0
qiskit-optimization/docs/tutorials/04_grover_optimizer.py;/qiskit-algorithms/qiskit_algorithms.amplitude_amplifiers.grover.Grover;Grover;summary;!/usr/bin/env python coding: utf-8 Grover Optimizer Introduction Grover Adaptive Search (GAS) has been explored as a possible solution for combinatori...;0.6898;0
qiskit-optimization/docs/tutorials/04_grover_optimizer.py;/qiskit-algorithms/qiskit_algorithms.minimum_eigensolvers.qaoa.QAOA;Quantum Approximate Optimization Algorithm (QAOA);summary;!/usr/bin/env python coding: utf-8 Grover Optimizer Introduction Grover Adaptive Search (GAS) has been explored as a possible solution for combinatori...;0.7289;0
qiskit-optimization/docs/tutorials/05_admm_optimizer.py;/qiskit-algorithms/qiskit_algorithms.minimum_eigensolvers.qaoa.QAOA;Quantum Approximate Optimization Algorithm (QAOA);name;QAOA;1.0000;97
qiskit-optimization/docs/tutorials/06_examples_max_cut_and_tsp.py;/qiskit/qiskit.circuit.library.n_local.n_local.NLocal;Variational Quantum Algorithm (VQA);name;n_local;1.0000;238
qiskit-optimization/docs/tutorials/06_examples_max_cut_and_tsp.py;/qiskit-algorithms/qiskit_algorithms.minimum_eigensolvers.sampling_vqe.SamplingVQE;Variational Quantum Eigensolver (VQE);name;SamplingVQE;1.0000;239
qiskit-optimization/docs/tutorials/06_examples_max_cut_and_tsp.py;/qiskit/qiskit.circuit.library.generalized_gates.permutation.Permutation;Circuit Construction Utility;name;permutations;0.9706;324
qiskit-optimization/docs/tutorials/07_examples_vehicle_routing.py;/qiskit/qiskit.circuit.library.data_preparation.initializer.Initialize;Initialization;name;Initializer;0.9011;229
qiskit-optimization/docs/tutorials/07_examples_vehicle_routing.py;/qiskit-algorithms/qiskit_algorithms.minimum_eigensolvers.sampling_vqe.SamplingVQE;Variational Quantum Eigensolver (VQE);name;SamplingVQE;1.0000;494
qiskit-optimization/docs/tutorials/07_examples_vehicle_routing.py;/qiskit/qiskit.circuit.library.n_local.real_amplitudes.RealAmplitudes;Variational Quantum Algorithm (VQA);name;real_amplitudes;1.0000;497
qiskit-optimization/docs/tutorials/08_cvar_optimization.py;/qiskit-algorithms/qiskit_algorithms.minimum_eigensolvers.qaoa.QAOA;Quantum Approximate Optimization Algorithm (QAOA);summary;!/usr/bin/env python coding: utf-8 Improving Variational Quantum Optimization using CVaR Introduction This notebook shows how to use the Conditional V...;0.6514;0
qiskit-optimization/docs/tutorials/08_cvar_optimization.py;/qiskit/qiskit.circuit.library.n_local.real_amplitudes.RealAmplitudes;Variational Quantum Algorithm (VQA);name;real_amplitudes;1.0000;116
qiskit-optimization/docs/tutorials/08_cvar_optimization.py;/qiskit-algorithms/qiskit_algorithms.minimum_eigensolvers.sampling_vqe.SamplingVQE;Variational Quantum Eigensolver (VQE);name;SamplingVQE;1.0000;145
qiskit-optimization/docs/tutorials/09_application_classes.py;/qiskit-algorithms/qiskit_algorithms.minimum_eigensolvers.qaoa.QAOA;Quantum Approximate Optimization Algorithm (QAOA);name;QAOA;1.0000;114
qiskit-optimization/docs/tutorials/10_warm_start_qaoa.py;/qiskit-algorithms/qiskit_algorithms.minimum_eigensolvers.qaoa.QAOA;Quantum Approximate Optimization Algorithm (QAOA);name;QAOA;1.0000;157
qiskit-optimization/docs/tutorials/11_using_classical_optimization_solvers_and_models.py;/qiskit-algorithms/qiskit_algorithms.minimum_eigensolvers.qaoa.QAOA;Quantum Approximate Optimization Algorithm (QAOA);name;QAOA;1.0000;74
qiskit-optimization/docs/tutorials/12_quantum_random_access_optimizer.py;/qiskit/qiskit.circuit.library.n_local.real_amplitudes.RealAmplitudes;Variational Quantum Algorithm (VQA);name;real_amplitudes;1.0000;103
qiskit-optimization/docs/tutorials/12_quantum_random_access_optimizer.py;/qiskit-algorithms/qiskit_algorithms.minimum_eigensolvers.vqe.VQE;Variational Quantum Eigensolver (VQE);name;VQE;1.0000;104
quimb/docs/examples/ex_MERA.py;/pennylane/pennylane.templates.subroutines.select.Select;Dynamic Circuit;name;select;1.0000;125
quimb/docs/tensor/tensor-1d.py;/pennylane/pennylane.templates.subroutines.select.Select;Dynamic Circuit;name;select;1.0000;172
quimb/docs/tensor/tensor-basics.py;/pennylane/pennylane.templates.subroutines.select.Select;Dynamic Circuit;name;select;1.0000;555
quimb/docs/tensor/tensor-circuit.py;/pennylane/pennylane.templates.subroutines.select.Select;Dynamic Circuit;name;select;1.0000;209
squlearn/examples/encoding_circuits/various_encoding_circuit.py;/qiskit/qiskit.circuit.library.n_local.two_local.TwoLocal;Variational Quantum Algorithm (VQA);name;TwoLocal;1.0000;88
squlearn/examples/kernel/example_fidelity_kernel.py;/qiskit_machine_learning/qiskit_machine_learning.algorithms.regressors.QSVR;SWAP Test;name;QSVR;1.0000;63
squlearn/examples/kernel/example_projected_kernel.py;/qiskit_machine_learning/qiskit_machine_learning.algorithms.classifiers.QSVC;SWAP Test;name;QSVC;1.0000;105
squlearn/examples/tutorials/kernel_digit_classification.py;/qiskit_machine_learning/qiskit_machine_learning.algorithms.classifiers.QSVC;SWAP Test;name;QSVC;1.0000;363
squlearn/examples/tutorials/kernel_grid_search.py;/qiskit_machine_learning/qiskit_machine_learning.algorithms.regressors.QSVR;SWAP Test;name;QSVR;1.0000;242
squlearn/examples/tutorials/qnn_backend_mitigation.py;/qiskit_machine_learning/qiskit_machine_learning.connectors.TorchConnector;Quantum Neural Network (QNN);summary;!/usr/bin/env python coding: utf-8 Error Mitigation for Quantum Neural Networks on IBM Quantum Devices Overview This tutorial covers the setup and imp...;0.6636;0
tensorcircuit-ng/docs/source/tutorials/gradient_benchmark.py;/qiskit_machine_learning/qiskit_machine_learning.gradients.QFI;Variational Quantum Algorithm (VQA);name;QFI;1.0000;99
tensorcircuit-ng/docs/source/tutorials/gradient_benchmark_cn.py;/qiskit_machine_learning/qiskit_machine_learning.gradients.QFI;Variational Quantum Algorithm (VQA);name;QFI;1.0000;99
tensorcircuit-ng/docs/source/tutorials/imag_time_evo.py;/qiskit-algorithms/qiskit_algorithms.time_evolvers.variational.var_qite.VarQITE;Variational Quantum Algorithm (VQA);summary;!/usr/bin/env python coding: utf-8 Solving the Ground State of Hamiltonian by Imaginary-time Evolution Overview Imaginary-time evolution (IME) is a me...;0.6776;0
tensorcircuit-ng/docs/source/tutorials/mera.py;/pennylane/pennylane.templates.tensornetworks.mera.MERA;Quantum Neural Network (QNN);name;MERA;1.0000;103
tensorcircuit-ng/docs/source/tutorials/mera_cn.py;/pennylane/pennylane.templates.tensornetworks.mera.MERA;Quantum Neural Network (QNN);name;MERA;1.0000;103
tensorcircuit-ng/docs/source/tutorials/nnvqe.py;/pennylane/pennylane.templates.tensornetworks.mera.MERA;Quantum Neural Network (QNN);name;MERA;1.0000;122
tensorcircuit-ng/docs/source/tutorials/nnvqe_cn.py;/pennylane/pennylane.templates.tensornetworks.mera.MERA;Quantum Neural Network (QNN);name;MERA;1.0000;122
tensorcircuit-ng/docs/source/tutorials/portfolio_optimization.py;/qiskit-algorithms/qiskit_algorithms.minimum_eigensolvers.qaoa.QAOA;Quantum Approximate Optimization Algorithm (QAOA);summary;!/usr/bin/env python coding: utf-8 Portfolio Optimization In this tutorial, we demonstrate the transformation of financial portfolio optimization into...;0.7065;0
tensorcircuit-ng/docs/source/tutorials/qaoa.py;/qiskit-algorithms/qiskit_algorithms.minimum_eigensolvers.qaoa.QAOA;Quantum Approximate Optimization Algorithm (QAOA);summary;!/usr/bin/env python coding: utf-8 Quantum Approximation Optimization Algorithm (QAOA) Overview QAOA is a hybrid classical-quantum algorithm that comb...;0.7273;0
tensorcircuit-ng/docs/source/tutorials/qaoa_nae3sat.py;/qiskit-algorithms/qiskit_algorithms.minimum_eigensolvers.qaoa.QAOA;Quantum Approximate Optimization Algorithm (QAOA);summary;!/usr/bin/env python coding: utf-8 Quantum Approximation Optimization Algorithm (QAOA) for Not-all-equal 3-satisfiability (NAE3SAT) Overview Quantum A...;0.7787;0
tensorcircuit-ng/docs/source/tutorials/qaoa_quantum_dropout.py;/qiskit-algorithms/qiskit_algorithms.minimum_eigensolvers.qaoa.QAOA;Quantum Approximate Optimization Algorithm (QAOA);summary;!/usr/bin/env python coding: utf-8 Quantum Dropout for QAOA Overview Quantum Approximation Optimization Algorithm (QAOA) is a hybrid classical-quantum...;0.6739;0
tensorcircuit-ng/docs/source/tutorials/qml_scenarios.py;/qiskit_machine_learning/qiskit_machine_learning.algorithms.classifiers.NeuralNetworkClassifier;Quantum Neural Network (QNN);summary;!/usr/bin/env python coding: utf-8 Quantum Machine Learning for Classification Task **Demonstrations on some common setups and techniques** Overview W...;0.7776;0
tensorcircuit-ng/docs/source/tutorials/qml_scenarios.py;/qiskit_machine_learning/qiskit_machine_learning.algorithms.classifiers.QSVC;SWAP Test;summary;!/usr/bin/env python coding: utf-8 Quantum Machine Learning for Classification Task **Demonstrations on some common setups and techniques** Overview W...;0.6745;0
tensorcircuit-ng/docs/source/tutorials/qml_scenarios.py;/qiskit_machine_learning/qiskit_machine_learning.algorithms.regressors.NeuralNetworkRegressor;Quantum Neural Network (QNN);summary;!/usr/bin/env python coding: utf-8 Quantum Machine Learning for Classification Task **Demonstrations on some common setups and techniques** Overview W...;0.6728;0
tensorcircuit-ng/docs/source/tutorials/qml_scenarios.py;/qiskit_machine_learning/qiskit_machine_learning.kernels.FidelityStatevectorKernel;SWAP Test;summary;!/usr/bin/env python coding: utf-8 Quantum Machine Learning for Classification Task **Demonstrations on some common setups and techniques** Overview W...;0.6782;0
tensorcircuit-ng/docs/source/tutorials/vqe_h2o.py;/qiskit-algorithms/qiskit_algorithms.minimum_eigensolvers.adapt_vqe.AdaptVQE;Variational Quantum Eigensolver (VQE);summary;!/usr/bin/env python coding: utf-8 Variational Quantum Eigensolver (VQE) on Molecules Overview VQE is a variational algorithm for calculating the grou...;0.6621;0
tensorcircuit-ng/docs/source/tutorials/vqe_h2o.py;/qiskit-algorithms/qiskit_algorithms.minimum_eigensolvers.sampling_vqe.SamplingVQE;Variational Quantum Eigensolver (VQE);summary;!/usr/bin/env python coding: utf-8 Variational Quantum Eigensolver (VQE) on Molecules Overview VQE is a variational algorithm for calculating the grou...;0.7063;0
tensorcircuit-ng/docs/source/tutorials/vqe_h2o.py;/qiskit-algorithms/qiskit_algorithms.minimum_eigensolvers.vqe.VQE;Variational Quantum Eigensolver (VQE);summary;!/usr/bin/env python coding: utf-8 Variational Quantum Eigensolver (VQE) on Molecules Overview VQE is a variational algorithm for calculating the grou...;0.7952;0
tensorcircuit-ng/docs/source/whitepaper/4-gradient-optimization.py;/qiskit_machine_learning/qiskit_machine_learning.gradients.QFI;Variational Quantum Algorithm (VQA);summary;!/usr/bin/env python coding: utf-8 Gradient and Variational Optimization Overview TensorCircuit is designed to make optimization of parameterized quan...;0.6585;0
tensorcircuit-ng/docs/source/whitepaper/4-gradient-optimization.py;/qiskit_machine_learning/qiskit_machine_learning.gradients.LinCombQGT;Variational Quantum Algorithm (VQA);summary;!/usr/bin/env python coding: utf-8 Gradient and Variational Optimization Overview TensorCircuit is designed to make optimization of parameterized quan...;0.6913;0
tensorcircuit/docs/source/tutorials/gradient_benchmark.py;/qiskit_machine_learning/qiskit_machine_learning.gradients.QFI;Variational Quantum Algorithm (VQA);name;QFI;1.0000;99
tensorcircuit/docs/source/tutorials/gradient_benchmark_cn.py;/qiskit_machine_learning/qiskit_machine_learning.gradients.QFI;Variational Quantum Algorithm (VQA);name;QFI;1.0000;99
tensorcircuit/docs/source/tutorials/imag_time_evo.py;/qiskit-algorithms/qiskit_algorithms.time_evolvers.variational.var_qite.VarQITE;Variational Quantum Algorithm (VQA);summary;!/usr/bin/env python coding: utf-8 Solving the Ground State of Hamiltonian by Imaginary-time Evolution Overview Imaginary-time evolution (IME) is a me...;0.6776;0
tensorcircuit/docs/source/tutorials/mera.py;/pennylane/pennylane.templates.tensornetworks.mera.MERA;Quantum Neural Network (QNN);name;MERA;1.0000;103
tensorcircuit/docs/source/tutorials/mera_cn.py;/pennylane/pennylane.templates.tensornetworks.mera.MERA;Quantum Neural Network (QNN);name;MERA;1.0000;103
tensorcircuit/docs/source/tutorials/nnvqe.py;/pennylane/pennylane.templates.tensornetworks.mera.MERA;Quantum Neural Network (QNN);name;MERA;1.0000;122
tensorcircuit/docs/source/tutorials/nnvqe_cn.py;/pennylane/pennylane.templates.tensornetworks.mera.MERA;Quantum Neural Network (QNN);name;MERA;1.0000;122
tensorcircuit/docs/source/tutorials/portfolio_optimization.py;/qiskit-algorithms/qiskit_algorithms.minimum_eigensolvers.qaoa.QAOA;Quantum Approximate Optimization Algorithm (QAOA);summary;!/usr/bin/env python coding: utf-8 Portfolio Optimization In this tutorial, we demonstrate the transformation of financial portfolio optimization into...;0.7065;0
tensorcircuit/docs/source/tutorials/qaoa.py;/qiskit-algorithms/qiskit_algorithms.minimum_eigensolvers.qaoa.QAOA;Quantum Approximate Optimization Algorithm (QAOA);summary;!/usr/bin/env python coding: utf-8 Quantum Approximation Optimization Algorithm (QAOA) Overview QAOA is a hybrid classical-quantum algorithm that comb...;0.7273;0
tensorcircuit/docs/source/tutorials/qaoa_nae3sat.py;/qiskit-algorithms/qiskit_algorithms.minimum_eigensolvers.qaoa.QAOA;Quantum Approximate Optimization Algorithm (QAOA);summary;!/usr/bin/env python coding: utf-8 Quantum Approximation Optimization Algorithm (QAOA) for Not-all-equal 3-satisfiability (NAE3SAT) Overview Quantum A...;0.7787;0
tensorcircuit/docs/source/tutorials/qaoa_quantum_dropout.py;/qiskit-algorithms/qiskit_algorithms.minimum_eigensolvers.qaoa.QAOA;Quantum Approximate Optimization Algorithm (QAOA);summary;!/usr/bin/env python coding: utf-8 Quantum Dropout for QAOA Overview Quantum Approximation Optimization Algorithm (QAOA) is a hybrid classical-quantum...;0.6739;0
tensorcircuit/docs/source/tutorials/qml_scenarios.py;/qiskit_machine_learning/qiskit_machine_learning.algorithms.classifiers.NeuralNetworkClassifier;Quantum Neural Network (QNN);summary;!/usr/bin/env python coding: utf-8 Quantum Machine Learning for Classification Task **Demonstrations on some common setups and techniques** Overview W...;0.7776;0
tensorcircuit/docs/source/tutorials/qml_scenarios.py;/qiskit_machine_learning/qiskit_machine_learning.algorithms.classifiers.QSVC;SWAP Test;summary;!/usr/bin/env python coding: utf-8 Quantum Machine Learning for Classification Task **Demonstrations on some common setups and techniques** Overview W...;0.6745;0
tensorcircuit/docs/source/tutorials/qml_scenarios.py;/qiskit_machine_learning/qiskit_machine_learning.algorithms.regressors.NeuralNetworkRegressor;Quantum Neural Network (QNN);summary;!/usr/bin/env python coding: utf-8 Quantum Machine Learning for Classification Task **Demonstrations on some common setups and techniques** Overview W...;0.6728;0
tensorcircuit/docs/source/tutorials/qml_scenarios.py;/qiskit_machine_learning/qiskit_machine_learning.kernels.FidelityStatevectorKernel;SWAP Test;summary;!/usr/bin/env python coding: utf-8 Quantum Machine Learning for Classification Task **Demonstrations on some common setups and techniques** Overview W...;0.6782;0
tensorcircuit/docs/source/tutorials/vqe_h2o.py;/qiskit-algorithms/qiskit_algorithms.minimum_eigensolvers.adapt_vqe.AdaptVQE;Variational Quantum Eigensolver (VQE);summary;!/usr/bin/env python coding: utf-8 Variational Quantum Eigensolver (VQE) on Molecules Overview VQE is a variational algorithm for calculating the grou...;0.6621;0
tensorcircuit/docs/source/tutorials/vqe_h2o.py;/qiskit-algorithms/qiskit_algorithms.minimum_eigensolvers.sampling_vqe.SamplingVQE;Variational Quantum Eigensolver (VQE);summary;!/usr/bin/env python coding: utf-8 Variational Quantum Eigensolver (VQE) on Molecules Overview VQE is a variational algorithm for calculating the grou...;0.7063;0
tensorcircuit/docs/source/tutorials/vqe_h2o.py;/qiskit-algorithms/qiskit_algorithms.minimum_eigensolvers.vqe.VQE;Variational Quantum Eigensolver (VQE);summary;!/usr/bin/env python coding: utf-8 Variational Quantum Eigensolver (VQE) on Molecules Overview VQE is a variational algorithm for calculating the grou...;0.7952;0
tensorcircuit/docs/source/whitepaper/4-gradient-optimization.py;/qiskit_machine_learning/qiskit_machine_learning.gradients.QFI;Variational Quantum Algorithm (VQA);summary;!/usr/bin/env python coding: utf-8 Gradient and Variational Optimization Overview TensorCircuit is designed to make optimization of parameterized quan...;0.6585;0
tensorcircuit/docs/source/whitepaper/4-gradient-optimization.py;/qiskit_machine_learning/qiskit_machine_learning.gradients.LinCombQGT;Variational Quantum Algorithm (VQA);summary;!/usr/bin/env python coding: utf-8 Gradient and Variational Optimization Overview TensorCircuit is designed to make optimization of parameterized quan...;0.6913;0
tensorflow-quantum/docs/tutorials/quantum_reinforcement_learning.py;/pennylane/pennylane.templates.layers.strongly_entangling.StronglyEntanglingLayers;Variational Quantum Algorithm (VQA);name;entangling_layer;0.9088;165
thewalrus/docs/gallery/hafnian_tutorial.py;/qiskit/qiskit.circuit.library.generalized_gates.diagonal.Diagonal;Circuit Construction Utility;name;diagonal;1.0000;101
thewalrus/docs/gallery/permanent_tutorial.py;/qiskit/qiskit.circuit.library.generalized_gates.diagonal.Diagonal;Circuit Construction Utility;name;diagonal;1.0000;97
torchquantum/examples/ICCAD22_tutorial/sec1_basic.py;/pennylane/pennylane.templates.layers.random.RandomLayers;Variational Quantum Algorithm (VQA);name;RandomLayer;0.9636;200
torchquantum/examples/ICCAD22_tutorial/sec1_basic.py;/qiskit-algorithms/qiskit_algorithms.minimum_eigensolvers.vqe.VQE;Variational Quantum Eigensolver (VQE);name;VQE;1.0000;581
torchquantum/examples/ICCAD22_tutorial/sec3_gate.py;/pennylane/pennylane.templates.layers.random.RandomLayers;Variational Quantum Algorithm (VQA);name;RandomLayer;0.9636;1022
torchquantum/examples/QCE22_tutorial/sec1_basic.py;/pennylane/pennylane.templates.layers.random.RandomLayers;Variational Quantum Algorithm (VQA);name;RandomLayer;0.9636;200
torchquantum/examples/QCE22_tutorial/sec1_basic.py;/qiskit-algorithms/qiskit_algorithms.minimum_eigensolvers.vqe.VQE;Variational Quantum Eigensolver (VQE);name;VQE;1.0000;606
torchquantum/examples/QCE22_tutorial/sec2_gate.py;/pennylane/pennylane.templates.layers.random.RandomLayers;Variational Quantum Algorithm (VQA);name;RandomLayer;0.9636;1022
torchquantum/examples/quanvolution/quanvolution.py;/pennylane/pennylane.templates.layers.random.RandomLayers;Variational Quantum Algorithm (VQA);name;RandomLayer;0.9636;151
torchquantum/sec1_basic.py;/pennylane/pennylane.templates.layers.random.RandomLayers;Variational Quantum Algorithm (VQA);name;RandomLayer;0.9636;214
torchquantum/sec1_basic.py;/qiskit-algorithms/qiskit_algorithms.minimum_eigensolvers.vqe.VQE;Variational Quantum Eigensolver (VQE);name;VQE;1.0000;619
torchquantum/sec2_gate.py;/pennylane/pennylane.templates.layers.random.RandomLayers;Variational Quantum Algorithm (VQA);name;RandomLayer;0.9636;1076
