file_path;concept_name;pattern;match_type;matched_text;similarity_score;first_line
docs/lowercase_filter.py;/classiq/open_library.functions.state_preparation.prepare_int;N/A;summary;This code is part of a Qiskit project. (C) Copyright IBM 2021, 2023. This code is licensed under the Apache License, Version 2.0. You may obtain a cop...;0.6942;0
docs/lowercase_filter.py;/pennylane/pennylane.templates.layers.gate_fabric.GateFabric;Variational Quantum Algorithm (VQA);summary;This code is part of a Qiskit project. (C) Copyright IBM 2021, 2023. This code is licensed under the Apache License, Version 2.0. You may obtain a cop...;0.6782;0
docs/lowercase_filter.py;/classiq/open_library.functions.qsvt.qsvt_lcu;Domain Specific Application;summary;This code is part of a Qiskit project. (C) Copyright IBM 2021, 2023. This code is licensed under the Apache License, Version 2.0. You may obtain a cop...;0.6772;0
docs/lowercase_filter.py;/classiq/open_library.functions.state_preparation.inplace_prepare_int;N/A;summary;This code is part of a Qiskit project. (C) Copyright IBM 2021, 2023. This code is licensed under the Apache License, Version 2.0. You may obtain a cop...;0.6753;0
docs/lowercase_filter.py;/qiskit/qiskit.circuit.library.arithmetic.quadratic_form.QuadraticFormGate;Quantum Arithmetic;summary;This code is part of a Qiskit project. (C) Copyright IBM 2021, 2023. This code is licensed under the Apache License, Version 2.0. You may obtain a cop...;0.6695;0
docs/lowercase_filter.py;/pennylane/pennylane.templates.layers.cv_neural_net.CVNeuralNetLayers;Quantum Neural Network (QNN);summary;This code is part of a Qiskit project. (C) Copyright IBM 2021, 2023. This code is licensed under the Apache License, Version 2.0. You may obtain a cop...;0.6690;0
docs/lowercase_filter.py;/classiq/open_library.functions.modular_exponentiation.c_modular_multiply;Quantum Arithmetic;summary;This code is part of a Qiskit project. (C) Copyright IBM 2021, 2023. This code is licensed under the Apache License, Version 2.0. You may obtain a cop...;0.6679;0
docs/lowercase_filter.py;/classiq/open_library.functions.discrete_sine_cosine_transform.qct_type2;Basis Change;summary;This code is part of a Qiskit project. (C) Copyright IBM 2021, 2023. This code is licensed under the Apache License, Version 2.0. You may obtain a cop...;0.6675;0
docs/lowercase_filter.py;/classiq/open_library.functions.discrete_sine_cosine_transform.qst_type2;Basis Change;summary;This code is part of a Qiskit project. (C) Copyright IBM 2021, 2023. This code is licensed under the Apache License, Version 2.0. You may obtain a cop...;0.6672;0
docs/lowercase_filter.py;/classiq/open_library.functions.qsvt.qsvt;Domain Specific Application;summary;This code is part of a Qiskit project. (C) Copyright IBM 2021, 2023. This code is licensed under the Apache License, Version 2.0. You may obtain a cop...;0.6657;0
docs/lowercase_filter.py;/classiq/open_library.functions.discrete_sine_cosine_transform.qct_qst_type2;Basis Change;summary;This code is part of a Qiskit project. (C) Copyright IBM 2021, 2023. This code is licensed under the Apache License, Version 2.0. You may obtain a cop...;0.6656;0
docs/lowercase_filter.py;/classiq/open_library.functions.qsvt.qsvt_step;Domain Specific Application;summary;This code is part of a Qiskit project. (C) Copyright IBM 2021, 2023. This code is licensed under the Apache License, Version 2.0. You may obtain a cop...;0.6650;0
docs/lowercase_filter.py;/pennylane/pennylane.templates.subroutines.aqft.AQFT;Basis Change;summary;This code is part of a Qiskit project. (C) Copyright IBM 2021, 2023. This code is licensed under the Apache License, Version 2.0. You may obtain a cop...;0.6620;0
docs/lowercase_filter.py;/pennylane/pennylane.templates.subroutines.qft.QFT;Basis Change;summary;This code is part of a Qiskit project. (C) Copyright IBM 2021, 2023. This code is licensed under the Apache License, Version 2.0. You may obtain a cop...;0.6575;0
docs/lowercase_filter.py;/classiq/open_library.functions.modular_exponentiation.inplace_c_modular_multiply;Quantum Arithmetic;summary;This code is part of a Qiskit project. (C) Copyright IBM 2021, 2023. This code is licensed under the Apache License, Version 2.0. You may obtain a cop...;0.6542;0
docs/lowercase_filter.py;/classiq/open_library.functions.qsvt.qsvt_lcu_step;Domain Specific Application;summary;This code is part of a Qiskit project. (C) Copyright IBM 2021, 2023. This code is licensed under the Apache License, Version 2.0. You may obtain a cop...;0.6520;0
docs/lowercase_filter.py;/classiq/open_library.functions.modular_exponentiation.modular_multiply;Quantum Arithmetic;summary;This code is part of a Qiskit project. (C) Copyright IBM 2021, 2023. This code is licensed under the Apache License, Version 2.0. You may obtain a cop...;0.6512;0
docs/tutorials/tutorial_magics.py;/classiq/open_library.functions.state_preparation.prepare_int;N/A;summary;This code is part of a Qiskit project (C) Copyright IBM 2017, 2024 This code is licensed under the Apache License, Version 2.0. You may obtain a copy ...;0.7056;0
docs/tutorials/tutorial_magics.py;/classiq/open_library.functions.state_preparation.inplace_prepare_int;N/A;summary;This code is part of a Qiskit project (C) Copyright IBM 2017, 2024 This code is licensed under the Apache License, Version 2.0. You may obtain a copy ...;0.6964;0
docs/tutorials/tutorial_magics.py;/pennylane/pennylane.templates.subroutines.qrom.QROM;Data Encoding;summary;This code is part of a Qiskit project (C) Copyright IBM 2017, 2024 This code is licensed under the Apache License, Version 2.0. You may obtain a copy ...;0.6659;0
docs/tutorials/tutorial_magics.py;/pennylane/pennylane.templates.layers.gate_fabric.GateFabric;Variational Quantum Algorithm (VQA);summary;This code is part of a Qiskit project (C) Copyright IBM 2017, 2024 This code is licensed under the Apache License, Version 2.0. You may obtain a copy ...;0.6616;0
docs/tutorials/tutorial_magics.py;/classiq/open_library.functions.qft_functions.qft_no_swap;Basis Change;summary;This code is part of a Qiskit project (C) Copyright IBM 2017, 2024 This code is licensed under the Apache License, Version 2.0. You may obtain a copy ...;0.6615;0
qiskit_finance/__init__.py;/classiq/open_library.functions.state_preparation.prepare_int;N/A;summary;This code is part of a Qiskit project. (C) Copyright IBM 2019, 2024. This code is licensed under the Apache License, Version 2.0. You may obtain a cop...;0.6765;0
qiskit_finance/__init__.py;/classiq/open_library.functions.state_preparation.inplace_prepare_int;N/A;summary;This code is part of a Qiskit project. (C) Copyright IBM 2019, 2024. This code is licensed under the Apache License, Version 2.0. You may obtain a cop...;0.6559;0
qiskit_finance/__init__.py;/classiq/open_library.functions.qsvt.qsvt_lcu;Domain Specific Application;summary;This code is part of a Qiskit project. (C) Copyright IBM 2019, 2024. This code is licensed under the Apache License, Version 2.0. You may obtain a cop...;0.6554;0
qiskit_finance/__init__.py;/pennylane/pennylane.templates.layers.gate_fabric.GateFabric;Variational Quantum Algorithm (VQA);summary;This code is part of a Qiskit project. (C) Copyright IBM 2019, 2024. This code is licensed under the Apache License, Version 2.0. You may obtain a cop...;0.6514;0
qiskit_finance/applications/__init__.py;/classiq/open_library.functions.state_preparation.prepare_int;N/A;summary;This code is part of a Qiskit project. (C) Copyright IBM 2020, 2023. This code is licensed under the Apache License, Version 2.0. You may obtain a cop...;0.6742;0
qiskit_finance/applications/__init__.py;/classiq/open_library.functions.qsvt.qsvt_lcu;Domain Specific Application;summary;This code is part of a Qiskit project. (C) Copyright IBM 2020, 2023. This code is licensed under the Apache License, Version 2.0. You may obtain a cop...;0.6556;0
qiskit_finance/applications/__init__.py;/classiq/open_library.functions.state_preparation.inplace_prepare_int;N/A;summary;This code is part of a Qiskit project. (C) Copyright IBM 2020, 2023. This code is licensed under the Apache License, Version 2.0. You may obtain a cop...;0.6555;0
qiskit_finance/applications/__init__.py;/pennylane/pennylane.templates.layers.gate_fabric.GateFabric;Variational Quantum Algorithm (VQA);summary;This code is part of a Qiskit project. (C) Copyright IBM 2020, 2023. This code is licensed under the Apache License, Version 2.0. You may obtain a cop...;0.6535;0
qiskit_finance/applications/estimation/__init__.py;/classiq/open_library.functions.state_preparation.prepare_int;N/A;summary;This code is part of a Qiskit project. (C) Copyright IBM 2019, 2023. This code is licensed under the Apache License, Version 2.0. You may obtain a cop...;0.6734;0
qiskit_finance/applications/estimation/__init__.py;/classiq/open_library.functions.qsvt.qsvt_lcu;Domain Specific Application;summary;This code is part of a Qiskit project. (C) Copyright IBM 2019, 2023. This code is licensed under the Apache License, Version 2.0. You may obtain a cop...;0.6544;0
qiskit_finance/applications/estimation/__init__.py;/pennylane/pennylane.templates.layers.gate_fabric.GateFabric;Variational Quantum Algorithm (VQA);summary;This code is part of a Qiskit project. (C) Copyright IBM 2019, 2023. This code is licensed under the Apache License, Version 2.0. You may obtain a cop...;0.6537;0
qiskit_finance/applications/estimation/__init__.py;/classiq/open_library.functions.state_preparation.inplace_prepare_int;N/A;summary;This code is part of a Qiskit project. (C) Copyright IBM 2019, 2023. This code is licensed under the Apache License, Version 2.0. You may obtain a cop...;0.6535;0
qiskit_finance/applications/estimation/estimation_application.py;/classiq/open_library.functions.state_preparation.prepare_int;N/A;summary;This code is part of a Qiskit project. (C) Copyright IBM 2018, 2023. This code is licensed under the Apache License, Version 2.0. You may obtain a cop...;0.6746;0
qiskit_finance/applications/estimation/estimation_application.py;/classiq/open_library.functions.qsvt.qsvt_lcu;Domain Specific Application;summary;This code is part of a Qiskit project. (C) Copyright IBM 2018, 2023. This code is licensed under the Apache License, Version 2.0. You may obtain a cop...;0.6583;0
qiskit_finance/applications/estimation/estimation_application.py;/pennylane/pennylane.templates.layers.gate_fabric.GateFabric;Variational Quantum Algorithm (VQA);summary;This code is part of a Qiskit project. (C) Copyright IBM 2018, 2023. This code is licensed under the Apache License, Version 2.0. You may obtain a cop...;0.6573;0
qiskit_finance/applications/estimation/estimation_application.py;/classiq/open_library.functions.state_preparation.inplace_prepare_int;N/A;summary;This code is part of a Qiskit project. (C) Copyright IBM 2018, 2023. This code is licensed under the Apache License, Version 2.0. You may obtain a cop...;0.6565;0
qiskit_finance/applications/estimation/estimation_application.py;/classiq/open_library.functions.discrete_sine_cosine_transform.qct_type2;Basis Change;summary;This code is part of a Qiskit project. (C) Copyright IBM 2018, 2023. This code is licensed under the Apache License, Version 2.0. You may obtain a cop...;0.6544;0
qiskit_finance/applications/estimation/estimation_application.py;/classiq/open_library.functions.qsvt.qsvt_step;Domain Specific Application;summary;This code is part of a Qiskit project. (C) Copyright IBM 2018, 2023. This code is licensed under the Apache License, Version 2.0. You may obtain a cop...;0.6526;0
qiskit_finance/applications/estimation/estimation_application.py;/classiq/open_library.functions.discrete_sine_cosine_transform.qst_type2;Basis Change;summary;This code is part of a Qiskit project. (C) Copyright IBM 2018, 2023. This code is licensed under the Apache License, Version 2.0. You may obtain a cop...;0.6510;0
qiskit_finance/applications/estimation/estimation_application.py;/classiq/open_library.functions.discrete_sine_cosine_transform.qct_qst_type2;Basis Change;summary;This code is part of a Qiskit project. (C) Copyright IBM 2018, 2023. This code is licensed under the Apache License, Version 2.0. You may obtain a cop...;0.6500;0
qiskit_finance/applications/estimation/european_call_delta.py;/classiq/open_library.functions.state_preparation.prepare_int;N/A;summary;This code is part of a Qiskit project. (C) Copyright IBM 2018, 2023. This code is licensed under the Apache License, Version 2.0. You may obtain a cop...;0.6746;0
qiskit_finance/applications/estimation/european_call_delta.py;/classiq/open_library.functions.qsvt.qsvt_lcu;Domain Specific Application;summary;This code is part of a Qiskit project. (C) Copyright IBM 2018, 2023. This code is licensed under the Apache License, Version 2.0. You may obtain a cop...;0.6583;0
qiskit_finance/applications/estimation/european_call_delta.py;/pennylane/pennylane.templates.layers.gate_fabric.GateFabric;Variational Quantum Algorithm (VQA);summary;This code is part of a Qiskit project. (C) Copyright IBM 2018, 2023. This code is licensed under the Apache License, Version 2.0. You may obtain a cop...;0.6573;0
qiskit_finance/applications/estimation/european_call_delta.py;/classiq/open_library.functions.state_preparation.inplace_prepare_int;N/A;summary;This code is part of a Qiskit project. (C) Copyright IBM 2018, 2023. This code is licensed under the Apache License, Version 2.0. You may obtain a cop...;0.6565;0
qiskit_finance/applications/estimation/european_call_delta.py;/classiq/open_library.functions.discrete_sine_cosine_transform.qct_type2;Basis Change;summary;This code is part of a Qiskit project. (C) Copyright IBM 2018, 2023. This code is licensed under the Apache License, Version 2.0. You may obtain a cop...;0.6544;0
qiskit_finance/applications/estimation/european_call_delta.py;/classiq/open_library.functions.qsvt.qsvt_step;Domain Specific Application;summary;This code is part of a Qiskit project. (C) Copyright IBM 2018, 2023. This code is licensed under the Apache License, Version 2.0. You may obtain a cop...;0.6526;0
qiskit_finance/applications/estimation/european_call_delta.py;/classiq/open_library.functions.discrete_sine_cosine_transform.qst_type2;Basis Change;summary;This code is part of a Qiskit project. (C) Copyright IBM 2018, 2023. This code is licensed under the Apache License, Version 2.0. You may obtain a cop...;0.6510;0
qiskit_finance/applications/estimation/european_call_delta.py;/classiq/open_library.functions.discrete_sine_cosine_transform.qct_qst_type2;Basis Change;summary;This code is part of a Qiskit project. (C) Copyright IBM 2018, 2023. This code is licensed under the Apache License, Version 2.0. You may obtain a cop...;0.6500;0
qiskit_finance/applications/estimation/european_call_delta.py;/qiskit-algorithms/qiskit_algorithms.amplitude_estimators.estimation_problem.EstimationProblem;Quantum Amplitude Estimation;name;EstimationProblem;1.0000;69
qiskit_finance/applications/estimation/european_call_pricing.py;/classiq/open_library.functions.state_preparation.prepare_int;N/A;summary;This code is part of a Qiskit project. (C) Copyright IBM 2018, 2023. This code is licensed under the Apache License, Version 2.0. You may obtain a cop...;0.6746;0
qiskit_finance/applications/estimation/european_call_pricing.py;/classiq/open_library.functions.qsvt.qsvt_lcu;Domain Specific Application;summary;This code is part of a Qiskit project. (C) Copyright IBM 2018, 2023. This code is licensed under the Apache License, Version 2.0. You may obtain a cop...;0.6583;0
qiskit_finance/applications/estimation/european_call_pricing.py;/pennylane/pennylane.templates.layers.gate_fabric.GateFabric;Variational Quantum Algorithm (VQA);summary;This code is part of a Qiskit project. (C) Copyright IBM 2018, 2023. This code is licensed under the Apache License, Version 2.0. You may obtain a cop...;0.6573;0
qiskit_finance/applications/estimation/european_call_pricing.py;/classiq/open_library.functions.state_preparation.inplace_prepare_int;N/A;summary;This code is part of a Qiskit project. (C) Copyright IBM 2018, 2023. This code is licensed under the Apache License, Version 2.0. You may obtain a cop...;0.6565;0
qiskit_finance/applications/estimation/european_call_pricing.py;/classiq/open_library.functions.discrete_sine_cosine_transform.qct_type2;Basis Change;summary;This code is part of a Qiskit project. (C) Copyright IBM 2018, 2023. This code is licensed under the Apache License, Version 2.0. You may obtain a cop...;0.6544;0
qiskit_finance/applications/estimation/european_call_pricing.py;/classiq/open_library.functions.qsvt.qsvt_step;Domain Specific Application;summary;This code is part of a Qiskit project. (C) Copyright IBM 2018, 2023. This code is licensed under the Apache License, Version 2.0. You may obtain a cop...;0.6526;0
qiskit_finance/applications/estimation/european_call_pricing.py;/classiq/open_library.functions.discrete_sine_cosine_transform.qst_type2;Basis Change;summary;This code is part of a Qiskit project. (C) Copyright IBM 2018, 2023. This code is licensed under the Apache License, Version 2.0. You may obtain a cop...;0.6510;0
qiskit_finance/applications/estimation/european_call_pricing.py;/classiq/open_library.functions.discrete_sine_cosine_transform.qct_qst_type2;Basis Change;summary;This code is part of a Qiskit project. (C) Copyright IBM 2018, 2023. This code is licensed under the Apache License, Version 2.0. You may obtain a cop...;0.6500;0
qiskit_finance/applications/estimation/european_call_pricing.py;/qiskit-algorithms/qiskit_algorithms.amplitude_estimators.estimation_problem.EstimationProblem;Quantum Amplitude Estimation;name;EstimationProblem;1.0000;74
qiskit_finance/applications/estimation/fixed_income_pricing.py;/classiq/open_library.functions.state_preparation.prepare_int;N/A;summary;This code is part of a Qiskit project. (C) Copyright IBM 2018, 2023. This code is licensed under the Apache License, Version 2.0. You may obtain a cop...;0.6746;0
qiskit_finance/applications/estimation/fixed_income_pricing.py;/classiq/open_library.functions.qsvt.qsvt_lcu;Domain Specific Application;summary;This code is part of a Qiskit project. (C) Copyright IBM 2018, 2023. This code is licensed under the Apache License, Version 2.0. You may obtain a cop...;0.6583;0
qiskit_finance/applications/estimation/fixed_income_pricing.py;/pennylane/pennylane.templates.layers.gate_fabric.GateFabric;Variational Quantum Algorithm (VQA);summary;This code is part of a Qiskit project. (C) Copyright IBM 2018, 2023. This code is licensed under the Apache License, Version 2.0. You may obtain a cop...;0.6573;0
qiskit_finance/applications/estimation/fixed_income_pricing.py;/classiq/open_library.functions.state_preparation.inplace_prepare_int;N/A;summary;This code is part of a Qiskit project. (C) Copyright IBM 2018, 2023. This code is licensed under the Apache License, Version 2.0. You may obtain a cop...;0.6565;0
qiskit_finance/applications/estimation/fixed_income_pricing.py;/classiq/open_library.functions.discrete_sine_cosine_transform.qct_type2;Basis Change;summary;This code is part of a Qiskit project. (C) Copyright IBM 2018, 2023. This code is licensed under the Apache License, Version 2.0. You may obtain a cop...;0.6544;0
qiskit_finance/applications/estimation/fixed_income_pricing.py;/classiq/open_library.functions.qsvt.qsvt_step;Domain Specific Application;summary;This code is part of a Qiskit project. (C) Copyright IBM 2018, 2023. This code is licensed under the Apache License, Version 2.0. You may obtain a cop...;0.6526;0
qiskit_finance/applications/estimation/fixed_income_pricing.py;/classiq/open_library.functions.discrete_sine_cosine_transform.qst_type2;Basis Change;summary;This code is part of a Qiskit project. (C) Copyright IBM 2018, 2023. This code is licensed under the Apache License, Version 2.0. You may obtain a cop...;0.6510;0
qiskit_finance/applications/estimation/fixed_income_pricing.py;/classiq/open_library.functions.discrete_sine_cosine_transform.qct_qst_type2;Basis Change;summary;This code is part of a Qiskit project. (C) Copyright IBM 2018, 2023. This code is licensed under the Apache License, Version 2.0. You may obtain a cop...;0.6500;0
qiskit_finance/applications/estimation/fixed_income_pricing.py;/qiskit-algorithms/qiskit_algorithms.amplitude_estimators.estimation_problem.EstimationProblem;Quantum Amplitude Estimation;name;EstimationProblem;1.0000;92
qiskit_finance/applications/optimization/__init__.py;/classiq/open_library.functions.state_preparation.prepare_int;N/A;summary;This code is part of a Qiskit project. (C) Copyright IBM 2019, 2023. This code is licensed under the Apache License, Version 2.0. You may obtain a cop...;0.6734;0
qiskit_finance/applications/optimization/__init__.py;/classiq/open_library.functions.qsvt.qsvt_lcu;Domain Specific Application;summary;This code is part of a Qiskit project. (C) Copyright IBM 2019, 2023. This code is licensed under the Apache License, Version 2.0. You may obtain a cop...;0.6544;0
qiskit_finance/applications/optimization/__init__.py;/pennylane/pennylane.templates.layers.gate_fabric.GateFabric;Variational Quantum Algorithm (VQA);summary;This code is part of a Qiskit project. (C) Copyright IBM 2019, 2023. This code is licensed under the Apache License, Version 2.0. You may obtain a cop...;0.6537;0
qiskit_finance/applications/optimization/__init__.py;/classiq/open_library.functions.state_preparation.inplace_prepare_int;N/A;summary;This code is part of a Qiskit project. (C) Copyright IBM 2019, 2023. This code is licensed under the Apache License, Version 2.0. You may obtain a cop...;0.6535;0
qiskit_finance/applications/optimization/portfolio_diversification.py;/classiq/open_library.functions.state_preparation.prepare_int;N/A;summary;This code is part of a Qiskit project. (C) Copyright IBM 2018, 2023. This code is licensed under the Apache License, Version 2.0. You may obtain a cop...;0.6746;0
qiskit_finance/applications/optimization/portfolio_diversification.py;/classiq/open_library.functions.qsvt.qsvt_lcu;Domain Specific Application;summary;This code is part of a Qiskit project. (C) Copyright IBM 2018, 2023. This code is licensed under the Apache License, Version 2.0. You may obtain a cop...;0.6583;0
qiskit_finance/applications/optimization/portfolio_diversification.py;/pennylane/pennylane.templates.layers.gate_fabric.GateFabric;Variational Quantum Algorithm (VQA);summary;This code is part of a Qiskit project. (C) Copyright IBM 2018, 2023. This code is licensed under the Apache License, Version 2.0. You may obtain a cop...;0.6573;0
qiskit_finance/applications/optimization/portfolio_diversification.py;/classiq/open_library.functions.state_preparation.inplace_prepare_int;N/A;summary;This code is part of a Qiskit project. (C) Copyright IBM 2018, 2023. This code is licensed under the Apache License, Version 2.0. You may obtain a cop...;0.6565;0
qiskit_finance/applications/optimization/portfolio_diversification.py;/classiq/open_library.functions.discrete_sine_cosine_transform.qct_type2;Basis Change;summary;This code is part of a Qiskit project. (C) Copyright IBM 2018, 2023. This code is licensed under the Apache License, Version 2.0. You may obtain a cop...;0.6544;0
qiskit_finance/applications/optimization/portfolio_diversification.py;/classiq/open_library.functions.qsvt.qsvt_step;Domain Specific Application;summary;This code is part of a Qiskit project. (C) Copyright IBM 2018, 2023. This code is licensed under the Apache License, Version 2.0. You may obtain a cop...;0.6526;0
qiskit_finance/applications/optimization/portfolio_diversification.py;/classiq/open_library.functions.discrete_sine_cosine_transform.qst_type2;Basis Change;summary;This code is part of a Qiskit project. (C) Copyright IBM 2018, 2023. This code is licensed under the Apache License, Version 2.0. You may obtain a cop...;0.6510;0
qiskit_finance/applications/optimization/portfolio_diversification.py;/classiq/open_library.functions.discrete_sine_cosine_transform.qct_qst_type2;Basis Change;summary;This code is part of a Qiskit project. (C) Copyright IBM 2018, 2023. This code is licensed under the Apache License, Version 2.0. You may obtain a cop...;0.6500;0
qiskit_finance/applications/optimization/portfolio_optimization.py;/classiq/open_library.functions.state_preparation.prepare_int;N/A;summary;This code is part of a Qiskit project. (C) Copyright IBM 2018, 2023. This code is licensed under the Apache License, Version 2.0. You may obtain a cop...;0.6746;0
qiskit_finance/applications/optimization/portfolio_optimization.py;/classiq/open_library.functions.qsvt.qsvt_lcu;Domain Specific Application;summary;This code is part of a Qiskit project. (C) Copyright IBM 2018, 2023. This code is licensed under the Apache License, Version 2.0. You may obtain a cop...;0.6583;0
qiskit_finance/applications/optimization/portfolio_optimization.py;/pennylane/pennylane.templates.layers.gate_fabric.GateFabric;Variational Quantum Algorithm (VQA);summary;This code is part of a Qiskit project. (C) Copyright IBM 2018, 2023. This code is licensed under the Apache License, Version 2.0. You may obtain a cop...;0.6573;0
qiskit_finance/applications/optimization/portfolio_optimization.py;/classiq/open_library.functions.state_preparation.inplace_prepare_int;N/A;summary;This code is part of a Qiskit project. (C) Copyright IBM 2018, 2023. This code is licensed under the Apache License, Version 2.0. You may obtain a cop...;0.6565;0
qiskit_finance/applications/optimization/portfolio_optimization.py;/classiq/open_library.functions.discrete_sine_cosine_transform.qct_type2;Basis Change;summary;This code is part of a Qiskit project. (C) Copyright IBM 2018, 2023. This code is licensed under the Apache License, Version 2.0. You may obtain a cop...;0.6544;0
qiskit_finance/applications/optimization/portfolio_optimization.py;/classiq/open_library.functions.qsvt.qsvt_step;Domain Specific Application;summary;This code is part of a Qiskit project. (C) Copyright IBM 2018, 2023. This code is licensed under the Apache License, Version 2.0. You may obtain a cop...;0.6526;0
qiskit_finance/applications/optimization/portfolio_optimization.py;/classiq/open_library.functions.discrete_sine_cosine_transform.qst_type2;Basis Change;summary;This code is part of a Qiskit project. (C) Copyright IBM 2018, 2023. This code is licensed under the Apache License, Version 2.0. You may obtain a cop...;0.6510;0
qiskit_finance/applications/optimization/portfolio_optimization.py;/classiq/open_library.functions.discrete_sine_cosine_transform.qct_qst_type2;Basis Change;summary;This code is part of a Qiskit project. (C) Copyright IBM 2018, 2023. This code is licensed under the Apache License, Version 2.0. You may obtain a cop...;0.6500;0
qiskit_finance/circuit/__init__.py;/classiq/open_library.functions.state_preparation.prepare_int;N/A;summary;This code is part of a Qiskit project. (C) Copyright IBM 2019, 2023. This code is licensed under the Apache License, Version 2.0. You may obtain a cop...;0.6734;0
qiskit_finance/circuit/__init__.py;/classiq/open_library.functions.qsvt.qsvt_lcu;Domain Specific Application;summary;This code is part of a Qiskit project. (C) Copyright IBM 2019, 2023. This code is licensed under the Apache License, Version 2.0. You may obtain a cop...;0.6544;0
qiskit_finance/circuit/__init__.py;/pennylane/pennylane.templates.layers.gate_fabric.GateFabric;Variational Quantum Algorithm (VQA);summary;This code is part of a Qiskit project. (C) Copyright IBM 2019, 2023. This code is licensed under the Apache License, Version 2.0. You may obtain a cop...;0.6537;0
qiskit_finance/circuit/__init__.py;/classiq/open_library.functions.state_preparation.inplace_prepare_int;N/A;summary;This code is part of a Qiskit project. (C) Copyright IBM 2019, 2023. This code is licensed under the Apache License, Version 2.0. You may obtain a cop...;0.6535;0
qiskit_finance/circuit/library/__init__.py;/classiq/open_library.functions.state_preparation.prepare_int;N/A;summary;This code is part of a Qiskit project. (C) Copyright IBM 2019, 2023. This code is licensed under the Apache License, Version 2.0. You may obtain a cop...;0.6734;0
qiskit_finance/circuit/library/__init__.py;/classiq/open_library.functions.qsvt.qsvt_lcu;Domain Specific Application;summary;This code is part of a Qiskit project. (C) Copyright IBM 2019, 2023. This code is licensed under the Apache License, Version 2.0. You may obtain a cop...;0.6544;0
qiskit_finance/circuit/library/__init__.py;/pennylane/pennylane.templates.layers.gate_fabric.GateFabric;Variational Quantum Algorithm (VQA);summary;This code is part of a Qiskit project. (C) Copyright IBM 2019, 2023. This code is licensed under the Apache License, Version 2.0. You may obtain a cop...;0.6537;0
qiskit_finance/circuit/library/__init__.py;/classiq/open_library.functions.state_preparation.inplace_prepare_int;N/A;summary;This code is part of a Qiskit project. (C) Copyright IBM 2019, 2023. This code is licensed under the Apache License, Version 2.0. You may obtain a cop...;0.6535;0
qiskit_finance/circuit/library/payoff_functions/__init__.py;/classiq/open_library.functions.state_preparation.prepare_int;N/A;summary;This code is part of a Qiskit project. (C) Copyright IBM 2020, 2023. This code is licensed under the Apache License, Version 2.0. You may obtain a cop...;0.6742;0
qiskit_finance/circuit/library/payoff_functions/__init__.py;/classiq/open_library.functions.qsvt.qsvt_lcu;Domain Specific Application;summary;This code is part of a Qiskit project. (C) Copyright IBM 2020, 2023. This code is licensed under the Apache License, Version 2.0. You may obtain a cop...;0.6556;0
qiskit_finance/circuit/library/payoff_functions/__init__.py;/classiq/open_library.functions.state_preparation.inplace_prepare_int;N/A;summary;This code is part of a Qiskit project. (C) Copyright IBM 2020, 2023. This code is licensed under the Apache License, Version 2.0. You may obtain a cop...;0.6555;0
qiskit_finance/circuit/library/payoff_functions/__init__.py;/pennylane/pennylane.templates.layers.gate_fabric.GateFabric;Variational Quantum Algorithm (VQA);summary;This code is part of a Qiskit project. (C) Copyright IBM 2020, 2023. This code is licensed under the Apache License, Version 2.0. You may obtain a cop...;0.6535;0
qiskit_finance/circuit/library/payoff_functions/european_call_delta_objective.py;/pennylane/pennylane.templates.subroutines.qsvt.QSVT;Domain Specific Application;summary;This code is part of a Qiskit project. (C) Copyright IBM 2018, 2023. This code is licensed under the Apache License, Version 2.0. You may obtain a cop...;0.7099;0
qiskit_finance/circuit/library/payoff_functions/european_call_delta_objective.py;/classiq/open_library.functions.qsvt.qsvt_step;Domain Specific Application;summary;This code is part of a Qiskit project. (C) Copyright IBM 2018, 2023. This code is licensed under the Apache License, Version 2.0. You may obtain a cop...;0.6990;0
qiskit_finance/circuit/library/payoff_functions/european_call_delta_objective.py;/classiq/open_library.functions.state_preparation.inplace_prepare_int;N/A;summary;This code is part of a Qiskit project. (C) Copyright IBM 2018, 2023. This code is licensed under the Apache License, Version 2.0. You may obtain a cop...;0.6987;0
qiskit_finance/circuit/library/payoff_functions/european_call_delta_objective.py;/pennylane/pennylane.templates.layers.gate_fabric.GateFabric;Variational Quantum Algorithm (VQA);summary;This code is part of a Qiskit project. (C) Copyright IBM 2018, 2023. This code is licensed under the Apache License, Version 2.0. You may obtain a cop...;0.6893;0
qiskit_finance/circuit/library/payoff_functions/european_call_delta_objective.py;/classiq/open_library.functions.qsvt.qsvt_lcu_step;Domain Specific Application;summary;This code is part of a Qiskit project. (C) Copyright IBM 2018, 2023. This code is licensed under the Apache License, Version 2.0. You may obtain a cop...;0.6891;0
qiskit_finance/circuit/library/payoff_functions/european_call_delta_objective.py;/classiq/open_library.functions.qsvt.qsvt;Domain Specific Application;summary;This code is part of a Qiskit project. (C) Copyright IBM 2018, 2023. This code is licensed under the Apache License, Version 2.0. You may obtain a cop...;0.6856;0
qiskit_finance/circuit/library/payoff_functions/european_call_delta_objective.py;/classiq/open_library.functions.utility_functions.hadamard_transform;Basis Change;summary;This code is part of a Qiskit project. (C) Copyright IBM 2018, 2023. This code is licensed under the Apache License, Version 2.0. You may obtain a cop...;0.6851;0
qiskit_finance/circuit/library/payoff_functions/european_call_delta_objective.py;/qiskit/qiskit.circuit.library.generalized_gates.diagonal.Diagonal;Circuit Construction Utility;summary;This code is part of a Qiskit project. (C) Copyright IBM 2018, 2023. This code is licensed under the Apache License, Version 2.0. You may obtain a cop...;0.6843;0
qiskit_finance/circuit/library/payoff_functions/european_call_delta_objective.py;/qiskit/qiskit.circuit.library.arithmetic.adders.draper_qft_adder.DraperQFTAdder;Quantum Arithmetic;summary;This code is part of a Qiskit project. (C) Copyright IBM 2018, 2023. This code is licensed under the Apache License, Version 2.0. You may obtain a cop...;0.6791;0
qiskit_finance/circuit/library/payoff_functions/european_call_delta_objective.py;/classiq/open_library.functions.qft_functions.qft;Basis Change;summary;This code is part of a Qiskit project. (C) Copyright IBM 2018, 2023. This code is licensed under the Apache License, Version 2.0. You may obtain a cop...;0.6790;0
qiskit_finance/circuit/library/payoff_functions/european_call_delta_objective.py;/classiq/open_library.functions.discrete_sine_cosine_transform.qct_type2;Basis Change;summary;This code is part of a Qiskit project. (C) Copyright IBM 2018, 2023. This code is licensed under the Apache License, Version 2.0. You may obtain a cop...;0.6789;0
qiskit_finance/circuit/library/payoff_functions/european_call_delta_objective.py;/classiq/open_library.functions.state_preparation.prepare_linear_amplitudes;Initialization;summary;This code is part of a Qiskit project. (C) Copyright IBM 2018, 2023. This code is licensed under the Apache License, Version 2.0. You may obtain a cop...;0.6767;0
qiskit_finance/circuit/library/payoff_functions/european_call_delta_objective.py;/pennylane/pennylane.templates.subroutines.qpe.QuantumPhaseEstimation;Quantum Phase Estimation (QPE);summary;This code is part of a Qiskit project. (C) Copyright IBM 2018, 2023. This code is licensed under the Apache License, Version 2.0. You may obtain a cop...;0.6762;0
qiskit_finance/circuit/library/payoff_functions/european_call_delta_objective.py;/classiq/open_library.functions.state_preparation.prepare_ghz_state;Creating Entanglement;summary;This code is part of a Qiskit project. (C) Copyright IBM 2018, 2023. This code is licensed under the Apache License, Version 2.0. You may obtain a cop...;0.6762;0
qiskit_finance/circuit/library/payoff_functions/european_call_delta_objective.py;/classiq/open_library.functions.qpe.qpe_flexible;Quantum Phase Estimation (QPE);summary;This code is part of a Qiskit project. (C) Copyright IBM 2018, 2023. This code is licensed under the Apache License, Version 2.0. You may obtain a cop...;0.6745;0
qiskit_finance/circuit/library/payoff_functions/european_call_delta_objective.py;/classiq/open_library.functions.state_preparation.prepare_int;N/A;summary;This code is part of a Qiskit project. (C) Copyright IBM 2018, 2023. This code is licensed under the Apache License, Version 2.0. You may obtain a cop...;0.6739;0
qiskit_finance/circuit/library/payoff_functions/european_call_delta_objective.py;/classiq/open_library.functions.discrete_sine_cosine_transform.qst_type2;Basis Change;summary;This code is part of a Qiskit project. (C) Copyright IBM 2018, 2023. This code is licensed under the Apache License, Version 2.0. You may obtain a cop...;0.6724;0
qiskit_finance/circuit/library/payoff_functions/european_call_delta_objective.py;/qiskit/qiskit.circuit.library.arithmetic.multipliers.rg_qft_multiplier.RGQFTMultiplier;Quantum Arithmetic;summary;This code is part of a Qiskit project. (C) Copyright IBM 2018, 2023. This code is licensed under the Apache License, Version 2.0. You may obtain a cop...;0.6723;0
qiskit_finance/circuit/library/payoff_functions/european_call_delta_objective.py;/classiq/open_library.functions.variational.encode_on_bloch;Data Encoding;summary;This code is part of a Qiskit project. (C) Copyright IBM 2018, 2023. This code is licensed under the Apache License, Version 2.0. You may obtain a cop...;0.6722;0
qiskit_finance/circuit/library/payoff_functions/european_call_delta_objective.py;/qiskit/qiskit.circuit.library.n_local.n_local.NLocal;Variational Quantum Algorithm (VQA);summary;This code is part of a Qiskit project. (C) Copyright IBM 2018, 2023. This code is licensed under the Apache License, Version 2.0. You may obtain a cop...;0.6722;0
qiskit_finance/circuit/library/payoff_functions/european_call_delta_objective.py;/qiskit/qiskit.circuit.library.arithmetic.quadratic_form.QuadraticFormGate;Quantum Arithmetic;summary;This code is part of a Qiskit project. (C) Copyright IBM 2018, 2023. This code is licensed under the Apache License, Version 2.0. You may obtain a cop...;0.6715;0
qiskit_finance/circuit/library/payoff_functions/european_call_delta_objective.py;/qiskit/qiskit.circuit.library.arithmetic.weighted_adder.WeightedAdder;Quantum Arithmetic;summary;This code is part of a Qiskit project. (C) Copyright IBM 2018, 2023. This code is licensed under the Apache License, Version 2.0. You may obtain a cop...;0.6706;0
qiskit_finance/circuit/library/payoff_functions/european_call_delta_objective.py;/classiq/open_library.functions.linear_pauli_rotation.linear_pauli_rotations;Data Encoding;summary;This code is part of a Qiskit project. (C) Copyright IBM 2018, 2023. This code is licensed under the Apache License, Version 2.0. You may obtain a cop...;0.6695;0
qiskit_finance/circuit/library/payoff_functions/european_call_delta_objective.py;/classiq/open_library.functions.amplitude_amplification.exact_amplitude_amplification;Amplitude Amplification;summary;This code is part of a Qiskit project. (C) Copyright IBM 2018, 2023. This code is licensed under the Apache License, Version 2.0. You may obtain a cop...;0.6694;0
qiskit_finance/circuit/library/payoff_functions/european_call_delta_objective.py;/qiskit-algorithms/qiskit_algorithms.state_fidelities.compute_uncompute.ComputeUncompute;Uncompute;summary;This code is part of a Qiskit project. (C) Copyright IBM 2018, 2023. This code is licensed under the Apache License, Version 2.0. You may obtain a cop...;0.6680;0
qiskit_finance/circuit/library/payoff_functions/european_call_delta_objective.py;/classiq/open_library.functions.qsvt.qsvt_lcu;Domain Specific Application;summary;This code is part of a Qiskit project. (C) Copyright IBM 2018, 2023. This code is licensed under the Apache License, Version 2.0. You may obtain a cop...;0.6674;0
qiskit_finance/circuit/library/payoff_functions/european_call_delta_objective.py;/pennylane/pennylane.templates.subroutines.time_evolution.trotter.TrotterizedQfunc;Hamiltonian Simulation;summary;This code is part of a Qiskit project. (C) Copyright IBM 2018, 2023. This code is licensed under the Apache License, Version 2.0. You may obtain a cop...;0.6662;0
qiskit_finance/circuit/library/payoff_functions/european_call_delta_objective.py;/qiskit/qiskit.circuit.library.data_preparation.initializer.Initialize;Initialization;summary;This code is part of a Qiskit project. (C) Copyright IBM 2018, 2023. This code is licensed under the Apache License, Version 2.0. You may obtain a cop...;0.6661;0
qiskit_finance/circuit/library/payoff_functions/european_call_delta_objective.py;/qiskit/qiskit.circuit.library.arithmetic.polynomial_pauli_rotations.PolynomialPauliRotations;Quantum Arithmetic;summary;This code is part of a Qiskit project. (C) Copyright IBM 2018, 2023. This code is licensed under the Apache License, Version 2.0. You may obtain a cop...;0.6660;0
qiskit_finance/circuit/library/payoff_functions/european_call_delta_objective.py;/pennylane/pennylane.templates.subroutines.iqp.IQP;Circuit Construction Utility;summary;This code is part of a Qiskit project. (C) Copyright IBM 2018, 2023. This code is licensed under the Apache License, Version 2.0. You may obtain a cop...;0.6630;0
qiskit_finance/circuit/library/payoff_functions/european_call_delta_objective.py;/classiq/open_library.functions.state_preparation.prepare_uniform_trimmed_state;Initialization;summary;This code is part of a Qiskit project. (C) Copyright IBM 2018, 2023. This code is licensed under the Apache License, Version 2.0. You may obtain a cop...;0.6621;0
qiskit_finance/circuit/library/payoff_functions/european_call_delta_objective.py;/pennylane/pennylane.templates.subroutines.qrom.QROM;Data Encoding;summary;This code is part of a Qiskit project. (C) Copyright IBM 2018, 2023. This code is licensed under the Apache License, Version 2.0. You may obtain a cop...;0.6621;0
qiskit_finance/circuit/library/payoff_functions/european_call_delta_objective.py;/qiskit/qiskit.circuit.library.blueprintcircuit.BlueprintCircuit;Circuit Construction Utility;summary;This code is part of a Qiskit project. (C) Copyright IBM 2018, 2023. This code is licensed under the Apache License, Version 2.0. You may obtain a cop...;0.6612;0
qiskit_finance/circuit/library/payoff_functions/european_call_delta_objective.py;/qiskit-algorithms/qiskit_algorithms.time_evolvers.variational.variational_principles.variational_principle.VariationalPrinciple;Variational Quantum Algorithm (VQA);summary;This code is part of a Qiskit project. (C) Copyright IBM 2018, 2023. This code is licensed under the Apache License, Version 2.0. You may obtain a cop...;0.6609;0
qiskit_finance/circuit/library/payoff_functions/european_call_delta_objective.py;/classiq/open_library.functions.modular_exponentiation.c_modular_multiply;Quantum Arithmetic;summary;This code is part of a Qiskit project. (C) Copyright IBM 2018, 2023. This code is licensed under the Apache License, Version 2.0. You may obtain a cop...;0.6605;0
qiskit_finance/circuit/library/payoff_functions/european_call_delta_objective.py;/classiq/open_library.functions.state_preparation.prepare_basis_state;Initialization;summary;This code is part of a Qiskit project. (C) Copyright IBM 2018, 2023. This code is licensed under the Apache License, Version 2.0. You may obtain a cop...;0.6602;0
qiskit_finance/circuit/library/payoff_functions/european_call_delta_objective.py;/classiq/open_library.functions.discrete_sine_cosine_transform.qct_qst_type2;Basis Change;summary;This code is part of a Qiskit project. (C) Copyright IBM 2018, 2023. This code is licensed under the Apache License, Version 2.0. You may obtain a cop...;0.6590;0
qiskit_finance/circuit/library/payoff_functions/european_call_delta_objective.py;/qiskit/qiskit.circuit.library.graph_state.GraphState;Circuit Construction Utility;summary;This code is part of a Qiskit project. (C) Copyright IBM 2018, 2023. This code is licensed under the Apache License, Version 2.0. You may obtain a cop...;0.6590;0
qiskit_finance/circuit/library/payoff_functions/european_call_delta_objective.py;/classiq/open_library.functions.variational.encode_in_angle;Data Encoding;summary;This code is part of a Qiskit project. (C) Copyright IBM 2018, 2023. This code is licensed under the Apache License, Version 2.0. You may obtain a cop...;0.6576;0
qiskit_finance/circuit/library/payoff_functions/european_call_delta_objective.py;/classiq/open_library.functions.grover.grover_search;Grover;summary;This code is part of a Qiskit project. (C) Copyright IBM 2018, 2023. This code is licensed under the Apache License, Version 2.0. You may obtain a cop...;0.6563;0
qiskit_finance/circuit/library/payoff_functions/european_call_delta_objective.py;/classiq/qmod.builtins.functions.exponentiation.suzuki_trotter;Hamiltonian Simulation;summary;This code is part of a Qiskit project. (C) Copyright IBM 2018, 2023. This code is licensed under the Apache License, Version 2.0. You may obtain a cop...;0.6563;0
qiskit_finance/circuit/library/payoff_functions/european_call_delta_objective.py;/qiskit/qiskit.circuit.library.generalized_gates.isometry.Isometry;Circuit Construction Utility;summary;This code is part of a Qiskit project. (C) Copyright IBM 2018, 2023. This code is licensed under the Apache License, Version 2.0. You may obtain a cop...;0.6555;0
qiskit_finance/circuit/library/payoff_functions/european_call_delta_objective.py;/qiskit/qiskit.circuit.library.phase_estimation.PhaseEstimation;Quantum Phase Estimation (QPE);summary;This code is part of a Qiskit project. (C) Copyright IBM 2018, 2023. This code is licensed under the Apache License, Version 2.0. You may obtain a cop...;0.6553;0
qiskit_finance/circuit/library/payoff_functions/european_call_delta_objective.py;/pennylane/pennylane.templates.subroutines.controlled_sequence.ControlledSequence;Quantum Phase Estimation (QPE);summary;This code is part of a Qiskit project. (C) Copyright IBM 2018, 2023. This code is licensed under the Apache License, Version 2.0. You may obtain a cop...;0.6550;0
qiskit_finance/circuit/library/payoff_functions/european_call_delta_objective.py;/classiq/open_library.functions.state_preparation.prepare_uniform_interval_state;Initialization;summary;This code is part of a Qiskit project. (C) Copyright IBM 2018, 2023. This code is licensed under the Apache License, Version 2.0. You may obtain a cop...;0.6542;0
qiskit_finance/circuit/library/payoff_functions/european_call_delta_objective.py;/qiskit/qiskit.circuit.library.arithmetic.linear_amplitude_function.LinearAmplitudeFunctionGate;Quantum Arithmetic;summary;This code is part of a Qiskit project. (C) Copyright IBM 2018, 2023. This code is licensed under the Apache License, Version 2.0. You may obtain a cop...;0.6537;0
qiskit_finance/circuit/library/payoff_functions/european_call_delta_objective.py;/pennylane/pennylane.templates.subroutines.qchem.all_singles_doubles.AllSinglesDoubles;Variational Quantum Eigensolver (VQE);summary;This code is part of a Qiskit project. (C) Copyright IBM 2018, 2023. This code is licensed under the Apache License, Version 2.0. You may obtain a cop...;0.6532;0
qiskit_finance/circuit/library/payoff_functions/european_call_delta_objective.py;/classiq/open_library.functions.modular_exponentiation.qft_space_add_const;Quantum Arithmetic;summary;This code is part of a Qiskit project. (C) Copyright IBM 2018, 2023. This code is licensed under the Apache License, Version 2.0. You may obtain a cop...;0.6531;0
qiskit_finance/circuit/library/payoff_functions/european_call_delta_objective.py;/qiskit/qiskit.circuit.library.arithmetic.integer_comparator.IntegerComparator;Quantum Arithmetic;name;IntegerComparator;1.0000;42
qiskit_finance/circuit/library/payoff_functions/european_call_delta_objective.py;/qiskit/qiskit.circuit.library.arithmetic.integer_comparator.IntegerComparatorGate;Quantum Arithmetic;name;IntegerComparator;0.9183;42
qiskit_finance/circuit/library/payoff_functions/european_call_pricing_objective.py;/qiskit/qiskit.circuit.library.arithmetic.linear_amplitude_function.LinearAmplitudeFunctionGate;Quantum Arithmetic;summary;This code is part of a Qiskit project. (C) Copyright IBM 2018, 2024. This code is licensed under the Apache License, Version 2.0. You may obtain a cop...;0.7603;0
qiskit_finance/circuit/library/payoff_functions/european_call_pricing_objective.py;/classiq/open_library.functions.state_preparation.prepare_linear_amplitudes;Initialization;summary;This code is part of a Qiskit project. (C) Copyright IBM 2018, 2024. This code is licensed under the Apache License, Version 2.0. You may obtain a cop...;0.7317;0
qiskit_finance/circuit/library/payoff_functions/european_call_pricing_objective.py;/classiq/open_library.functions.amplitude_amplification.exact_amplitude_amplification;Amplitude Amplification;summary;This code is part of a Qiskit project. (C) Copyright IBM 2018, 2024. This code is licensed under the Apache License, Version 2.0. You may obtain a cop...;0.7208;0
qiskit_finance/circuit/library/payoff_functions/european_call_pricing_objective.py;/qiskit/qiskit.circuit.library.data_preparation.initializer.Initialize;Initialization;summary;This code is part of a Qiskit project. (C) Copyright IBM 2018, 2024. This code is licensed under the Apache License, Version 2.0. You may obtain a cop...;0.7185;0
qiskit_finance/circuit/library/payoff_functions/european_call_pricing_objective.py;/pennylane/pennylane.templates.subroutines.amplitude_amplification.AmplitudeAmplification;Amplitude Amplification;summary;This code is part of a Qiskit project. (C) Copyright IBM 2018, 2024. This code is licensed under the Apache License, Version 2.0. You may obtain a cop...;0.7157;0
qiskit_finance/circuit/library/payoff_functions/european_call_pricing_objective.py;/qiskit/qiskit.circuit.library.data_preparation.state_preparation.StatePreparation;Initialization;summary;This code is part of a Qiskit project. (C) Copyright IBM 2018, 2024. This code is licensed under the Apache License, Version 2.0. You may obtain a cop...;0.7030;0
qiskit_finance/circuit/library/payoff_functions/european_call_pricing_objective.py;/pennylane/pennylane.templates.embeddings.displacement.DisplacementEmbedding;Data Encoding;summary;This code is part of a Qiskit project. (C) Copyright IBM 2018, 2024. This code is licensed under the Apache License, Version 2.0. You may obtain a cop...;0.6940;0
qiskit_finance/circuit/library/payoff_functions/european_call_pricing_objective.py;/pennylane/pennylane.templates.embeddings.squeezing.SqueezingEmbedding;Data Encoding;summary;This code is part of a Qiskit project. (C) Copyright IBM 2018, 2024. This code is licensed under the Apache License, Version 2.0. You may obtain a cop...;0.6932;0
qiskit_finance/circuit/library/payoff_functions/european_call_pricing_objective.py;/classiq/open_library.functions.state_preparation.prepare_exponential_state;Initialization;summary;This code is part of a Qiskit project. (C) Copyright IBM 2018, 2024. This code is licensed under the Apache License, Version 2.0. You may obtain a cop...;0.6931;0
qiskit_finance/circuit/library/payoff_functions/european_call_pricing_objective.py;/pennylane/pennylane.templates.embeddings.amplitude.AmplitudeEmbedding;Data Encoding;summary;This code is part of a Qiskit project. (C) Copyright IBM 2018, 2024. This code is licensed under the Apache License, Version 2.0. You may obtain a cop...;0.6896;0
qiskit_finance/circuit/library/payoff_functions/european_call_pricing_objective.py;/qiskit/qiskit.circuit.library.arithmetic.piecewise_chebyshev.PiecewiseChebyshevGate;Quantum Arithmetic;summary;This code is part of a Qiskit project. (C) Copyright IBM 2018, 2024. This code is licensed under the Apache License, Version 2.0. You may obtain a cop...;0.6881;0
qiskit_finance/circuit/library/payoff_functions/european_call_pricing_objective.py;/qiskit/qiskit.circuit.library.arithmetic.linear_pauli_rotations.LinearPauliRotationsGate;Quantum Arithmetic;summary;This code is part of a Qiskit project. (C) Copyright IBM 2018, 2024. This code is licensed under the Apache License, Version 2.0. You may obtain a cop...;0.6847;0
qiskit_finance/circuit/library/payoff_functions/european_call_pricing_objective.py;/classiq/open_library.functions.state_preparation.prepare_int;N/A;summary;This code is part of a Qiskit project. (C) Copyright IBM 2018, 2024. This code is licensed under the Apache License, Version 2.0. You may obtain a cop...;0.6794;0
qiskit_finance/circuit/library/payoff_functions/european_call_pricing_objective.py;/qiskit/qiskit.circuit.library.n_local.excitation_preserving.ExcitationPreserving;Variational Quantum Algorithm (VQA);summary;This code is part of a Qiskit project. (C) Copyright IBM 2018, 2024. This code is licensed under the Apache License, Version 2.0. You may obtain a cop...;0.6784;0
qiskit_finance/circuit/library/payoff_functions/european_call_pricing_objective.py;/classiq/open_library.functions.qsvt.qsvt_lcu;Domain Specific Application;summary;This code is part of a Qiskit project. (C) Copyright IBM 2018, 2024. This code is licensed under the Apache License, Version 2.0. You may obtain a cop...;0.6776;0
qiskit_finance/circuit/library/payoff_functions/european_call_pricing_objective.py;/qiskit/qiskit.circuit.library.arithmetic.piecewise_linear_pauli_rotations.PiecewiseLinearPauliRotationsGate;Quantum Arithmetic;summary;This code is part of a Qiskit project. (C) Copyright IBM 2018, 2024. This code is licensed under the Apache License, Version 2.0. You may obtain a cop...;0.6763;0
qiskit_finance/circuit/library/payoff_functions/european_call_pricing_objective.py;/qiskit/qiskit.circuit.library.arithmetic.piecewise_polynomial_pauli_rotations.PiecewisePolynomialPauliRotationsGate;Quantum Arithmetic;summary;This code is part of a Qiskit project. (C) Copyright IBM 2018, 2024. This code is licensed under the Apache License, Version 2.0. You may obtain a cop...;0.6754;0
qiskit_finance/circuit/library/payoff_functions/european_call_pricing_objective.py;/classiq/open_library.functions.lookup_table.span_lookup_table;Function Table;summary;This code is part of a Qiskit project. (C) Copyright IBM 2018, 2024. This code is licensed under the Apache License, Version 2.0. You may obtain a cop...;0.6750;0
qiskit_finance/circuit/library/payoff_functions/european_call_pricing_objective.py;/classiq/open_library.functions.qsvt.qsvt;Domain Specific Application;summary;This code is part of a Qiskit project. (C) Copyright IBM 2018, 2024. This code is licensed under the Apache License, Version 2.0. You may obtain a cop...;0.6740;0
qiskit_finance/circuit/library/payoff_functions/european_call_pricing_objective.py;/qiskit/qiskit.circuit.library.hidden_linear_function.HiddenLinearFunction;Oracle;summary;This code is part of a Qiskit project. (C) Copyright IBM 2018, 2024. This code is licensed under the Apache License, Version 2.0. You may obtain a cop...;0.6733;0
qiskit_finance/circuit/library/payoff_functions/european_call_pricing_objective.py;/classiq/open_library.functions.state_preparation.inplace_prepare_int;N/A;summary;This code is part of a Qiskit project. (C) Copyright IBM 2018, 2024. This code is licensed under the Apache License, Version 2.0. You may obtain a cop...;0.6726;0
qiskit_finance/circuit/library/payoff_functions/european_call_pricing_objective.py;/classiq/open_library.functions.qsvt.qsvt_step;Domain Specific Application;summary;This code is part of a Qiskit project. (C) Copyright IBM 2018, 2024. This code is licensed under the Apache License, Version 2.0. You may obtain a cop...;0.6714;0
qiskit_finance/circuit/library/payoff_functions/european_call_pricing_objective.py;/pennylane/pennylane.templates.subroutines.time_evolution.trotter.TrotterizedQfunc;Hamiltonian Simulation;summary;This code is part of a Qiskit project. (C) Copyright IBM 2018, 2024. This code is licensed under the Apache License, Version 2.0. You may obtain a cop...;0.6685;0
qiskit_finance/circuit/library/payoff_functions/european_call_pricing_objective.py;/classiq/open_library.functions.state_preparation.prepare_ghz_state;Creating Entanglement;summary;This code is part of a Qiskit project. (C) Copyright IBM 2018, 2024. This code is licensed under the Apache License, Version 2.0. You may obtain a cop...;0.6680;0
qiskit_finance/circuit/library/payoff_functions/european_call_pricing_objective.py;/pennylane/pennylane.templates.layers.gate_fabric.GateFabric;Variational Quantum Algorithm (VQA);summary;This code is part of a Qiskit project. (C) Copyright IBM 2018, 2024. This code is licensed under the Apache License, Version 2.0. You may obtain a cop...;0.6677;0
qiskit_finance/circuit/library/payoff_functions/european_call_pricing_objective.py;/classiq/open_library.functions.state_preparation.prepare_uniform_interval_state;Initialization;summary;This code is part of a Qiskit project. (C) Copyright IBM 2018, 2024. This code is licensed under the Apache License, Version 2.0. You may obtain a cop...;0.6671;0
qiskit_finance/circuit/library/payoff_functions/european_call_pricing_objective.py;/classiq/open_library.functions.qsvt.qsvt_lcu_step;Domain Specific Application;summary;This code is part of a Qiskit project. (C) Copyright IBM 2018, 2024. This code is licensed under the Apache License, Version 2.0. You may obtain a cop...;0.6667;0
qiskit_finance/circuit/library/payoff_functions/european_call_pricing_objective.py;/qiskit/qiskit.circuit.library.n_local.real_amplitudes.RealAmplitudes;Variational Quantum Algorithm (VQA);summary;This code is part of a Qiskit project. (C) Copyright IBM 2018, 2024. This code is licensed under the Apache License, Version 2.0. You may obtain a cop...;0.6659;0
qiskit_finance/circuit/library/payoff_functions/european_call_pricing_objective.py;/classiq/open_library.functions.linear_pauli_rotation.linear_pauli_rotations;Data Encoding;summary;This code is part of a Qiskit project. (C) Copyright IBM 2018, 2024. This code is licensed under the Apache License, Version 2.0. You may obtain a cop...;0.6654;0
qiskit_finance/circuit/library/payoff_functions/european_call_pricing_objective.py;/pennylane/pennylane.templates.layers.cv_neural_net.CVNeuralNetLayers;Quantum Neural Network (QNN);summary;This code is part of a Qiskit project. (C) Copyright IBM 2018, 2024. This code is licensed under the Apache License, Version 2.0. You may obtain a cop...;0.6652;0
qiskit_finance/circuit/library/payoff_functions/european_call_pricing_objective.py;/qiskit-algorithms/qiskit_algorithms.time_evolvers.variational.variational_principles.real_mc_lachlan_principle.RealMcLachlanPrinciple;Variational Quantum Algorithm (VQA);summary;This code is part of a Qiskit project. (C) Copyright IBM 2018, 2024. This code is licensed under the Apache License, Version 2.0. You may obtain a cop...;0.6652;0
qiskit_finance/circuit/library/payoff_functions/european_call_pricing_objective.py;/classiq/open_library.functions.qsvt.gqsp;Domain Specific Application;summary;This code is part of a Qiskit project. (C) Copyright IBM 2018, 2024. This code is licensed under the Apache License, Version 2.0. You may obtain a cop...;0.6648;0
qiskit_finance/circuit/library/payoff_functions/european_call_pricing_objective.py;/qiskit-algorithms/qiskit_algorithms.amplitude_estimators.amplitude_estimator.AmplitudeEstimator;Quantum Amplitude Estimation;summary;This code is part of a Qiskit project. (C) Copyright IBM 2018, 2024. This code is licensed under the Apache License, Version 2.0. You may obtain a cop...;0.6640;0
qiskit_finance/circuit/library/payoff_functions/european_call_pricing_objective.py;/qiskit/qiskit.circuit.library.arithmetic.quadratic_form.QuadraticFormGate;Quantum Arithmetic;summary;This code is part of a Qiskit project. (C) Copyright IBM 2018, 2024. This code is licensed under the Apache License, Version 2.0. You may obtain a cop...;0.6637;0
qiskit_finance/circuit/library/payoff_functions/european_call_pricing_objective.py;/classiq/open_library.functions.qft_functions.qft;Basis Change;summary;This code is part of a Qiskit project. (C) Copyright IBM 2018, 2024. This code is licensed under the Apache License, Version 2.0. You may obtain a cop...;0.6631;0
qiskit_finance/circuit/library/payoff_functions/european_call_pricing_objective.py;/pennylane/pennylane.templates.subroutines.qft.QFT;Basis Change;summary;This code is part of a Qiskit project. (C) Copyright IBM 2018, 2024. This code is licensed under the Apache License, Version 2.0. You may obtain a cop...;0.6628;0
qiskit_finance/circuit/library/payoff_functions/european_call_pricing_objective.py;/pennylane/pennylane.templates.subroutines.aqft.AQFT;Basis Change;summary;This code is part of a Qiskit project. (C) Copyright IBM 2018, 2024. This code is licensed under the Apache License, Version 2.0. You may obtain a cop...;0.6625;0
qiskit_finance/circuit/library/payoff_functions/european_call_pricing_objective.py;/qiskit-algorithms/qiskit_algorithms.amplitude_estimators.fae.FasterAmplitudeEstimation;Quantum Amplitude Estimation;summary;This code is part of a Qiskit project. (C) Copyright IBM 2018, 2024. This code is licensed under the Apache License, Version 2.0. You may obtain a cop...;0.6621;0
qiskit_finance/circuit/library/payoff_functions/european_call_pricing_objective.py;/qiskit/qiskit.circuit.library.generalized_gates.diagonal.Diagonal;Circuit Construction Utility;summary;This code is part of a Qiskit project. (C) Copyright IBM 2018, 2024. This code is licensed under the Apache License, Version 2.0. You may obtain a cop...;0.6616;0
qiskit_finance/circuit/library/payoff_functions/european_call_pricing_objective.py;/classiq/open_library.functions.discrete_sine_cosine_transform.qct_qst_type2;Basis Change;summary;This code is part of a Qiskit project. (C) Copyright IBM 2018, 2024. This code is licensed under the Apache License, Version 2.0. You may obtain a cop...;0.6616;0
qiskit_finance/circuit/library/payoff_functions/european_call_pricing_objective.py;/classiq/open_library.functions.discrete_sine_cosine_transform.qct_type2;Basis Change;summary;This code is part of a Qiskit project. (C) Copyright IBM 2018, 2024. This code is licensed under the Apache License, Version 2.0. You may obtain a cop...;0.6604;0
qiskit_finance/circuit/library/payoff_functions/european_call_pricing_objective.py;/classiq/open_library.functions.amplitude_amplification.amplitude_amplification;Amplitude Amplification;summary;This code is part of a Qiskit project. (C) Copyright IBM 2018, 2024. This code is licensed under the Apache License, Version 2.0. You may obtain a cop...;0.6582;0
qiskit_finance/circuit/library/payoff_functions/european_call_pricing_objective.py;/qiskit-algorithms/qiskit_algorithms.time_evolvers.variational.variational_principles.imaginary_mc_lachlan_principle.ImaginaryMcLachlanPrinciple;Variational Quantum Algorithm (VQA);summary;This code is part of a Qiskit project. (C) Copyright IBM 2018, 2024. This code is licensed under the Apache License, Version 2.0. You may obtain a cop...;0.6579;0
qiskit_finance/circuit/library/payoff_functions/european_call_pricing_objective.py;/classiq/open_library.functions.discrete_sine_cosine_transform.qst_type2;Basis Change;summary;This code is part of a Qiskit project. (C) Copyright IBM 2018, 2024. This code is licensed under the Apache License, Version 2.0. You may obtain a cop...;0.6577;0
qiskit_finance/circuit/library/payoff_functions/european_call_pricing_objective.py;/pennylane/pennylane.templates.subroutines.qsvt.QSVT;Domain Specific Application;summary;This code is part of a Qiskit project. (C) Copyright IBM 2018, 2024. This code is licensed under the Apache License, Version 2.0. You may obtain a cop...;0.6572;0
qiskit_finance/circuit/library/payoff_functions/european_call_pricing_objective.py;/classiq/open_library.functions.state_preparation.prepare_dicke_state_unary_input;Initialization;summary;This code is part of a Qiskit project. (C) Copyright IBM 2018, 2024. This code is licensed under the Apache License, Version 2.0. You may obtain a cop...;0.6564;0
qiskit_finance/circuit/library/payoff_functions/european_call_pricing_objective.py;/qiskit-algorithms/qiskit_algorithms.amplitude_estimators.iae.IterativeAmplitudeEstimation;Quantum Amplitude Estimation;summary;This code is part of a Qiskit project. (C) Copyright IBM 2018, 2024. This code is licensed under the Apache License, Version 2.0. You may obtain a cop...;0.6563;0
qiskit_finance/circuit/library/payoff_functions/european_call_pricing_objective.py;/classiq/open_library.functions.state_preparation.prepare_sparse_amplitudes;Initialization;summary;This code is part of a Qiskit project. (C) Copyright IBM 2018, 2024. This code is licensed under the Apache License, Version 2.0. You may obtain a cop...;0.6561;0
qiskit_finance/circuit/library/payoff_functions/european_call_pricing_objective.py;/classiq/qmod.builtins.functions.exponentiation.suzuki_trotter;Hamiltonian Simulation;summary;This code is part of a Qiskit project. (C) Copyright IBM 2018, 2024. This code is licensed under the Apache License, Version 2.0. You may obtain a cop...;0.6554;0
qiskit_finance/circuit/library/payoff_functions/european_call_pricing_objective.py;/qiskit-algorithms/qiskit_algorithms.amplitude_estimators.ae.AmplitudeEstimation;Quantum Amplitude Estimation;summary;This code is part of a Qiskit project. (C) Copyright IBM 2018, 2024. This code is licensed under the Apache License, Version 2.0. You may obtain a cop...;0.6550;0
qiskit_finance/circuit/library/payoff_functions/fixed_income_pricing_objective.py;/pennylane/pennylane.templates.subroutines.time_evolution.trotter.TrotterizedQfunc;Hamiltonian Simulation;summary;This code is part of a Qiskit project. (C) Copyright IBM 2018, 2023. This code is licensed under the Apache License, Version 2.0. You may obtain a cop...;0.7171;0
qiskit_finance/circuit/library/payoff_functions/fixed_income_pricing_objective.py;/classiq/open_library.functions.qaoa_penalty.qaoa_penalty;Quantum Approximate Optimization Algorithm (QAOA);summary;This code is part of a Qiskit project. (C) Copyright IBM 2018, 2023. This code is licensed under the Apache License, Version 2.0. You may obtain a cop...;0.7026;0
qiskit_finance/circuit/library/payoff_functions/fixed_income_pricing_objective.py;/qiskit/qiskit.circuit.library.arithmetic.piecewise_chebyshev.PiecewiseChebyshevGate;Quantum Arithmetic;summary;This code is part of a Qiskit project. (C) Copyright IBM 2018, 2023. This code is licensed under the Apache License, Version 2.0. You may obtain a cop...;0.7011;0
qiskit_finance/circuit/library/payoff_functions/fixed_income_pricing_objective.py;/qiskit-algorithms/qiskit_algorithms.minimum_eigensolvers.qaoa.QAOA;Quantum Approximate Optimization Algorithm (QAOA);summary;This code is part of a Qiskit project. (C) Copyright IBM 2018, 2023. This code is licensed under the Apache License, Version 2.0. You may obtain a cop...;0.6988;0
qiskit_finance/circuit/library/payoff_functions/fixed_income_pricing_objective.py;/pennylane/pennylane.templates.core.AbstractArray;N/A;summary;This code is part of a Qiskit project. (C) Copyright IBM 2018, 2023. This code is licensed under the Apache License, Version 2.0. You may obtain a cop...;0.6837;0
qiskit_finance/circuit/library/payoff_functions/fixed_income_pricing_objective.py;/pennylane/pennylane.templates.subroutines.qmc.QuantumMonteCarlo;Domain Specific Application;summary;This code is part of a Qiskit project. (C) Copyright IBM 2018, 2023. This code is licensed under the Apache License, Version 2.0. You may obtain a cop...;0.6826;0
qiskit_finance/circuit/library/payoff_functions/fixed_income_pricing_objective.py;/classiq/open_library.functions.qaoa_penalty.qaoa_cost_layer;Quantum Approximate Optimization Algorithm (QAOA);summary;This code is part of a Qiskit project. (C) Copyright IBM 2018, 2023. This code is licensed under the Apache License, Version 2.0. You may obtain a cop...;0.6785;0
qiskit_finance/circuit/library/payoff_functions/fixed_income_pricing_objective.py;/classiq/open_library.functions.qsvt.qsvt_step;Domain Specific Application;summary;This code is part of a Qiskit project. (C) Copyright IBM 2018, 2023. This code is licensed under the Apache License, Version 2.0. You may obtain a cop...;0.6778;0
qiskit_finance/circuit/library/payoff_functions/fixed_income_pricing_objective.py;/classiq/open_library.functions.qsvt.qsvt_inversion;Domain Specific Application;summary;This code is part of a Qiskit project. (C) Copyright IBM 2018, 2023. This code is licensed under the Apache License, Version 2.0. You may obtain a cop...;0.6774;0
qiskit_finance/circuit/library/payoff_functions/fixed_income_pricing_objective.py;/qiskit-algorithms/qiskit_algorithms.phase_estimators.phase_estimator.PhaseEstimator;Quantum Phase Estimation (QPE);summary;This code is part of a Qiskit project. (C) Copyright IBM 2018, 2023. This code is licensed under the Apache License, Version 2.0. You may obtain a cop...;0.6743;0
qiskit_finance/circuit/library/payoff_functions/fixed_income_pricing_objective.py;/pennylane/pennylane.templates.subroutines.time_evolution.qdrift.QDrift;Hamiltonian Simulation;summary;This code is part of a Qiskit project. (C) Copyright IBM 2018, 2023. This code is licensed under the Apache License, Version 2.0. You may obtain a cop...;0.6736;0
qiskit_finance/circuit/library/payoff_functions/fixed_income_pricing_objective.py;/classiq/qmod.builtins.functions.exponentiation.suzuki_trotter;Hamiltonian Simulation;summary;This code is part of a Qiskit project. (C) Copyright IBM 2018, 2023. This code is licensed under the Apache License, Version 2.0. You may obtain a cop...;0.6720;0
qiskit_finance/circuit/library/payoff_functions/fixed_income_pricing_objective.py;/pennylane/pennylane.templates.subroutines.time_evolution.trotter.TrotterProduct;Hamiltonian Simulation;summary;This code is part of a Qiskit project. (C) Copyright IBM 2018, 2023. This code is licensed under the Apache License, Version 2.0. You may obtain a cop...;0.6709;0
qiskit_finance/circuit/library/payoff_functions/fixed_income_pricing_objective.py;/qiskit-algorithms/qiskit_algorithms.variational_algorithm.VariationalAlgorithm;Variational Quantum Algorithm (VQA);summary;This code is part of a Qiskit project. (C) Copyright IBM 2018, 2023. This code is licensed under the Apache License, Version 2.0. You may obtain a cop...;0.6692;0
qiskit_finance/circuit/library/payoff_functions/fixed_income_pricing_objective.py;/classiq/open_library.functions.state_preparation.inplace_prepare_int;N/A;summary;This code is part of a Qiskit project. (C) Copyright IBM 2018, 2023. This code is licensed under the Apache License, Version 2.0. You may obtain a cop...;0.6683;0
qiskit_finance/circuit/library/payoff_functions/fixed_income_pricing_objective.py;/qiskit-algorithms/qiskit_algorithms.phase_estimators.ipe.IterativePhaseEstimation;Quantum Phase Estimation (QPE);summary;This code is part of a Qiskit project. (C) Copyright IBM 2018, 2023. This code is licensed under the Apache License, Version 2.0. You may obtain a cop...;0.6682;0
qiskit_finance/circuit/library/payoff_functions/fixed_income_pricing_objective.py;/pennylane/pennylane.templates.subroutines.qrom.QROM;Data Encoding;summary;This code is part of a Qiskit project. (C) Copyright IBM 2018, 2023. This code is licensed under the Apache License, Version 2.0. You may obtain a cop...;0.6670;0
qiskit_finance/circuit/library/payoff_functions/fixed_income_pricing_objective.py;/classiq/open_library.functions.qsvt.qsvt_lcu_step;Domain Specific Application;summary;This code is part of a Qiskit project. (C) Copyright IBM 2018, 2023. This code is licensed under the Apache License, Version 2.0. You may obtain a cop...;0.6657;0
qiskit_finance/circuit/library/payoff_functions/fixed_income_pricing_objective.py;/qiskit-algorithms/qiskit_algorithms.amplitude_estimators.mlae.MaximumLikelihoodAmplitudeEstimation;Quantum Amplitude Estimation;summary;This code is part of a Qiskit project. (C) Copyright IBM 2018, 2023. This code is licensed under the Apache License, Version 2.0. You may obtain a cop...;0.6643;0
qiskit_finance/circuit/library/payoff_functions/fixed_income_pricing_objective.py;/qiskit-algorithms/qiskit_algorithms.phase_estimators.phase_estimation.PhaseEstimation;Quantum Phase Estimation (QPE);summary;This code is part of a Qiskit project. (C) Copyright IBM 2018, 2023. This code is licensed under the Apache License, Version 2.0. You may obtain a cop...;0.6642;0
qiskit_finance/circuit/library/payoff_functions/fixed_income_pricing_objective.py;/classiq/open_library.functions.qsvt.qsvt;Domain Specific Application;summary;This code is part of a Qiskit project. (C) Copyright IBM 2018, 2023. This code is licensed under the Apache License, Version 2.0. You may obtain a cop...;0.6631;0
qiskit_finance/circuit/library/payoff_functions/fixed_income_pricing_objective.py;/classiq/open_library.functions.grover.grover_search;Grover;summary;This code is part of a Qiskit project. (C) Copyright IBM 2018, 2023. This code is licensed under the Apache License, Version 2.0. You may obtain a cop...;0.6631;0
qiskit_finance/circuit/library/payoff_functions/fixed_income_pricing_objective.py;/qiskit-algorithms/qiskit_algorithms.time_evolvers.pvqd.pvqd.PVQD;Variational Quantum Algorithm (VQA);summary;This code is part of a Qiskit project. (C) Copyright IBM 2018, 2023. This code is licensed under the Apache License, Version 2.0. You may obtain a cop...;0.6613;0
qiskit_finance/circuit/library/payoff_functions/fixed_income_pricing_objective.py;/qiskit/qiskit.circuit.library.generalized_gates.mcmt.MCMTVChain;Circuit Construction Utility;summary;This code is part of a Qiskit project. (C) Copyright IBM 2018, 2023. This code is licensed under the Apache License, Version 2.0. You may obtain a cop...;0.6584;0
qiskit_finance/circuit/library/payoff_functions/fixed_income_pricing_objective.py;/pennylane/pennylane.templates.state_preparations.superposition.Superposition;Basis Change;summary;This code is part of a Qiskit project. (C) Copyright IBM 2018, 2023. This code is licensed under the Apache License, Version 2.0. You may obtain a cop...;0.6584;0
qiskit_finance/circuit/library/payoff_functions/fixed_income_pricing_objective.py;/pennylane/pennylane.templates.subroutines.qubitization.Qubitization;Data Encoding;summary;This code is part of a Qiskit project. (C) Copyright IBM 2018, 2023. This code is licensed under the Apache License, Version 2.0. You may obtain a cop...;0.6581;0
qiskit_finance/circuit/library/payoff_functions/fixed_income_pricing_objective.py;/pennylane/pennylane.templates.layers.particle_conserving_u1.ParticleConservingU1;Variational Quantum Eigensolver (VQE);summary;This code is part of a Qiskit project. (C) Copyright IBM 2018, 2023. This code is licensed under the Apache License, Version 2.0. You may obtain a cop...;0.6565;0
qiskit_finance/circuit/library/payoff_functions/fixed_income_pricing_objective.py;/qiskit-algorithms/qiskit_algorithms.state_fidelities.compute_uncompute.ComputeUncompute;Uncompute;summary;This code is part of a Qiskit project. (C) Copyright IBM 2018, 2023. This code is licensed under the Apache License, Version 2.0. You may obtain a cop...;0.6557;0
qiskit_finance/circuit/library/payoff_functions/fixed_income_pricing_objective.py;/classiq/open_library.functions.amplitude_amplification.exact_amplitude_amplification;Amplitude Amplification;summary;This code is part of a Qiskit project. (C) Copyright IBM 2018, 2023. This code is licensed under the Apache License, Version 2.0. You may obtain a cop...;0.6549;0
qiskit_finance/circuit/library/payoff_functions/fixed_income_pricing_objective.py;/qiskit/qiskit.circuit.library.pauli_product_measurement.PauliProductMeasurement;N/A;summary;This code is part of a Qiskit project. (C) Copyright IBM 2018, 2023. This code is licensed under the Apache License, Version 2.0. You may obtain a cop...;0.6532;0
qiskit_finance/circuit/library/payoff_functions/fixed_income_pricing_objective.py;/pennylane/pennylane.templates.subroutines.grover.GroverOperator;Grover;summary;This code is part of a Qiskit project. (C) Copyright IBM 2018, 2023. This code is licensed under the Apache License, Version 2.0. You may obtain a cop...;0.6529;0
qiskit_finance/circuit/library/probability_distributions/__init__.py;/classiq/open_library.functions.state_preparation.prepare_int;N/A;summary;This code is part of a Qiskit project. (C) Copyright IBM 2020, 2023. This code is licensed under the Apache License, Version 2.0. You may obtain a cop...;0.6742;0
qiskit_finance/circuit/library/probability_distributions/__init__.py;/classiq/open_library.functions.qsvt.qsvt_lcu;Domain Specific Application;summary;This code is part of a Qiskit project. (C) Copyright IBM 2020, 2023. This code is licensed under the Apache License, Version 2.0. You may obtain a cop...;0.6556;0
qiskit_finance/circuit/library/probability_distributions/__init__.py;/classiq/open_library.functions.state_preparation.inplace_prepare_int;N/A;summary;This code is part of a Qiskit project. (C) Copyright IBM 2020, 2023. This code is licensed under the Apache License, Version 2.0. You may obtain a cop...;0.6555;0
qiskit_finance/circuit/library/probability_distributions/__init__.py;/pennylane/pennylane.templates.layers.gate_fabric.GateFabric;Variational Quantum Algorithm (VQA);summary;This code is part of a Qiskit project. (C) Copyright IBM 2020, 2023. This code is licensed under the Apache License, Version 2.0. You may obtain a cop...;0.6535;0
qiskit_finance/circuit/library/probability_distributions/gaussian_conditional_independence_model.py;/classiq/open_library.functions.qsvt.qsvt_step;Domain Specific Application;summary;This code is part of a Qiskit project. (C) Copyright IBM 2019, 2023. This code is licensed under the Apache License, Version 2.0. You may obtain a cop...;0.7285;0
qiskit_finance/circuit/library/probability_distributions/gaussian_conditional_independence_model.py;/qiskit/qiskit.circuit.library.generalized_gates.pauli_product_rotation.PauliProductRotationGate;N/A;summary;This code is part of a Qiskit project. (C) Copyright IBM 2019, 2023. This code is licensed under the Apache License, Version 2.0. You may obtain a cop...;0.7224;0
qiskit_finance/circuit/library/probability_distributions/gaussian_conditional_independence_model.py;/classiq/open_library.functions.qsvt.qsvt_lcu_step;Domain Specific Application;summary;This code is part of a Qiskit project. (C) Copyright IBM 2019, 2023. This code is licensed under the Apache License, Version 2.0. You may obtain a cop...;0.7207;0
qiskit_finance/circuit/library/probability_distributions/gaussian_conditional_independence_model.py;/qiskit/qiskit.circuit.library.generalized_gates.ucrz.UCRZGate;Circuit Construction Utility;summary;This code is part of a Qiskit project. (C) Copyright IBM 2019, 2023. This code is licensed under the Apache License, Version 2.0. You may obtain a cop...;0.7109;0
qiskit_finance/circuit/library/probability_distributions/gaussian_conditional_independence_model.py;/qiskit/qiskit.circuit.library.generalized_gates.uc_pauli_rot.UCPauliRotGate;Circuit Construction Utility;summary;This code is part of a Qiskit project. (C) Copyright IBM 2019, 2023. This code is licensed under the Apache License, Version 2.0. You may obtain a cop...;0.6997;0
qiskit_finance/circuit/library/probability_distributions/gaussian_conditional_independence_model.py;/classiq/open_library.functions.state_preparation.prepare_linear_amplitudes;Initialization;summary;This code is part of a Qiskit project. (C) Copyright IBM 2019, 2023. This code is licensed under the Apache License, Version 2.0. You may obtain a cop...;0.6963;0
qiskit_finance/circuit/library/probability_distributions/gaussian_conditional_independence_model.py;/qiskit/qiskit.circuit.library.arithmetic.piecewise_polynomial_pauli_rotations.PiecewisePolynomialPauliRotationsGate;Quantum Arithmetic;summary;This code is part of a Qiskit project. (C) Copyright IBM 2019, 2023. This code is licensed under the Apache License, Version 2.0. You may obtain a cop...;0.6954;0
qiskit_finance/circuit/library/probability_distributions/gaussian_conditional_independence_model.py;/classiq/open_library.functions.variational.encode_on_bloch;Data Encoding;summary;This code is part of a Qiskit project. (C) Copyright IBM 2019, 2023. This code is licensed under the Apache License, Version 2.0. You may obtain a cop...;0.6929;0
qiskit_finance/circuit/library/probability_distributions/gaussian_conditional_independence_model.py;/qiskit/qiskit.circuit.library.arithmetic.polynomial_pauli_rotations.PolynomialPauliRotationsGate;Quantum Arithmetic;summary;This code is part of a Qiskit project. (C) Copyright IBM 2019, 2023. This code is licensed under the Apache License, Version 2.0. You may obtain a cop...;0.6923;0
qiskit_finance/circuit/library/probability_distributions/gaussian_conditional_independence_model.py;/classiq/open_library.functions.qsvt.qsvt;Domain Specific Application;summary;This code is part of a Qiskit project. (C) Copyright IBM 2019, 2023. This code is licensed under the Apache License, Version 2.0. You may obtain a cop...;0.6898;0
qiskit_finance/circuit/library/probability_distributions/gaussian_conditional_independence_model.py;/qiskit/qiskit.circuit.library.arithmetic.piecewise_linear_pauli_rotations.PiecewiseLinearPauliRotationsGate;Quantum Arithmetic;summary;This code is part of a Qiskit project. (C) Copyright IBM 2019, 2023. This code is licensed under the Apache License, Version 2.0. You may obtain a cop...;0.6860;0
qiskit_finance/circuit/library/probability_distributions/gaussian_conditional_independence_model.py;/classiq/open_library.functions.variational.encode_in_angle;Data Encoding;summary;This code is part of a Qiskit project. (C) Copyright IBM 2019, 2023. This code is licensed under the Apache License, Version 2.0. You may obtain a cop...;0.6840;0
qiskit_finance/circuit/library/probability_distributions/gaussian_conditional_independence_model.py;/qiskit/qiskit.circuit.library.generalized_gates.diagonal.Diagonal;Circuit Construction Utility;summary;This code is part of a Qiskit project. (C) Copyright IBM 2019, 2023. This code is licensed under the Apache License, Version 2.0. You may obtain a cop...;0.6832;0
qiskit_finance/circuit/library/probability_distributions/gaussian_conditional_independence_model.py;/classiq/qmod.builtins.functions.exponentiation.suzuki_trotter;Hamiltonian Simulation;summary;This code is part of a Qiskit project. (C) Copyright IBM 2019, 2023. This code is licensed under the Apache License, Version 2.0. You may obtain a cop...;0.6810;0
qiskit_finance/circuit/library/probability_distributions/gaussian_conditional_independence_model.py;/classiq/open_library.functions.discrete_sine_cosine_transform.qst_type2;Basis Change;summary;This code is part of a Qiskit project. (C) Copyright IBM 2019, 2023. This code is licensed under the Apache License, Version 2.0. You may obtain a cop...;0.6762;0
qiskit_finance/circuit/library/probability_distributions/gaussian_conditional_independence_model.py;/pennylane/pennylane.templates.layers.gate_fabric.GateFabric;Variational Quantum Algorithm (VQA);summary;This code is part of a Qiskit project. (C) Copyright IBM 2019, 2023. This code is licensed under the Apache License, Version 2.0. You may obtain a cop...;0.6761;0
qiskit_finance/circuit/library/probability_distributions/gaussian_conditional_independence_model.py;/pennylane/pennylane.templates.subroutines.aqft.AQFT;Basis Change;summary;This code is part of a Qiskit project. (C) Copyright IBM 2019, 2023. This code is licensed under the Apache License, Version 2.0. You may obtain a cop...;0.6753;0
qiskit_finance/circuit/library/probability_distributions/gaussian_conditional_independence_model.py;/pennylane/pennylane.templates.subroutines.time_evolution.trotter.TrotterizedQfunc;Hamiltonian Simulation;summary;This code is part of a Qiskit project. (C) Copyright IBM 2019, 2023. This code is licensed under the Apache License, Version 2.0. You may obtain a cop...;0.6748;0
qiskit_finance/circuit/library/probability_distributions/gaussian_conditional_independence_model.py;/qiskit-algorithms/qiskit_algorithms.phase_estimators.phase_estimator.PhaseEstimator;Quantum Phase Estimation (QPE);summary;This code is part of a Qiskit project. (C) Copyright IBM 2019, 2023. This code is licensed under the Apache License, Version 2.0. You may obtain a cop...;0.6741;0
qiskit_finance/circuit/library/probability_distributions/gaussian_conditional_independence_model.py;/qiskit/qiskit.circuit.library.generalized_gates.isometry.Isometry;Circuit Construction Utility;summary;This code is part of a Qiskit project. (C) Copyright IBM 2019, 2023. This code is licensed under the Apache License, Version 2.0. You may obtain a cop...;0.6734;0
qiskit_finance/circuit/library/probability_distributions/gaussian_conditional_independence_model.py;/pennylane/pennylane.templates.subroutines.qsvt.QSVT;Domain Specific Application;summary;This code is part of a Qiskit project. (C) Copyright IBM 2019, 2023. This code is licensed under the Apache License, Version 2.0. You may obtain a cop...;0.6724;0
qiskit_finance/circuit/library/probability_distributions/gaussian_conditional_independence_model.py;/pennylane/pennylane.templates.state_preparations.superposition.Superposition;Basis Change;summary;This code is part of a Qiskit project. (C) Copyright IBM 2019, 2023. This code is licensed under the Apache License, Version 2.0. You may obtain a cop...;0.6713;0
qiskit_finance/circuit/library/probability_distributions/gaussian_conditional_independence_model.py;/classiq/open_library.functions.qsvt.qsvt_inversion;Domain Specific Application;summary;This code is part of a Qiskit project. (C) Copyright IBM 2019, 2023. This code is licensed under the Apache License, Version 2.0. You may obtain a cop...;0.6708;0
qiskit_finance/circuit/library/probability_distributions/gaussian_conditional_independence_model.py;/pennylane/pennylane.templates.state_preparations.state_prep_mps.MPSPrep;Initialization;summary;This code is part of a Qiskit project. (C) Copyright IBM 2019, 2023. This code is licensed under the Apache License, Version 2.0. You may obtain a cop...;0.6687;0
qiskit_finance/circuit/library/probability_distributions/gaussian_conditional_independence_model.py;/qiskit/qiskit.circuit.library.arithmetic.quadratic_form.QuadraticFormGate;Quantum Arithmetic;summary;This code is part of a Qiskit project. (C) Copyright IBM 2019, 2023. This code is licensed under the Apache License, Version 2.0. You may obtain a cop...;0.6676;0
qiskit_finance/circuit/library/probability_distributions/gaussian_conditional_independence_model.py;/pennylane/pennylane.templates.layers.cv_neural_net.CVNeuralNetLayers;Quantum Neural Network (QNN);summary;This code is part of a Qiskit project. (C) Copyright IBM 2019, 2023. This code is licensed under the Apache License, Version 2.0. You may obtain a cop...;0.6671;0
qiskit_finance/circuit/library/probability_distributions/gaussian_conditional_independence_model.py;/classiq/open_library.functions.discrete_sine_cosine_transform.qct_type2;Basis Change;summary;This code is part of a Qiskit project. (C) Copyright IBM 2019, 2023. This code is licensed under the Apache License, Version 2.0. You may obtain a cop...;0.6669;0
qiskit_finance/circuit/library/probability_distributions/gaussian_conditional_independence_model.py;/qiskit/qiskit.circuit.library.phase_estimation.PhaseEstimation;Quantum Phase Estimation (QPE);summary;This code is part of a Qiskit project. (C) Copyright IBM 2019, 2023. This code is licensed under the Apache License, Version 2.0. You may obtain a cop...;0.6643;0
qiskit_finance/circuit/library/probability_distributions/gaussian_conditional_independence_model.py;/classiq/open_library.functions.discrete_sine_cosine_transform.qct_qst_type2;Basis Change;summary;This code is part of a Qiskit project. (C) Copyright IBM 2019, 2023. This code is licensed under the Apache License, Version 2.0. You may obtain a cop...;0.6635;0
qiskit_finance/circuit/library/probability_distributions/gaussian_conditional_independence_model.py;/qiskit/qiskit.circuit.library.arithmetic.multipliers.rg_qft_multiplier.RGQFTMultiplier;Quantum Arithmetic;summary;This code is part of a Qiskit project. (C) Copyright IBM 2019, 2023. This code is licensed under the Apache License, Version 2.0. You may obtain a cop...;0.6628;0
qiskit_finance/circuit/library/probability_distributions/gaussian_conditional_independence_model.py;/qiskit-algorithms/qiskit_algorithms.time_evolvers.pvqd.pvqd.PVQD;Variational Quantum Algorithm (VQA);summary;This code is part of a Qiskit project. (C) Copyright IBM 2019, 2023. This code is licensed under the Apache License, Version 2.0. You may obtain a cop...;0.6619;0
qiskit_finance/circuit/library/probability_distributions/gaussian_conditional_independence_model.py;/pennylane/pennylane.templates.core.AbstractArray;N/A;summary;This code is part of a Qiskit project. (C) Copyright IBM 2019, 2023. This code is licensed under the Apache License, Version 2.0. You may obtain a cop...;0.6617;0
qiskit_finance/circuit/library/probability_distributions/gaussian_conditional_independence_model.py;/classiq/open_library.functions.qsvt.qsvt_lcu;Domain Specific Application;summary;This code is part of a Qiskit project. (C) Copyright IBM 2019, 2023. This code is licensed under the Apache License, Version 2.0. You may obtain a cop...;0.6614;0
qiskit_finance/circuit/library/probability_distributions/gaussian_conditional_independence_model.py;/pennylane/pennylane.templates.state_preparations.basis_qutrit.QutritBasisStatePreparation;Initialization;summary;This code is part of a Qiskit project. (C) Copyright IBM 2019, 2023. This code is licensed under the Apache License, Version 2.0. You may obtain a cop...;0.6603;0
qiskit_finance/circuit/library/probability_distributions/gaussian_conditional_independence_model.py;/pennylane/pennylane.templates.embeddings.angle.AngleEmbedding;Data Encoding;summary;This code is part of a Qiskit project. (C) Copyright IBM 2019, 2023. This code is licensed under the Apache License, Version 2.0. You may obtain a cop...;0.6599;0
qiskit_finance/circuit/library/probability_distributions/gaussian_conditional_independence_model.py;/pennylane/pennylane.templates.subroutines.iqp.IQP;Circuit Construction Utility;summary;This code is part of a Qiskit project. (C) Copyright IBM 2019, 2023. This code is licensed under the Apache License, Version 2.0. You may obtain a cop...;0.6589;0
qiskit_finance/circuit/library/probability_distributions/gaussian_conditional_independence_model.py;/qiskit/qiskit.circuit.library.data_preparation.pauli_feature_map.self_product;N/A;summary;This code is part of a Qiskit project. (C) Copyright IBM 2019, 2023. This code is licensed under the Apache License, Version 2.0. You may obtain a cop...;0.6588;0
qiskit_finance/circuit/library/probability_distributions/gaussian_conditional_independence_model.py;/classiq/open_library.functions.qft_functions.qft;Basis Change;summary;This code is part of a Qiskit project. (C) Copyright IBM 2019, 2023. This code is licensed under the Apache License, Version 2.0. You may obtain a cop...;0.6583;0
qiskit_finance/circuit/library/probability_distributions/gaussian_conditional_independence_model.py;/qiskit/qiskit.circuit.library.pauli_product_measurement.PauliProductMeasurement;N/A;summary;This code is part of a Qiskit project. (C) Copyright IBM 2019, 2023. This code is licensed under the Apache License, Version 2.0. You may obtain a cop...;0.6581;0
qiskit_finance/circuit/library/probability_distributions/gaussian_conditional_independence_model.py;/qiskit/qiskit.circuit.library.arithmetic.linear_amplitude_function.LinearAmplitudeFunctionGate;Quantum Arithmetic;summary;This code is part of a Qiskit project. (C) Copyright IBM 2019, 2023. This code is licensed under the Apache License, Version 2.0. You may obtain a cop...;0.6568;0
qiskit_finance/circuit/library/probability_distributions/gaussian_conditional_independence_model.py;/pennylane/pennylane.templates.subroutines.time_evolution.trotter.TrotterProduct;Hamiltonian Simulation;summary;This code is part of a Qiskit project. (C) Copyright IBM 2019, 2023. This code is licensed under the Apache License, Version 2.0. You may obtain a cop...;0.6568;0
qiskit_finance/circuit/library/probability_distributions/gaussian_conditional_independence_model.py;/classiq/open_library.functions.discrete_sine_cosine_transform.qct_qst_type1;Basis Change;summary;This code is part of a Qiskit project. (C) Copyright IBM 2019, 2023. This code is licensed under the Apache License, Version 2.0. You may obtain a cop...;0.6562;0
qiskit_finance/circuit/library/probability_distributions/gaussian_conditional_independence_model.py;/qiskit/qiskit.circuit.library.hidden_linear_function.HiddenLinearFunction;Oracle;summary;This code is part of a Qiskit project. (C) Copyright IBM 2019, 2023. This code is licensed under the Apache License, Version 2.0. You may obtain a cop...;0.6555;0
qiskit_finance/circuit/library/probability_distributions/gaussian_conditional_independence_model.py;/pennylane/pennylane.templates.state_preparations.mottonen.MottonenStatePreparation;Schmidt Decomposition;summary;This code is part of a Qiskit project. (C) Copyright IBM 2019, 2023. This code is licensed under the Apache License, Version 2.0. You may obtain a cop...;0.6551;0
qiskit_finance/circuit/library/probability_distributions/gaussian_conditional_independence_model.py;/pennylane/pennylane.templates.subroutines.qft.QFT;Basis Change;summary;This code is part of a Qiskit project. (C) Copyright IBM 2019, 2023. This code is licensed under the Apache License, Version 2.0. You may obtain a cop...;0.6548;0
qiskit_finance/circuit/library/probability_distributions/gaussian_conditional_independence_model.py;/pennylane/pennylane.templates.subroutines.qmc.QuantumMonteCarlo;Domain Specific Application;summary;This code is part of a Qiskit project. (C) Copyright IBM 2019, 2023. This code is licensed under the Apache License, Version 2.0. You may obtain a cop...;0.6547;0
qiskit_finance/circuit/library/probability_distributions/gaussian_conditional_independence_model.py;/classiq/open_library.functions.linear_pauli_rotation.linear_pauli_rotations;Data Encoding;name;LinearPauliRotations;1.0000;91
qiskit_finance/circuit/library/probability_distributions/gaussian_conditional_independence_model.py;/qiskit/qiskit.circuit.library.arithmetic.polynomial_pauli_rotations.PolynomialPauliRotations;Quantum Arithmetic;name;LinearPauliRotations;0.9494;91
qiskit_finance/circuit/library/probability_distributions/gaussian_conditional_independence_model.py;/qiskit/qiskit.circuit.library.arithmetic.functional_pauli_rotations.FunctionalPauliRotations;Quantum Arithmetic;name;LinearPauliRotations;0.9405;91
qiskit_finance/circuit/library/probability_distributions/gaussian_conditional_independence_model.py;/qiskit/qiskit.circuit.library.arithmetic.linear_pauli_rotations.LinearPauliRotationsGate;Quantum Arithmetic;name;LinearPauliRotations;0.9247;91
qiskit_finance/circuit/library/probability_distributions/lognormal.py;/pennylane/pennylane.templates.core.AbstractArray;N/A;summary;This code is part of a Qiskit project. (C) Copyright IBM 2017, 2024. This code is licensed under the Apache License, Version 2.0. You may obtain a cop...;0.6986;0
qiskit_finance/circuit/library/probability_distributions/lognormal.py;/pennylane/pennylane.templates.subroutines.qmc.QuantumMonteCarlo;Domain Specific Application;summary;This code is part of a Qiskit project. (C) Copyright IBM 2017, 2024. This code is licensed under the Apache License, Version 2.0. You may obtain a cop...;0.6913;0
qiskit_finance/circuit/library/probability_distributions/lognormal.py;/classiq/open_library.functions.amplitude_amplification.exact_amplitude_amplification;Amplitude Amplification;summary;This code is part of a Qiskit project. (C) Copyright IBM 2017, 2024. This code is licensed under the Apache License, Version 2.0. You may obtain a cop...;0.6860;0
qiskit_finance/circuit/library/probability_distributions/lognormal.py;/pennylane/pennylane.templates.layers.gate_fabric.GateFabric;Variational Quantum Algorithm (VQA);summary;This code is part of a Qiskit project. (C) Copyright IBM 2017, 2024. This code is licensed under the Apache License, Version 2.0. You may obtain a cop...;0.6842;0
qiskit_finance/circuit/library/probability_distributions/lognormal.py;/qiskit/qiskit.circuit.library.arithmetic.functional_pauli_rotations.FunctionalPauliRotations;Quantum Arithmetic;summary;This code is part of a Qiskit project. (C) Copyright IBM 2017, 2024. This code is licensed under the Apache License, Version 2.0. You may obtain a cop...;0.6822;0
qiskit_finance/circuit/library/probability_distributions/lognormal.py;/pennylane/pennylane.templates.state_preparations.mottonen.MottonenStatePreparation;Schmidt Decomposition;summary;This code is part of a Qiskit project. (C) Copyright IBM 2017, 2024. This code is licensed under the Apache License, Version 2.0. You may obtain a cop...;0.6779;0
qiskit_finance/circuit/library/probability_distributions/lognormal.py;/pennylane/pennylane.templates.subroutines.aqft.AQFT;Basis Change;summary;This code is part of a Qiskit project. (C) Copyright IBM 2017, 2024. This code is licensed under the Apache License, Version 2.0. You may obtain a cop...;0.6763;0
qiskit_finance/circuit/library/probability_distributions/lognormal.py;/classiq/open_library.functions.variational.encode_on_bloch;Data Encoding;summary;This code is part of a Qiskit project. (C) Copyright IBM 2017, 2024. This code is licensed under the Apache License, Version 2.0. You may obtain a cop...;0.6743;0
qiskit_finance/circuit/library/probability_distributions/lognormal.py;/pennylane/pennylane.templates.subroutines.time_evolution.trotter.TrotterizedQfunc;Hamiltonian Simulation;summary;This code is part of a Qiskit project. (C) Copyright IBM 2017, 2024. This code is licensed under the Apache License, Version 2.0. You may obtain a cop...;0.6702;0
qiskit_finance/circuit/library/probability_distributions/lognormal.py;/qiskit/qiskit.circuit.library.data_preparation.pauli_feature_map.self_product;N/A;summary;This code is part of a Qiskit project. (C) Copyright IBM 2017, 2024. This code is licensed under the Apache License, Version 2.0. You may obtain a cop...;0.6687;0
qiskit_finance/circuit/library/probability_distributions/lognormal.py;/classiq/open_library.functions.variational.encode_in_angle;Data Encoding;summary;This code is part of a Qiskit project. (C) Copyright IBM 2017, 2024. This code is licensed under the Apache License, Version 2.0. You may obtain a cop...;0.6668;0
qiskit_finance/circuit/library/probability_distributions/lognormal.py;/qiskit-algorithms/qiskit_algorithms.state_fidelities.compute_uncompute.ComputeUncompute;Uncompute;summary;This code is part of a Qiskit project. (C) Copyright IBM 2017, 2024. This code is licensed under the Apache License, Version 2.0. You may obtain a cop...;0.6667;0
qiskit_finance/circuit/library/probability_distributions/lognormal.py;/pennylane/pennylane.templates.state_preparations.superposition.Superposition;Basis Change;summary;This code is part of a Qiskit project. (C) Copyright IBM 2017, 2024. This code is licensed under the Apache License, Version 2.0. You may obtain a cop...;0.6657;0
qiskit_finance/circuit/library/probability_distributions/lognormal.py;/pennylane/pennylane.templates.layers.particle_conserving_u1.ParticleConservingU1;Variational Quantum Eigensolver (VQE);summary;This code is part of a Qiskit project. (C) Copyright IBM 2017, 2024. This code is licensed under the Apache License, Version 2.0. You may obtain a cop...;0.6653;0
qiskit_finance/circuit/library/probability_distributions/lognormal.py;/classiq/open_library.functions.qsvt.qsvt;Domain Specific Application;summary;This code is part of a Qiskit project. (C) Copyright IBM 2017, 2024. This code is licensed under the Apache License, Version 2.0. You may obtain a cop...;0.6646;0
qiskit_finance/circuit/library/probability_distributions/lognormal.py;/qiskit/qiskit.circuit.library.generalized_gates.pauli_product_rotation.PauliProductRotationGate;N/A;summary;This code is part of a Qiskit project. (C) Copyright IBM 2017, 2024. This code is licensed under the Apache License, Version 2.0. You may obtain a cop...;0.6643;0
qiskit_finance/circuit/library/probability_distributions/lognormal.py;/pennylane/pennylane.templates.embeddings.basis.BasisEmbedding;Data Encoding;summary;This code is part of a Qiskit project. (C) Copyright IBM 2017, 2024. This code is licensed under the Apache License, Version 2.0. You may obtain a cop...;0.6640;0
qiskit_finance/circuit/library/probability_distributions/lognormal.py;/qiskit/qiskit.circuit.library.arithmetic.piecewise_chebyshev.PiecewiseChebyshevGate;Quantum Arithmetic;summary;This code is part of a Qiskit project. (C) Copyright IBM 2017, 2024. This code is licensed under the Apache License, Version 2.0. You may obtain a cop...;0.6636;0
qiskit_finance/circuit/library/probability_distributions/lognormal.py;/classiq/open_library.functions.state_preparation.prepare_linear_amplitudes;Initialization;summary;This code is part of a Qiskit project. (C) Copyright IBM 2017, 2024. This code is licensed under the Apache License, Version 2.0. You may obtain a cop...;0.6625;0
qiskit_finance/circuit/library/probability_distributions/lognormal.py;/pennylane/pennylane.templates.subroutines.time_evolution.qdrift.QDrift;Hamiltonian Simulation;summary;This code is part of a Qiskit project. (C) Copyright IBM 2017, 2024. This code is licensed under the Apache License, Version 2.0. You may obtain a cop...;0.6595;0
qiskit_finance/circuit/library/probability_distributions/lognormal.py;/qiskit-algorithms/qiskit_algorithms.state_fidelities.base_state_fidelity.BaseStateFidelity;Uncompute;summary;This code is part of a Qiskit project. (C) Copyright IBM 2017, 2024. This code is licensed under the Apache License, Version 2.0. You may obtain a cop...;0.6591;0
qiskit_finance/circuit/library/probability_distributions/lognormal.py;/classiq/open_library.functions.qpe.qpe_flexible;Quantum Phase Estimation (QPE);summary;This code is part of a Qiskit project. (C) Copyright IBM 2017, 2024. This code is licensed under the Apache License, Version 2.0. You may obtain a cop...;0.6572;0
qiskit_finance/circuit/library/probability_distributions/lognormal.py;/pennylane/pennylane.templates.subroutines.qpe.QuantumPhaseEstimation;Quantum Phase Estimation (QPE);summary;This code is part of a Qiskit project. (C) Copyright IBM 2017, 2024. This code is licensed under the Apache License, Version 2.0. You may obtain a cop...;0.6569;0
qiskit_finance/circuit/library/probability_distributions/lognormal.py;/qiskit/qiskit.circuit.library.arithmetic.polynomial_pauli_rotations.PolynomialPauliRotationsGate;Quantum Arithmetic;summary;This code is part of a Qiskit project. (C) Copyright IBM 2017, 2024. This code is licensed under the Apache License, Version 2.0. You may obtain a cop...;0.6565;0
qiskit_finance/circuit/library/probability_distributions/lognormal.py;/classiq/open_library.functions.state_preparation.prepare_exponential_state;Initialization;summary;This code is part of a Qiskit project. (C) Copyright IBM 2017, 2024. This code is licensed under the Apache License, Version 2.0. You may obtain a cop...;0.6560;0
qiskit_finance/circuit/library/probability_distributions/lognormal.py;/qiskit-algorithms/qiskit_algorithms.phase_estimators.ipe.IterativePhaseEstimation;Quantum Phase Estimation (QPE);summary;This code is part of a Qiskit project. (C) Copyright IBM 2017, 2024. This code is licensed under the Apache License, Version 2.0. You may obtain a cop...;0.6554;0
qiskit_finance/circuit/library/probability_distributions/lognormal.py;/pennylane/pennylane.templates.embeddings.amplitude.AmplitudeEmbedding;Data Encoding;summary;This code is part of a Qiskit project. (C) Copyright IBM 2017, 2024. This code is licensed under the Apache License, Version 2.0. You may obtain a cop...;0.6545;0
qiskit_finance/circuit/library/probability_distributions/lognormal.py;/classiq/open_library.functions.qft_functions.qft;Basis Change;summary;This code is part of a Qiskit project. (C) Copyright IBM 2017, 2024. This code is licensed under the Apache License, Version 2.0. You may obtain a cop...;0.6538;0
qiskit_finance/circuit/library/probability_distributions/lognormal.py;/pennylane/pennylane.templates.embeddings.iqp.IQPEmbedding;Data Encoding;summary;This code is part of a Qiskit project. (C) Copyright IBM 2017, 2024. This code is licensed under the Apache License, Version 2.0. You may obtain a cop...;0.6529;0
qiskit_finance/circuit/library/probability_distributions/lognormal.py;/classiq/qmod.builtins.functions.exponentiation.suzuki_trotter;Hamiltonian Simulation;summary;This code is part of a Qiskit project. (C) Copyright IBM 2017, 2024. This code is licensed under the Apache License, Version 2.0. You may obtain a cop...;0.6525;0
qiskit_finance/circuit/library/probability_distributions/lognormal.py;/pennylane/pennylane.templates.layers.cv_neural_net.CVNeuralNetLayers;Quantum Neural Network (QNN);summary;This code is part of a Qiskit project. (C) Copyright IBM 2017, 2024. This code is licensed under the Apache License, Version 2.0. You may obtain a cop...;0.6523;0
qiskit_finance/circuit/library/probability_distributions/lognormal.py;/classiq/open_library.functions.qpe.qpe;Quantum Phase Estimation (QPE);summary;This code is part of a Qiskit project. (C) Copyright IBM 2017, 2024. This code is licensed under the Apache License, Version 2.0. You may obtain a cop...;0.6522;0
qiskit_finance/circuit/library/probability_distributions/lognormal.py;/pennylane/pennylane.templates.state_preparations.basis_qutrit.QutritBasisStatePreparation;Initialization;summary;This code is part of a Qiskit project. (C) Copyright IBM 2017, 2024. This code is licensed under the Apache License, Version 2.0. You may obtain a cop...;0.6518;0
qiskit_finance/circuit/library/probability_distributions/lognormal.py;/qiskit/qiskit.circuit.library.generalized_gates.diagonal.Diagonal;Circuit Construction Utility;summary;This code is part of a Qiskit project. (C) Copyright IBM 2017, 2024. This code is licensed under the Apache License, Version 2.0. You may obtain a cop...;0.6517;0
qiskit_finance/circuit/library/probability_distributions/lognormal.py;/classiq/open_library.functions.qsvt.qsvt_step;Domain Specific Application;summary;This code is part of a Qiskit project. (C) Copyright IBM 2017, 2024. This code is licensed under the Apache License, Version 2.0. You may obtain a cop...;0.6516;0
qiskit_finance/circuit/library/probability_distributions/lognormal.py;/pennylane/pennylane.templates.state_preparations.state_prep_mps.MPSPrep;Initialization;summary;This code is part of a Qiskit project. (C) Copyright IBM 2017, 2024. This code is licensed under the Apache License, Version 2.0. You may obtain a cop...;0.6502;0
qiskit_finance/circuit/library/probability_distributions/lognormal.py;/classiq/open_library.functions.qsvt.gqsp;Domain Specific Application;summary;This code is part of a Qiskit project. (C) Copyright IBM 2017, 2024. This code is licensed under the Apache License, Version 2.0. You may obtain a cop...;0.6501;0
qiskit_finance/circuit/library/probability_distributions/lognormal.py;/qiskit/qiskit.circuit.library.generalized_gates.isometry.Isometry;Circuit Construction Utility;name;Isometry;1.0000;169
qiskit_finance/circuit/library/probability_distributions/lognormal.py;/qiskit/qiskit.circuit.library.data_preparation.initializer.Initialize;Initialization;name;Initialize;1.0000;172
qiskit_finance/circuit/library/probability_distributions/normal.py;/pennylane/pennylane.templates.core.AbstractArray;N/A;summary;This code is part of a Qiskit project. (C) Copyright IBM 2017, 2024. This code is licensed under the Apache License, Version 2.0. You may obtain a cop...;0.7019;0
qiskit_finance/circuit/library/probability_distributions/normal.py;/qiskit/qiskit.circuit.library.arithmetic.functional_pauli_rotations.FunctionalPauliRotations;Quantum Arithmetic;summary;This code is part of a Qiskit project. (C) Copyright IBM 2017, 2024. This code is licensed under the Apache License, Version 2.0. You may obtain a cop...;0.6812;0
qiskit_finance/circuit/library/probability_distributions/normal.py;/classiq/open_library.functions.amplitude_amplification.exact_amplitude_amplification;Amplitude Amplification;summary;This code is part of a Qiskit project. (C) Copyright IBM 2017, 2024. This code is licensed under the Apache License, Version 2.0. You may obtain a cop...;0.6803;0
qiskit_finance/circuit/library/probability_distributions/normal.py;/pennylane/pennylane.templates.layers.gate_fabric.GateFabric;Variational Quantum Algorithm (VQA);summary;This code is part of a Qiskit project. (C) Copyright IBM 2017, 2024. This code is licensed under the Apache License, Version 2.0. You may obtain a cop...;0.6798;0
qiskit_finance/circuit/library/probability_distributions/normal.py;/classiq/open_library.functions.variational.encode_in_angle;Data Encoding;summary;This code is part of a Qiskit project. (C) Copyright IBM 2017, 2024. This code is licensed under the Apache License, Version 2.0. You may obtain a cop...;0.6756;0
qiskit_finance/circuit/library/probability_distributions/normal.py;/pennylane/pennylane.templates.subroutines.arithmetic.semi_adder.SemiAdder;Quantum Arithmetic;summary;This code is part of a Qiskit project. (C) Copyright IBM 2017, 2024. This code is licensed under the Apache License, Version 2.0. You may obtain a cop...;0.6731;0
qiskit_finance/circuit/library/probability_distributions/normal.py;/pennylane/pennylane.templates.state_preparations.superposition.Superposition;Basis Change;summary;This code is part of a Qiskit project. (C) Copyright IBM 2017, 2024. This code is licensed under the Apache License, Version 2.0. You may obtain a cop...;0.6702;0
qiskit_finance/circuit/library/probability_distributions/normal.py;/pennylane/pennylane.templates.subroutines.qmc.QuantumMonteCarlo;Domain Specific Application;summary;This code is part of a Qiskit project. (C) Copyright IBM 2017, 2024. This code is licensed under the Apache License, Version 2.0. You may obtain a cop...;0.6700;0
qiskit_finance/circuit/library/probability_distributions/normal.py;/pennylane/pennylane.templates.embeddings.basis.BasisEmbedding;Data Encoding;summary;This code is part of a Qiskit project. (C) Copyright IBM 2017, 2024. This code is licensed under the Apache License, Version 2.0. You may obtain a cop...;0.6693;0
qiskit_finance/circuit/library/probability_distributions/normal.py;/pennylane/pennylane.templates.state_preparations.mottonen.MottonenStatePreparation;Schmidt Decomposition;summary;This code is part of a Qiskit project. (C) Copyright IBM 2017, 2024. This code is licensed under the Apache License, Version 2.0. You may obtain a cop...;0.6682;0
qiskit_finance/circuit/library/probability_distributions/normal.py;/classiq/open_library.functions.variational.encode_on_bloch;Data Encoding;summary;This code is part of a Qiskit project. (C) Copyright IBM 2017, 2024. This code is licensed under the Apache License, Version 2.0. You may obtain a cop...;0.6680;0
qiskit_finance/circuit/library/probability_distributions/normal.py;/qiskit/qiskit.circuit.library.generalized_gates.pauli_product_rotation.PauliProductRotationGate;N/A;summary;This code is part of a Qiskit project. (C) Copyright IBM 2017, 2024. This code is licensed under the Apache License, Version 2.0. You may obtain a cop...;0.6673;0
qiskit_finance/circuit/library/probability_distributions/normal.py;/qiskit/qiskit.circuit.library.arithmetic.linear_pauli_rotations.LinearPauliRotationsGate;Quantum Arithmetic;summary;This code is part of a Qiskit project. (C) Copyright IBM 2017, 2024. This code is licensed under the Apache License, Version 2.0. You may obtain a cop...;0.6637;0
qiskit_finance/circuit/library/probability_distributions/normal.py;/classiq/open_library.functions.qsvt.qsvt;Domain Specific Application;summary;This code is part of a Qiskit project. (C) Copyright IBM 2017, 2024. This code is licensed under the Apache License, Version 2.0. You may obtain a cop...;0.6632;0
qiskit_finance/circuit/library/probability_distributions/normal.py;/qiskit/qiskit.circuit.library.arithmetic.polynomial_pauli_rotations.PolynomialPauliRotationsGate;Quantum Arithmetic;summary;This code is part of a Qiskit project. (C) Copyright IBM 2017, 2024. This code is licensed under the Apache License, Version 2.0. You may obtain a cop...;0.6628;0
qiskit_finance/circuit/library/probability_distributions/normal.py;/pennylane/pennylane.templates.subroutines.aqft.AQFT;Basis Change;summary;This code is part of a Qiskit project. (C) Copyright IBM 2017, 2024. This code is licensed under the Apache License, Version 2.0. You may obtain a cop...;0.6625;0
qiskit_finance/circuit/library/probability_distributions/normal.py;/pennylane/pennylane.templates.layers.particle_conserving_u1.ParticleConservingU1;Variational Quantum Eigensolver (VQE);summary;This code is part of a Qiskit project. (C) Copyright IBM 2017, 2024. This code is licensed under the Apache License, Version 2.0. You may obtain a cop...;0.6606;0
qiskit_finance/circuit/library/probability_distributions/normal.py;/classiq/open_library.functions.qsvt.qsvt_step;Domain Specific Application;summary;This code is part of a Qiskit project. (C) Copyright IBM 2017, 2024. This code is licensed under the Apache License, Version 2.0. You may obtain a cop...;0.6599;0
qiskit_finance/circuit/library/probability_distributions/normal.py;/classiq/open_library.functions.state_preparation.prepare_linear_amplitudes;Initialization;summary;This code is part of a Qiskit project. (C) Copyright IBM 2017, 2024. This code is licensed under the Apache License, Version 2.0. You may obtain a cop...;0.6596;0
qiskit_finance/circuit/library/probability_distributions/normal.py;/qiskit/qiskit.circuit.library.arithmetic.piecewise_polynomial_pauli_rotations.PiecewisePolynomialPauliRotationsGate;Quantum Arithmetic;summary;This code is part of a Qiskit project. (C) Copyright IBM 2017, 2024. This code is licensed under the Apache License, Version 2.0. You may obtain a cop...;0.6595;0
qiskit_finance/circuit/library/probability_distributions/normal.py;/qiskit/qiskit.circuit.library.arithmetic.piecewise_chebyshev.PiecewiseChebyshevGate;Quantum Arithmetic;summary;This code is part of a Qiskit project. (C) Copyright IBM 2017, 2024. This code is licensed under the Apache License, Version 2.0. You may obtain a cop...;0.6588;0
qiskit_finance/circuit/library/probability_distributions/normal.py;/classiq/open_library.functions.qpe.qpe_flexible;Quantum Phase Estimation (QPE);summary;This code is part of a Qiskit project. (C) Copyright IBM 2017, 2024. This code is licensed under the Apache License, Version 2.0. You may obtain a cop...;0.6586;0
qiskit_finance/circuit/library/probability_distributions/normal.py;/classiq/open_library.functions.state_preparation.inplace_prepare_int;N/A;summary;This code is part of a Qiskit project. (C) Copyright IBM 2017, 2024. This code is licensed under the Apache License, Version 2.0. You may obtain a cop...;0.6578;0
qiskit_finance/circuit/library/probability_distributions/normal.py;/pennylane/pennylane.templates.subroutines.reflection.Reflection;Grover;summary;This code is part of a Qiskit project. (C) Copyright IBM 2017, 2024. This code is licensed under the Apache License, Version 2.0. You may obtain a cop...;0.6566;0
qiskit_finance/circuit/library/probability_distributions/normal.py;/pennylane/pennylane.templates.subroutines.time_evolution.trotter.TrotterizedQfunc;Hamiltonian Simulation;summary;This code is part of a Qiskit project. (C) Copyright IBM 2017, 2024. This code is licensed under the Apache License, Version 2.0. You may obtain a cop...;0.6544;0
qiskit_finance/circuit/library/probability_distributions/normal.py;/classiq/open_library.functions.state_preparation.prepare_exponential_state;Initialization;summary;This code is part of a Qiskit project. (C) Copyright IBM 2017, 2024. This code is licensed under the Apache License, Version 2.0. You may obtain a cop...;0.6544;0
qiskit_finance/circuit/library/probability_distributions/normal.py;/qiskit/qiskit.circuit.library.arithmetic.adders.adder.ModularAdderGate;Quantum Arithmetic;summary;This code is part of a Qiskit project. (C) Copyright IBM 2017, 2024. This code is licensed under the Apache License, Version 2.0. You may obtain a cop...;0.6540;0
qiskit_finance/circuit/library/probability_distributions/normal.py;/classiq/open_library.functions.qpe.qpe;Quantum Phase Estimation (QPE);summary;This code is part of a Qiskit project. (C) Copyright IBM 2017, 2024. This code is licensed under the Apache License, Version 2.0. You may obtain a cop...;0.6532;0
qiskit_finance/circuit/library/probability_distributions/normal.py;/classiq/open_library.functions.qsvt.qsvt_inversion;Domain Specific Application;summary;This code is part of a Qiskit project. (C) Copyright IBM 2017, 2024. This code is licensed under the Apache License, Version 2.0. You may obtain a cop...;0.6519;0
qiskit_finance/circuit/library/probability_distributions/normal.py;/classiq/open_library.functions.state_preparation.prepare_uniform_interval_state;Initialization;summary;This code is part of a Qiskit project. (C) Copyright IBM 2017, 2024. This code is licensed under the Apache License, Version 2.0. You may obtain a cop...;0.6516;0
qiskit_finance/circuit/library/probability_distributions/normal.py;/pennylane/pennylane.templates.embeddings.amplitude.AmplitudeEmbedding;Data Encoding;summary;This code is part of a Qiskit project. (C) Copyright IBM 2017, 2024. This code is licensed under the Apache License, Version 2.0. You may obtain a cop...;0.6515;0
qiskit_finance/circuit/library/probability_distributions/normal.py;/classiq/open_library.functions.hea.full_hea;Variational Quantum Algorithm (VQA);summary;This code is part of a Qiskit project. (C) Copyright IBM 2017, 2024. This code is licensed under the Apache License, Version 2.0. You may obtain a cop...;0.6513;0
qiskit_finance/circuit/library/probability_distributions/normal.py;/pennylane/pennylane.templates.embeddings.iqp.IQPEmbedding;Data Encoding;summary;This code is part of a Qiskit project. (C) Copyright IBM 2017, 2024. This code is licensed under the Apache License, Version 2.0. You may obtain a cop...;0.6502;0
qiskit_finance/circuit/library/probability_distributions/normal.py;/pennylane/pennylane.templates.subroutines.qpe.QuantumPhaseEstimation;Quantum Phase Estimation (QPE);summary;This code is part of a Qiskit project. (C) Copyright IBM 2017, 2024. This code is licensed under the Apache License, Version 2.0. You may obtain a cop...;0.6501;0
qiskit_finance/circuit/library/probability_distributions/normal.py;/qiskit-algorithms/qiskit_algorithms.phase_estimators.ipe.IterativePhaseEstimation;Quantum Phase Estimation (QPE);summary;This code is part of a Qiskit project. (C) Copyright IBM 2017, 2024. This code is licensed under the Apache License, Version 2.0. You may obtain a cop...;0.6500;0
qiskit_finance/circuit/library/probability_distributions/normal.py;/qiskit/qiskit.circuit.library.generalized_gates.isometry.Isometry;Circuit Construction Utility;name;Isometry;1.0000;207
qiskit_finance/circuit/library/probability_distributions/normal.py;/qiskit/qiskit.circuit.library.data_preparation.initializer.Initialize;Initialization;name;Initialize;1.0000;210
qiskit_finance/circuit/library/probability_distributions/uniform.py;/classiq/open_library.functions.state_preparation.prepare_int;N/A;summary;This code is part of a Qiskit project. (C) Copyright IBM 2017, 2023. This code is licensed under the Apache License, Version 2.0. You may obtain a cop...;0.6767;0
qiskit_finance/circuit/library/probability_distributions/uniform.py;/classiq/open_library.functions.qsvt.qsvt_lcu;Domain Specific Application;summary;This code is part of a Qiskit project. (C) Copyright IBM 2017, 2023. This code is licensed under the Apache License, Version 2.0. You may obtain a cop...;0.6603;0
qiskit_finance/circuit/library/probability_distributions/uniform.py;/classiq/open_library.functions.state_preparation.inplace_prepare_int;N/A;summary;This code is part of a Qiskit project. (C) Copyright IBM 2017, 2023. This code is licensed under the Apache License, Version 2.0. You may obtain a cop...;0.6597;0
qiskit_finance/circuit/library/probability_distributions/uniform.py;/pennylane/pennylane.templates.layers.gate_fabric.GateFabric;Variational Quantum Algorithm (VQA);summary;This code is part of a Qiskit project. (C) Copyright IBM 2017, 2023. This code is licensed under the Apache License, Version 2.0. You may obtain a cop...;0.6573;0
qiskit_finance/circuit/library/probability_distributions/uniform.py;/classiq/open_library.functions.qsvt.qsvt_step;Domain Specific Application;summary;This code is part of a Qiskit project. (C) Copyright IBM 2017, 2023. This code is licensed under the Apache License, Version 2.0. You may obtain a cop...;0.6563;0
qiskit_finance/circuit/library/probability_distributions/uniform.py;/classiq/open_library.functions.discrete_sine_cosine_transform.qct_type2;Basis Change;summary;This code is part of a Qiskit project. (C) Copyright IBM 2017, 2023. This code is licensed under the Apache License, Version 2.0. You may obtain a cop...;0.6562;0
qiskit_finance/circuit/library/probability_distributions/uniform.py;/classiq/open_library.functions.discrete_sine_cosine_transform.qst_type2;Basis Change;summary;This code is part of a Qiskit project. (C) Copyright IBM 2017, 2023. This code is licensed under the Apache License, Version 2.0. You may obtain a cop...;0.6516;0
qiskit_finance/circuit/library/probability_distributions/uniform.py;/classiq/open_library.functions.discrete_sine_cosine_transform.qct_qst_type2;Basis Change;summary;This code is part of a Qiskit project. (C) Copyright IBM 2017, 2023. This code is licensed under the Apache License, Version 2.0. You may obtain a cop...;0.6515;0
qiskit_finance/circuit/library/probability_distributions/uniform.py;/classiq/open_library.functions.qsvt.qsvt;Domain Specific Application;summary;This code is part of a Qiskit project. (C) Copyright IBM 2017, 2023. This code is licensed under the Apache License, Version 2.0. You may obtain a cop...;0.6506;0
qiskit_finance/data_providers/__init__.py;/classiq/open_library.functions.state_preparation.prepare_int;N/A;summary;This code is part of a Qiskit project. (C) Copyright IBM 2018, 2023. This code is licensed under the Apache License, Version 2.0. You may obtain a cop...;0.6746;0
qiskit_finance/data_providers/__init__.py;/classiq/open_library.functions.qsvt.qsvt_lcu;Domain Specific Application;summary;This code is part of a Qiskit project. (C) Copyright IBM 2018, 2023. This code is licensed under the Apache License, Version 2.0. You may obtain a cop...;0.6583;0
qiskit_finance/data_providers/__init__.py;/pennylane/pennylane.templates.layers.gate_fabric.GateFabric;Variational Quantum Algorithm (VQA);summary;This code is part of a Qiskit project. (C) Copyright IBM 2018, 2023. This code is licensed under the Apache License, Version 2.0. You may obtain a cop...;0.6573;0
qiskit_finance/data_providers/__init__.py;/classiq/open_library.functions.state_preparation.inplace_prepare_int;N/A;summary;This code is part of a Qiskit project. (C) Copyright IBM 2018, 2023. This code is licensed under the Apache License, Version 2.0. You may obtain a cop...;0.6565;0
qiskit_finance/data_providers/__init__.py;/classiq/open_library.functions.discrete_sine_cosine_transform.qct_type2;Basis Change;summary;This code is part of a Qiskit project. (C) Copyright IBM 2018, 2023. This code is licensed under the Apache License, Version 2.0. You may obtain a cop...;0.6544;0
qiskit_finance/data_providers/__init__.py;/classiq/open_library.functions.qsvt.qsvt_step;Domain Specific Application;summary;This code is part of a Qiskit project. (C) Copyright IBM 2018, 2023. This code is licensed under the Apache License, Version 2.0. You may obtain a cop...;0.6526;0
qiskit_finance/data_providers/__init__.py;/classiq/open_library.functions.discrete_sine_cosine_transform.qst_type2;Basis Change;summary;This code is part of a Qiskit project. (C) Copyright IBM 2018, 2023. This code is licensed under the Apache License, Version 2.0. You may obtain a cop...;0.6510;0
qiskit_finance/data_providers/__init__.py;/classiq/open_library.functions.discrete_sine_cosine_transform.qct_qst_type2;Basis Change;summary;This code is part of a Qiskit project. (C) Copyright IBM 2018, 2023. This code is licensed under the Apache License, Version 2.0. You may obtain a cop...;0.6500;0
qiskit_finance/data_providers/_base_data_provider.py;/classiq/open_library.functions.state_preparation.inplace_prepare_int;N/A;summary;This code is part of a Qiskit project. (C) Copyright IBM 2019, 2024. This code is licensed under the Apache License, Version 2.0. You may obtain a cop...;0.6983;0
qiskit_finance/data_providers/_base_data_provider.py;/classiq/open_library.functions.state_preparation.prepare_int;N/A;summary;This code is part of a Qiskit project. (C) Copyright IBM 2019, 2024. This code is licensed under the Apache License, Version 2.0. You may obtain a cop...;0.6883;0
qiskit_finance/data_providers/_base_data_provider.py;/pennylane/pennylane.templates.core.AbstractArray;N/A;summary;This code is part of a Qiskit project. (C) Copyright IBM 2019, 2024. This code is licensed under the Apache License, Version 2.0. You may obtain a cop...;0.6848;0
qiskit_finance/data_providers/_base_data_provider.py;/pennylane/pennylane.templates.layers.gate_fabric.GateFabric;Variational Quantum Algorithm (VQA);summary;This code is part of a Qiskit project. (C) Copyright IBM 2019, 2024. This code is licensed under the Apache License, Version 2.0. You may obtain a cop...;0.6669;0
qiskit_finance/data_providers/_base_data_provider.py;/classiq/open_library.functions.qsvt.qsvt;Domain Specific Application;summary;This code is part of a Qiskit project. (C) Copyright IBM 2019, 2024. This code is licensed under the Apache License, Version 2.0. You may obtain a cop...;0.6646;0
qiskit_finance/data_providers/_base_data_provider.py;/pennylane/pennylane.templates.embeddings.basis.BasisEmbedding;Data Encoding;summary;This code is part of a Qiskit project. (C) Copyright IBM 2019, 2024. This code is licensed under the Apache License, Version 2.0. You may obtain a cop...;0.6640;0
qiskit_finance/data_providers/_base_data_provider.py;/classiq/open_library.functions.qsvt.qsvt_lcu;Domain Specific Application;summary;This code is part of a Qiskit project. (C) Copyright IBM 2019, 2024. This code is licensed under the Apache License, Version 2.0. You may obtain a cop...;0.6568;0
qiskit_finance/data_providers/_base_data_provider.py;/pennylane/pennylane.templates.embeddings.displacement.DisplacementEmbedding;Data Encoding;summary;This code is part of a Qiskit project. (C) Copyright IBM 2019, 2024. This code is licensed under the Apache License, Version 2.0. You may obtain a cop...;0.6568;0
qiskit_finance/data_providers/_base_data_provider.py;/pennylane/pennylane.templates.embeddings.amplitude.AmplitudeEmbedding;Data Encoding;summary;This code is part of a Qiskit project. (C) Copyright IBM 2019, 2024. This code is licensed under the Apache License, Version 2.0. You may obtain a cop...;0.6542;0
qiskit_finance/data_providers/_base_data_provider.py;/pennylane/pennylane.templates.embeddings.angle.AngleEmbedding;Data Encoding;summary;This code is part of a Qiskit project. (C) Copyright IBM 2019, 2024. This code is licensed under the Apache License, Version 2.0. You may obtain a cop...;0.6539;0
qiskit_finance/data_providers/_base_data_provider.py;/qiskit-algorithms/qiskit_algorithms.time_evolvers.time_evolution_problem.TimeEvolutionProblem;Variational Quantum Algorithm (VQA);summary;This code is part of a Qiskit project. (C) Copyright IBM 2019, 2024. This code is licensed under the Apache License, Version 2.0. You may obtain a cop...;0.6507;0
qiskit_finance/data_providers/exchange_data_provider.py;/classiq/open_library.functions.state_preparation.prepare_int;N/A;summary;This code is part of a Qiskit project. (C) Copyright IBM 2019, 2024. This code is licensed under the Apache License, Version 2.0. You may obtain a cop...;0.6699;0
qiskit_finance/data_providers/exchange_data_provider.py;/classiq/open_library.functions.discrete_sine_cosine_transform.qct_type2;Basis Change;summary;This code is part of a Qiskit project. (C) Copyright IBM 2019, 2024. This code is licensed under the Apache License, Version 2.0. You may obtain a cop...;0.6661;0
qiskit_finance/data_providers/exchange_data_provider.py;/classiq/open_library.functions.qsvt.qsvt_lcu;Domain Specific Application;summary;This code is part of a Qiskit project. (C) Copyright IBM 2019, 2024. This code is licensed under the Apache License, Version 2.0. You may obtain a cop...;0.6592;0
qiskit_finance/data_providers/exchange_data_provider.py;/pennylane/pennylane.templates.layers.gate_fabric.GateFabric;Variational Quantum Algorithm (VQA);summary;This code is part of a Qiskit project. (C) Copyright IBM 2019, 2024. This code is licensed under the Apache License, Version 2.0. You may obtain a cop...;0.6570;0
qiskit_finance/data_providers/exchange_data_provider.py;/classiq/open_library.functions.discrete_sine_cosine_transform.qct_qst_type2;Basis Change;summary;This code is part of a Qiskit project. (C) Copyright IBM 2019, 2024. This code is licensed under the Apache License, Version 2.0. You may obtain a cop...;0.6566;0
qiskit_finance/data_providers/exchange_data_provider.py;/classiq/open_library.functions.discrete_sine_cosine_transform.qst_type2;Basis Change;summary;This code is part of a Qiskit project. (C) Copyright IBM 2019, 2024. This code is licensed under the Apache License, Version 2.0. You may obtain a cop...;0.6529;0
qiskit_finance/data_providers/exchange_data_provider.py;/classiq/open_library.functions.state_preparation.inplace_prepare_int;N/A;summary;This code is part of a Qiskit project. (C) Copyright IBM 2019, 2024. This code is licensed under the Apache License, Version 2.0. You may obtain a cop...;0.6519;0
qiskit_finance/data_providers/random_data_provider.py;/pennylane/pennylane.templates.layers.gate_fabric.GateFabric;Variational Quantum Algorithm (VQA);summary;This code is part of a Qiskit project. (C) Copyright IBM 2019, 2024. This code is licensed under the Apache License, Version 2.0. You may obtain a cop...;0.6995;0
qiskit_finance/data_providers/random_data_provider.py;/classiq/open_library.functions.state_preparation.prepare_int;N/A;summary;This code is part of a Qiskit project. (C) Copyright IBM 2019, 2024. This code is licensed under the Apache License, Version 2.0. You may obtain a cop...;0.6951;0
qiskit_finance/data_providers/random_data_provider.py;/classiq/open_library.functions.qsvt.qsvt;Domain Specific Application;summary;This code is part of a Qiskit project. (C) Copyright IBM 2019, 2024. This code is licensed under the Apache License, Version 2.0. You may obtain a cop...;0.6945;0
qiskit_finance/data_providers/random_data_provider.py;/classiq/open_library.functions.qsvt.qsvt_step;Domain Specific Application;summary;This code is part of a Qiskit project. (C) Copyright IBM 2019, 2024. This code is licensed under the Apache License, Version 2.0. You may obtain a cop...;0.6924;0
qiskit_finance/data_providers/random_data_provider.py;/classiq/open_library.functions.modular_exponentiation.c_modular_multiply;Quantum Arithmetic;summary;This code is part of a Qiskit project. (C) Copyright IBM 2019, 2024. This code is licensed under the Apache License, Version 2.0. You may obtain a cop...;0.6914;0
qiskit_finance/data_providers/random_data_provider.py;/classiq/open_library.functions.state_preparation.inplace_prepare_int;N/A;summary;This code is part of a Qiskit project. (C) Copyright IBM 2019, 2024. This code is licensed under the Apache License, Version 2.0. You may obtain a cop...;0.6859;0
qiskit_finance/data_providers/random_data_provider.py;/classiq/open_library.functions.state_preparation.prepare_uniform_trimmed_state;Initialization;summary;This code is part of a Qiskit project. (C) Copyright IBM 2019, 2024. This code is licensed under the Apache License, Version 2.0. You may obtain a cop...;0.6842;0
qiskit_finance/data_providers/random_data_provider.py;/classiq/open_library.functions.qsvt.qsvt_lcu;Domain Specific Application;summary;This code is part of a Qiskit project. (C) Copyright IBM 2019, 2024. This code is licensed under the Apache License, Version 2.0. You may obtain a cop...;0.6833;0
qiskit_finance/data_providers/random_data_provider.py;/classiq/open_library.functions.state_preparation.prepare_basis_state;Initialization;summary;This code is part of a Qiskit project. (C) Copyright IBM 2019, 2024. This code is licensed under the Apache License, Version 2.0. You may obtain a cop...;0.6824;0
qiskit_finance/data_providers/random_data_provider.py;/classiq/open_library.functions.discrete_sine_cosine_transform.qst_type2;Basis Change;summary;This code is part of a Qiskit project. (C) Copyright IBM 2019, 2024. This code is licensed under the Apache License, Version 2.0. You may obtain a cop...;0.6814;0
qiskit_finance/data_providers/random_data_provider.py;/qiskit/qiskit.circuit.library.arithmetic.quadratic_form.QuadraticFormGate;Quantum Arithmetic;summary;This code is part of a Qiskit project. (C) Copyright IBM 2019, 2024. This code is licensed under the Apache License, Version 2.0. You may obtain a cop...;0.6783;0
qiskit_finance/data_providers/random_data_provider.py;/classiq/open_library.functions.modular_exponentiation.inplace_c_modular_multiply;Quantum Arithmetic;summary;This code is part of a Qiskit project. (C) Copyright IBM 2019, 2024. This code is licensed under the Apache License, Version 2.0. You may obtain a cop...;0.6781;0
qiskit_finance/data_providers/random_data_provider.py;/pennylane/pennylane.templates.subroutines.qrom.QROM;Data Encoding;summary;This code is part of a Qiskit project. (C) Copyright IBM 2019, 2024. This code is licensed under the Apache License, Version 2.0. You may obtain a cop...;0.6776;0
qiskit_finance/data_providers/random_data_provider.py;/classiq/open_library.functions.state_preparation.prepare_uniform_interval_state;Initialization;summary;This code is part of a Qiskit project. (C) Copyright IBM 2019, 2024. This code is licensed under the Apache License, Version 2.0. You may obtain a cop...;0.6766;0
qiskit_finance/data_providers/random_data_provider.py;/classiq/open_library.functions.qsvt.qsvt_lcu_step;Domain Specific Application;summary;This code is part of a Qiskit project. (C) Copyright IBM 2019, 2024. This code is licensed under the Apache License, Version 2.0. You may obtain a cop...;0.6754;0
qiskit_finance/data_providers/random_data_provider.py;/classiq/open_library.functions.amplitude_amplification.exact_amplitude_amplification;Amplitude Amplification;summary;This code is part of a Qiskit project. (C) Copyright IBM 2019, 2024. This code is licensed under the Apache License, Version 2.0. You may obtain a cop...;0.6725;0
qiskit_finance/data_providers/random_data_provider.py;/classiq/open_library.functions.discrete_sine_cosine_transform.qct_type2;Basis Change;summary;This code is part of a Qiskit project. (C) Copyright IBM 2019, 2024. This code is licensed under the Apache License, Version 2.0. You may obtain a cop...;0.6724;0
qiskit_finance/data_providers/random_data_provider.py;/classiq/open_library.functions.state_preparation.prepare_linear_amplitudes;Initialization;summary;This code is part of a Qiskit project. (C) Copyright IBM 2019, 2024. This code is licensed under the Apache License, Version 2.0. You may obtain a cop...;0.6714;0
qiskit_finance/data_providers/random_data_provider.py;/classiq/open_library.functions.modular_exponentiation.modular_multiply;Quantum Arithmetic;summary;This code is part of a Qiskit project. (C) Copyright IBM 2019, 2024. This code is licensed under the Apache License, Version 2.0. You may obtain a cop...;0.6707;0
qiskit_finance/data_providers/random_data_provider.py;/classiq/open_library.functions.lookup_table.span_lookup_table;Function Table;summary;This code is part of a Qiskit project. (C) Copyright IBM 2019, 2024. This code is licensed under the Apache License, Version 2.0. You may obtain a cop...;0.6703;0
qiskit_finance/data_providers/random_data_provider.py;/classiq/open_library.functions.discrete_sine_cosine_transform.qct_qst_type2;Basis Change;summary;This code is part of a Qiskit project. (C) Copyright IBM 2019, 2024. This code is licensed under the Apache License, Version 2.0. You may obtain a cop...;0.6688;0
qiskit_finance/data_providers/random_data_provider.py;/qiskit/qiskit.circuit.library.arithmetic.integer_comparator.IntegerComparator;Quantum Arithmetic;summary;This code is part of a Qiskit project. (C) Copyright IBM 2019, 2024. This code is licensed under the Apache License, Version 2.0. You may obtain a cop...;0.6643;0
qiskit_finance/data_providers/random_data_provider.py;/classiq/open_library.functions.qpe.qpe_flexible;Quantum Phase Estimation (QPE);summary;This code is part of a Qiskit project. (C) Copyright IBM 2019, 2024. This code is licensed under the Apache License, Version 2.0. You may obtain a cop...;0.6630;0
qiskit_finance/data_providers/random_data_provider.py;/classiq/open_library.functions.utility_functions.hadamard_transform;Basis Change;summary;This code is part of a Qiskit project. (C) Copyright IBM 2019, 2024. This code is licensed under the Apache License, Version 2.0. You may obtain a cop...;0.6627;0
qiskit_finance/data_providers/random_data_provider.py;/pennylane/pennylane.templates.subroutines.qsvt.QSVT;Domain Specific Application;summary;This code is part of a Qiskit project. (C) Copyright IBM 2019, 2024. This code is licensed under the Apache License, Version 2.0. You may obtain a cop...;0.6602;0
qiskit_finance/data_providers/random_data_provider.py;/classiq/open_library.functions.qft_functions.qft;Basis Change;summary;This code is part of a Qiskit project. (C) Copyright IBM 2019, 2024. This code is licensed under the Apache License, Version 2.0. You may obtain a cop...;0.6602;0
qiskit_finance/data_providers/random_data_provider.py;/classiq/open_library.functions.qft_functions.qft_no_swap;Basis Change;summary;This code is part of a Qiskit project. (C) Copyright IBM 2019, 2024. This code is licensed under the Apache License, Version 2.0. You may obtain a cop...;0.6578;0
qiskit_finance/data_providers/random_data_provider.py;/classiq/open_library.functions.modular_exponentiation.qft_space_add_const;Quantum Arithmetic;summary;This code is part of a Qiskit project. (C) Copyright IBM 2019, 2024. This code is licensed under the Apache License, Version 2.0. You may obtain a cop...;0.6578;0
qiskit_finance/data_providers/random_data_provider.py;/pennylane/pennylane.templates.layers.cv_neural_net.CVNeuralNetLayers;Quantum Neural Network (QNN);summary;This code is part of a Qiskit project. (C) Copyright IBM 2019, 2024. This code is licensed under the Apache License, Version 2.0. You may obtain a cop...;0.6565;0
qiskit_finance/data_providers/random_data_provider.py;/pennylane/pennylane.templates.subroutines.aqft.AQFT;Basis Change;summary;This code is part of a Qiskit project. (C) Copyright IBM 2019, 2024. This code is licensed under the Apache License, Version 2.0. You may obtain a cop...;0.6562;0
qiskit_finance/data_providers/random_data_provider.py;/classiq/open_library.functions.modular_exponentiation.modular_exp;Quantum Arithmetic;summary;This code is part of a Qiskit project. (C) Copyright IBM 2019, 2024. This code is licensed under the Apache License, Version 2.0. You may obtain a cop...;0.6551;0
qiskit_finance/data_providers/random_data_provider.py;/classiq/open_library.functions.modular_exponentiation.inplace_modular_multiply;Quantum Arithmetic;summary;This code is part of a Qiskit project. (C) Copyright IBM 2019, 2024. This code is licensed under the Apache License, Version 2.0. You may obtain a cop...;0.6540;0
qiskit_finance/data_providers/random_data_provider.py;/classiq/open_library.functions.modular_exponentiation.modular_add_qft_space;Quantum Arithmetic;summary;This code is part of a Qiskit project. (C) Copyright IBM 2019, 2024. This code is licensed under the Apache License, Version 2.0. You may obtain a cop...;0.6527;0
qiskit_finance/data_providers/random_data_provider.py;/classiq/open_library.functions.discrete_sine_cosine_transform.qct_qst_type1;Basis Change;summary;This code is part of a Qiskit project. (C) Copyright IBM 2019, 2024. This code is licensed under the Apache License, Version 2.0. You may obtain a cop...;0.6523;0
qiskit_finance/data_providers/random_data_provider.py;/pennylane/pennylane.templates.embeddings.basis.BasisEmbedding;Data Encoding;summary;This code is part of a Qiskit project. (C) Copyright IBM 2019, 2024. This code is licensed under the Apache License, Version 2.0. You may obtain a cop...;0.6518;0
qiskit_finance/data_providers/random_data_provider.py;/classiq/open_library.functions.state_preparation.prepare_exponential_state;Initialization;summary;This code is part of a Qiskit project. (C) Copyright IBM 2019, 2024. This code is licensed under the Apache License, Version 2.0. You may obtain a cop...;0.6506;0
qiskit_finance/data_providers/random_data_provider.py;/pennylane/pennylane.templates.subroutines.arithmetic.semi_adder.SemiAdder;Quantum Arithmetic;summary;This code is part of a Qiskit project. (C) Copyright IBM 2019, 2024. This code is licensed under the Apache License, Version 2.0. You may obtain a cop...;0.6504;0
qiskit_finance/data_providers/random_data_provider.py;/classiq/open_library.functions.modular_exponentiation.cc_modular_add;Quantum Arithmetic;summary;This code is part of a Qiskit project. (C) Copyright IBM 2019, 2024. This code is licensed under the Apache License, Version 2.0. You may obtain a cop...;0.6503;0
qiskit_finance/data_providers/wikipedia_data_provider.py;/classiq/open_library.functions.state_preparation.prepare_int;N/A;summary;This code is part of a Qiskit project. (C) Copyright IBM 2019, 2024. This code is licensed under the Apache License, Version 2.0. You may obtain a cop...;0.6765;0
qiskit_finance/data_providers/wikipedia_data_provider.py;/classiq/open_library.functions.state_preparation.inplace_prepare_int;N/A;summary;This code is part of a Qiskit project. (C) Copyright IBM 2019, 2024. This code is licensed under the Apache License, Version 2.0. You may obtain a cop...;0.6559;0
qiskit_finance/data_providers/wikipedia_data_provider.py;/classiq/open_library.functions.qsvt.qsvt_lcu;Domain Specific Application;summary;This code is part of a Qiskit project. (C) Copyright IBM 2019, 2024. This code is licensed under the Apache License, Version 2.0. You may obtain a cop...;0.6554;0
qiskit_finance/data_providers/wikipedia_data_provider.py;/pennylane/pennylane.templates.layers.gate_fabric.GateFabric;Variational Quantum Algorithm (VQA);summary;This code is part of a Qiskit project. (C) Copyright IBM 2019, 2024. This code is licensed under the Apache License, Version 2.0. You may obtain a cop...;0.6514;0
qiskit_finance/exceptions.py;/classiq/open_library.functions.state_preparation.prepare_int;N/A;summary;This code is part of a Qiskit project. (C) Copyright IBM 2019, 2023. This code is licensed under the Apache License, Version 2.0. You may obtain a cop...;0.6734;0
qiskit_finance/exceptions.py;/classiq/open_library.functions.qsvt.qsvt_lcu;Domain Specific Application;summary;This code is part of a Qiskit project. (C) Copyright IBM 2019, 2023. This code is licensed under the Apache License, Version 2.0. You may obtain a cop...;0.6544;0
qiskit_finance/exceptions.py;/pennylane/pennylane.templates.layers.gate_fabric.GateFabric;Variational Quantum Algorithm (VQA);summary;This code is part of a Qiskit project. (C) Copyright IBM 2019, 2023. This code is licensed under the Apache License, Version 2.0. You may obtain a cop...;0.6537;0
qiskit_finance/exceptions.py;/classiq/open_library.functions.state_preparation.inplace_prepare_int;N/A;summary;This code is part of a Qiskit project. (C) Copyright IBM 2019, 2023. This code is licensed under the Apache License, Version 2.0. You may obtain a cop...;0.6535;0
setup.py;/classiq/open_library.functions.state_preparation.prepare_int;N/A;summary;This code is part of a Qiskit project. (C) Copyright IBM 2021, 2024. This code is licensed under the Apache License, Version 2.0. You may obtain a cop...;0.6881;0
setup.py;/pennylane/pennylane.templates.layers.gate_fabric.GateFabric;Variational Quantum Algorithm (VQA);summary;This code is part of a Qiskit project. (C) Copyright IBM 2021, 2024. This code is licensed under the Apache License, Version 2.0. You may obtain a cop...;0.6855;0
setup.py;/classiq/open_library.functions.qsvt.qsvt_lcu;Domain Specific Application;summary;This code is part of a Qiskit project. (C) Copyright IBM 2021, 2024. This code is licensed under the Apache License, Version 2.0. You may obtain a cop...;0.6813;0
setup.py;/classiq/open_library.functions.discrete_sine_cosine_transform.qct_type2;Basis Change;summary;This code is part of a Qiskit project. (C) Copyright IBM 2021, 2024. This code is licensed under the Apache License, Version 2.0. You may obtain a cop...;0.6761;0
setup.py;/classiq/open_library.functions.discrete_sine_cosine_transform.qst_type2;Basis Change;summary;This code is part of a Qiskit project. (C) Copyright IBM 2021, 2024. This code is licensed under the Apache License, Version 2.0. You may obtain a cop...;0.6744;0
setup.py;/classiq/open_library.functions.qsvt.qsvt_step;Domain Specific Application;summary;This code is part of a Qiskit project. (C) Copyright IBM 2021, 2024. This code is licensed under the Apache License, Version 2.0. You may obtain a cop...;0.6741;0
setup.py;/classiq/open_library.functions.state_preparation.inplace_prepare_int;N/A;summary;This code is part of a Qiskit project. (C) Copyright IBM 2021, 2024. This code is licensed under the Apache License, Version 2.0. You may obtain a cop...;0.6735;0
setup.py;/classiq/open_library.functions.discrete_sine_cosine_transform.qct_qst_type2;Basis Change;summary;This code is part of a Qiskit project. (C) Copyright IBM 2021, 2024. This code is licensed under the Apache License, Version 2.0. You may obtain a cop...;0.6706;0
setup.py;/classiq/open_library.functions.qsvt.qsvt;Domain Specific Application;summary;This code is part of a Qiskit project. (C) Copyright IBM 2021, 2024. This code is licensed under the Apache License, Version 2.0. You may obtain a cop...;0.6673;0
setup.py;/qiskit/qiskit.circuit.library.arithmetic.quadratic_form.QuadraticFormGate;Quantum Arithmetic;summary;This code is part of a Qiskit project. (C) Copyright IBM 2021, 2024. This code is licensed under the Apache License, Version 2.0. You may obtain a cop...;0.6667;0
setup.py;/classiq/open_library.functions.modular_exponentiation.c_modular_multiply;Quantum Arithmetic;summary;This code is part of a Qiskit project. (C) Copyright IBM 2021, 2024. This code is licensed under the Apache License, Version 2.0. You may obtain a cop...;0.6618;0
setup.py;/pennylane/pennylane.templates.layers.cv_neural_net.CVNeuralNetLayers;Quantum Neural Network (QNN);summary;This code is part of a Qiskit project. (C) Copyright IBM 2021, 2024. This code is licensed under the Apache License, Version 2.0. You may obtain a cop...;0.6600;0
setup.py;/pennylane/pennylane.templates.subroutines.qsvt.QSVT;Domain Specific Application;summary;This code is part of a Qiskit project. (C) Copyright IBM 2021, 2024. This code is licensed under the Apache License, Version 2.0. You may obtain a cop...;0.6587;0
setup.py;/pennylane/pennylane.templates.subroutines.qrom.QROM;Data Encoding;summary;This code is part of a Qiskit project. (C) Copyright IBM 2021, 2024. This code is licensed under the Apache License, Version 2.0. You may obtain a cop...;0.6578;0
setup.py;/classiq/open_library.functions.qsvt.qsvt_lcu_step;Domain Specific Application;summary;This code is part of a Qiskit project. (C) Copyright IBM 2021, 2024. This code is licensed under the Apache License, Version 2.0. You may obtain a cop...;0.6562;0
setup.py;/pennylane/pennylane.templates.subroutines.iqp.IQP;Circuit Construction Utility;summary;This code is part of a Qiskit project. (C) Copyright IBM 2021, 2024. This code is licensed under the Apache License, Version 2.0. You may obtain a cop...;0.6543;0
setup.py;/qiskit/qiskit.circuit.library.generalized_gates.unitary.UnitaryGate;Circuit Construction Utility;summary;This code is part of a Qiskit project. (C) Copyright IBM 2021, 2024. This code is licensed under the Apache License, Version 2.0. You may obtain a cop...;0.6529;0
setup.py;/classiq/open_library.functions.qaoa_penalty.qaoa_mixer_layer;Quantum Approximate Optimization Algorithm (QAOA);summary;This code is part of a Qiskit project. (C) Copyright IBM 2021, 2024. This code is licensed under the Apache License, Version 2.0. You may obtain a cop...;0.6522;0
test/__init__.py;/classiq/open_library.functions.state_preparation.prepare_int;N/A;summary;This code is part of a Qiskit project. (C) Copyright IBM 2018, 2023. This code is licensed under the Apache License, Version 2.0. You may obtain a cop...;0.6746;0
test/__init__.py;/classiq/open_library.functions.qsvt.qsvt_lcu;Domain Specific Application;summary;This code is part of a Qiskit project. (C) Copyright IBM 2018, 2023. This code is licensed under the Apache License, Version 2.0. You may obtain a cop...;0.6583;0
test/__init__.py;/pennylane/pennylane.templates.layers.gate_fabric.GateFabric;Variational Quantum Algorithm (VQA);summary;This code is part of a Qiskit project. (C) Copyright IBM 2018, 2023. This code is licensed under the Apache License, Version 2.0. You may obtain a cop...;0.6573;0
test/__init__.py;/classiq/open_library.functions.state_preparation.inplace_prepare_int;N/A;summary;This code is part of a Qiskit project. (C) Copyright IBM 2018, 2023. This code is licensed under the Apache License, Version 2.0. You may obtain a cop...;0.6565;0
test/__init__.py;/classiq/open_library.functions.discrete_sine_cosine_transform.qct_type2;Basis Change;summary;This code is part of a Qiskit project. (C) Copyright IBM 2018, 2023. This code is licensed under the Apache License, Version 2.0. You may obtain a cop...;0.6544;0
test/__init__.py;/classiq/open_library.functions.qsvt.qsvt_step;Domain Specific Application;summary;This code is part of a Qiskit project. (C) Copyright IBM 2018, 2023. This code is licensed under the Apache License, Version 2.0. You may obtain a cop...;0.6526;0
test/__init__.py;/classiq/open_library.functions.discrete_sine_cosine_transform.qst_type2;Basis Change;summary;This code is part of a Qiskit project. (C) Copyright IBM 2018, 2023. This code is licensed under the Apache License, Version 2.0. You may obtain a cop...;0.6510;0
test/__init__.py;/classiq/open_library.functions.discrete_sine_cosine_transform.qct_qst_type2;Basis Change;summary;This code is part of a Qiskit project. (C) Copyright IBM 2018, 2023. This code is licensed under the Apache License, Version 2.0. You may obtain a cop...;0.6500;0
test/applications/__init__.py;/classiq/open_library.functions.state_preparation.prepare_int;N/A;summary;This code is part of a Qiskit project. (C) Copyright IBM 2021, 2023. This code is licensed under the Apache License, Version 2.0. You may obtain a cop...;0.6819;0
test/applications/__init__.py;/pennylane/pennylane.templates.layers.gate_fabric.GateFabric;Variational Quantum Algorithm (VQA);summary;This code is part of a Qiskit project. (C) Copyright IBM 2021, 2023. This code is licensed under the Apache License, Version 2.0. You may obtain a cop...;0.6740;0
test/applications/__init__.py;/classiq/open_library.functions.qsvt.qsvt_lcu;Domain Specific Application;summary;This code is part of a Qiskit project. (C) Copyright IBM 2021, 2023. This code is licensed under the Apache License, Version 2.0. You may obtain a cop...;0.6697;0
test/applications/__init__.py;/classiq/open_library.functions.state_preparation.inplace_prepare_int;N/A;summary;This code is part of a Qiskit project. (C) Copyright IBM 2021, 2023. This code is licensed under the Apache License, Version 2.0. You may obtain a cop...;0.6659;0
test/applications/__init__.py;/classiq/open_library.functions.qsvt.qsvt_step;Domain Specific Application;summary;This code is part of a Qiskit project. (C) Copyright IBM 2021, 2023. This code is licensed under the Apache License, Version 2.0. You may obtain a cop...;0.6652;0
test/applications/__init__.py;/classiq/open_library.functions.discrete_sine_cosine_transform.qct_type2;Basis Change;summary;This code is part of a Qiskit project. (C) Copyright IBM 2021, 2023. This code is licensed under the Apache License, Version 2.0. You may obtain a cop...;0.6626;0
test/applications/__init__.py;/classiq/open_library.functions.discrete_sine_cosine_transform.qst_type2;Basis Change;summary;This code is part of a Qiskit project. (C) Copyright IBM 2021, 2023. This code is licensed under the Apache License, Version 2.0. You may obtain a cop...;0.6612;0
test/applications/__init__.py;/qiskit/qiskit.circuit.library.arithmetic.quadratic_form.QuadraticFormGate;Quantum Arithmetic;summary;This code is part of a Qiskit project. (C) Copyright IBM 2021, 2023. This code is licensed under the Apache License, Version 2.0. You may obtain a cop...;0.6592;0
test/applications/__init__.py;/classiq/open_library.functions.discrete_sine_cosine_transform.qct_qst_type2;Basis Change;summary;This code is part of a Qiskit project. (C) Copyright IBM 2021, 2023. This code is licensed under the Apache License, Version 2.0. You may obtain a cop...;0.6580;0
test/applications/__init__.py;/classiq/open_library.functions.qsvt.qsvt;Domain Specific Application;summary;This code is part of a Qiskit project. (C) Copyright IBM 2021, 2023. This code is licensed under the Apache License, Version 2.0. You may obtain a cop...;0.6563;0
test/applications/__init__.py;/pennylane/pennylane.templates.subroutines.qrom.QROM;Data Encoding;summary;This code is part of a Qiskit project. (C) Copyright IBM 2021, 2023. This code is licensed under the Apache License, Version 2.0. You may obtain a cop...;0.6523;0
test/applications/__init__.py;/classiq/open_library.functions.modular_exponentiation.c_modular_multiply;Quantum Arithmetic;summary;This code is part of a Qiskit project. (C) Copyright IBM 2021, 2023. This code is licensed under the Apache License, Version 2.0. You may obtain a cop...;0.6505;0
test/applications/test_european_call_delta.py;/pennylane/pennylane.templates.subroutines.qpe.QuantumPhaseEstimation;Quantum Phase Estimation (QPE);summary;This code is part of a Qiskit project. (C) Copyright IBM 2020, 2023. This code is licensed under the Apache License, Version 2.0. You may obtain a cop...;0.7339;0
test/applications/test_european_call_delta.py;/classiq/open_library.functions.qpe.qpe_flexible;Quantum Phase Estimation (QPE);summary;This code is part of a Qiskit project. (C) Copyright IBM 2020, 2023. This code is licensed under the Apache License, Version 2.0. You may obtain a cop...;0.7185;0
test/applications/test_european_call_delta.py;/qiskit-algorithms/qiskit_algorithms.state_fidelities.compute_uncompute.ComputeUncompute;Uncompute;summary;This code is part of a Qiskit project. (C) Copyright IBM 2020, 2023. This code is licensed under the Apache License, Version 2.0. You may obtain a cop...;0.7178;0
test/applications/test_european_call_delta.py;/pennylane/pennylane.templates.state_preparations.arbitrary_state_preparation.ArbitraryStatePreparation;Initialization;summary;This code is part of a Qiskit project. (C) Copyright IBM 2020, 2023. This code is licensed under the Apache License, Version 2.0. You may obtain a cop...;0.7145;0
test/applications/test_european_call_delta.py;/pennylane/pennylane.templates.state_preparations.mottonen.MottonenStatePreparation;Schmidt Decomposition;summary;This code is part of a Qiskit project. (C) Copyright IBM 2020, 2023. This code is licensed under the Apache License, Version 2.0. You may obtain a cop...;0.7123;0
test/applications/test_european_call_delta.py;/classiq/open_library.functions.state_preparation.prepare_int;N/A;summary;This code is part of a Qiskit project. (C) Copyright IBM 2020, 2023. This code is licensed under the Apache License, Version 2.0. You may obtain a cop...;0.7059;0
test/applications/test_european_call_delta.py;/classiq/open_library.functions.qsvt.qsvt_step;Domain Specific Application;summary;This code is part of a Qiskit project. (C) Copyright IBM 2020, 2023. This code is licensed under the Apache License, Version 2.0. You may obtain a cop...;0.7044;0
test/applications/test_european_call_delta.py;/pennylane/pennylane.templates.layers.gate_fabric.GateFabric;Variational Quantum Algorithm (VQA);summary;This code is part of a Qiskit project. (C) Copyright IBM 2020, 2023. This code is licensed under the Apache License, Version 2.0. You may obtain a cop...;0.7019;0
test/applications/test_european_call_delta.py;/classiq/open_library.functions.amplitude_amplification.exact_amplitude_amplification;Amplitude Amplification;summary;This code is part of a Qiskit project. (C) Copyright IBM 2020, 2023. This code is licensed under the Apache License, Version 2.0. You may obtain a cop...;0.7010;0
test/applications/test_european_call_delta.py;/classiq/open_library.functions.state_preparation.prepare_dicke_state_unary_input;Initialization;summary;This code is part of a Qiskit project. (C) Copyright IBM 2020, 2023. This code is licensed under the Apache License, Version 2.0. You may obtain a cop...;0.6999;0
test/applications/test_european_call_delta.py;/classiq/open_library.functions.state_preparation.prepare_exponential_state;Initialization;summary;This code is part of a Qiskit project. (C) Copyright IBM 2020, 2023. This code is licensed under the Apache License, Version 2.0. You may obtain a cop...;0.6979;0
test/applications/test_european_call_delta.py;/pennylane/pennylane.templates.tensornetworks.mps.MPS;Quantum Neural Network (QNN);summary;This code is part of a Qiskit project. (C) Copyright IBM 2020, 2023. This code is licensed under the Apache License, Version 2.0. You may obtain a cop...;0.6959;0
test/applications/test_european_call_delta.py;/classiq/open_library.functions.state_preparation.inplace_prepare_int;N/A;summary;This code is part of a Qiskit project. (C) Copyright IBM 2020, 2023. This code is licensed under the Apache License, Version 2.0. You may obtain a cop...;0.6950;0
test/applications/test_european_call_delta.py;/qiskit/qiskit.circuit.library.graph_state.GraphState;Circuit Construction Utility;summary;This code is part of a Qiskit project. (C) Copyright IBM 2020, 2023. This code is licensed under the Apache License, Version 2.0. You may obtain a cop...;0.6919;0
test/applications/test_european_call_delta.py;/pennylane/pennylane.templates.state_preparations.basis_qutrit.QutritBasisStatePreparation;Initialization;summary;This code is part of a Qiskit project. (C) Copyright IBM 2020, 2023. This code is licensed under the Apache License, Version 2.0. You may obtain a cop...;0.6919;0
test/applications/test_european_call_delta.py;/pennylane/pennylane.templates.state_preparations.state_prep_mps.MPSPrep;Initialization;summary;This code is part of a Qiskit project. (C) Copyright IBM 2020, 2023. This code is licensed under the Apache License, Version 2.0. You may obtain a cop...;0.6901;0
test/applications/test_european_call_delta.py;/pennylane/pennylane.templates.state_preparations.qrom_state_prep.QROMStatePreparation;Initialization;summary;This code is part of a Qiskit project. (C) Copyright IBM 2020, 2023. This code is licensed under the Apache License, Version 2.0. You may obtain a cop...;0.6899;0
test/applications/test_european_call_delta.py;/qiskit/qiskit.circuit.library.phase_estimation.PhaseEstimation;Quantum Phase Estimation (QPE);summary;This code is part of a Qiskit project. (C) Copyright IBM 2020, 2023. This code is licensed under the Apache License, Version 2.0. You may obtain a cop...;0.6892;0
test/applications/test_european_call_delta.py;/pennylane/pennylane.templates.layers.cv_neural_net.CVNeuralNetLayers;Quantum Neural Network (QNN);summary;This code is part of a Qiskit project. (C) Copyright IBM 2020, 2023. This code is licensed under the Apache License, Version 2.0. You may obtain a cop...;0.6882;0
test/applications/test_european_call_delta.py;/qiskit-algorithms/qiskit_algorithms.state_fidelities.base_state_fidelity.BaseStateFidelity;Uncompute;summary;This code is part of a Qiskit project. (C) Copyright IBM 2020, 2023. This code is licensed under the Apache License, Version 2.0. You may obtain a cop...;0.6880;0
test/applications/test_european_call_delta.py;/classiq/open_library.functions.qsvt.qsvt_lcu_step;Domain Specific Application;summary;This code is part of a Qiskit project. (C) Copyright IBM 2020, 2023. This code is licensed under the Apache License, Version 2.0. You may obtain a cop...;0.6877;0
test/applications/test_european_call_delta.py;/classiq/open_library.functions.state_preparation.prepare_dicke_state;Initialization;summary;This code is part of a Qiskit project. (C) Copyright IBM 2020, 2023. This code is licensed under the Apache License, Version 2.0. You may obtain a cop...;0.6864;0
test/applications/test_european_call_delta.py;/pennylane/pennylane.templates.subroutines.qsvt.QSVT;Domain Specific Application;summary;This code is part of a Qiskit project. (C) Copyright IBM 2020, 2023. This code is licensed under the Apache License, Version 2.0. You may obtain a cop...;0.6858;0
test/applications/test_european_call_delta.py;/classiq/open_library.functions.state_preparation.prepare_linear_amplitudes;Initialization;summary;This code is part of a Qiskit project. (C) Copyright IBM 2020, 2023. This code is licensed under the Apache License, Version 2.0. You may obtain a cop...;0.6849;0
test/applications/test_european_call_delta.py;/pennylane/pennylane.templates.subroutines.qmc.QuantumMonteCarlo;Domain Specific Application;summary;This code is part of a Qiskit project. (C) Copyright IBM 2020, 2023. This code is licensed under the Apache License, Version 2.0. You may obtain a cop...;0.6834;0
test/applications/test_european_call_delta.py;/qiskit/qiskit.circuit.library.arithmetic.multipliers.rg_qft_multiplier.RGQFTMultiplier;Quantum Arithmetic;summary;This code is part of a Qiskit project. (C) Copyright IBM 2020, 2023. This code is licensed under the Apache License, Version 2.0. You may obtain a cop...;0.6832;0
test/applications/test_european_call_delta.py;/qiskit-algorithms/qiskit_algorithms.phase_estimators.ipe.IterativePhaseEstimation;Quantum Phase Estimation (QPE);summary;This code is part of a Qiskit project. (C) Copyright IBM 2020, 2023. This code is licensed under the Apache License, Version 2.0. You may obtain a cop...;0.6799;0
test/applications/test_european_call_delta.py;/pennylane/pennylane.templates.subroutines.gqsp.GQSP;Basis Change;summary;This code is part of a Qiskit project. (C) Copyright IBM 2020, 2023. This code is licensed under the Apache License, Version 2.0. You may obtain a cop...;0.6789;0
test/applications/test_european_call_delta.py;/qiskit/qiskit.circuit.library.arithmetic.quadratic_form.QuadraticFormGate;Quantum Arithmetic;summary;This code is part of a Qiskit project. (C) Copyright IBM 2020, 2023. This code is licensed under the Apache License, Version 2.0. You may obtain a cop...;0.6788;0
test/applications/test_european_call_delta.py;/pennylane/pennylane.templates.subroutines.iqp.IQP;Circuit Construction Utility;summary;This code is part of a Qiskit project. (C) Copyright IBM 2020, 2023. This code is licensed under the Apache License, Version 2.0. You may obtain a cop...;0.6788;0
test/applications/test_european_call_delta.py;/classiq/open_library.functions.qsvt.qsvt;Domain Specific Application;summary;This code is part of a Qiskit project. (C) Copyright IBM 2020, 2023. This code is licensed under the Apache License, Version 2.0. You may obtain a cop...;0.6785;0
test/applications/test_european_call_delta.py;/pennylane/pennylane.templates.subroutines.qrom.QROM;Data Encoding;summary;This code is part of a Qiskit project. (C) Copyright IBM 2020, 2023. This code is licensed under the Apache License, Version 2.0. You may obtain a cop...;0.6776;0
test/applications/test_european_call_delta.py;/pennylane/pennylane.templates.subroutines.controlled_sequence.ControlledSequence;Quantum Phase Estimation (QPE);summary;This code is part of a Qiskit project. (C) Copyright IBM 2020, 2023. This code is licensed under the Apache License, Version 2.0. You may obtain a cop...;0.6775;0
test/applications/test_european_call_delta.py;/qiskit/qiskit.circuit.library.generalized_gates.mcg_up_to_diagonal.MCGupDiag;Circuit Construction Utility;summary;This code is part of a Qiskit project. (C) Copyright IBM 2020, 2023. This code is licensed under the Apache License, Version 2.0. You may obtain a cop...;0.6766;0
test/applications/test_european_call_delta.py;/classiq/open_library.functions.discrete_sine_cosine_transform.qst_type2;Basis Change;summary;This code is part of a Qiskit project. (C) Copyright IBM 2020, 2023. This code is licensed under the Apache License, Version 2.0. You may obtain a cop...;0.6763;0
test/applications/test_european_call_delta.py;/qiskit-algorithms/qiskit_algorithms.phase_estimators.phase_estimation.PhaseEstimation;Quantum Phase Estimation (QPE);summary;This code is part of a Qiskit project. (C) Copyright IBM 2020, 2023. This code is licensed under the Apache License, Version 2.0. You may obtain a cop...;0.6756;0
test/applications/test_european_call_delta.py;/qiskit/qiskit.circuit.library.arithmetic.adders.draper_qft_adder.DraperQFTAdder;Quantum Arithmetic;summary;This code is part of a Qiskit project. (C) Copyright IBM 2020, 2023. This code is licensed under the Apache License, Version 2.0. You may obtain a cop...;0.6747;0
test/applications/test_european_call_delta.py;/qiskit/qiskit.circuit.library.iqp.IQP;Circuit Construction Utility;summary;This code is part of a Qiskit project. (C) Copyright IBM 2020, 2023. This code is licensed under the Apache License, Version 2.0. You may obtain a cop...;0.6741;0
test/applications/test_european_call_delta.py;/qiskit/qiskit.circuit.library.data_preparation.state_preparation.StatePreparation;Initialization;summary;This code is part of a Qiskit project. (C) Copyright IBM 2020, 2023. This code is licensed under the Apache License, Version 2.0. You may obtain a cop...;0.6732;0
test/applications/test_european_call_delta.py;/qiskit-algorithms/qiskit_algorithms.amplitude_estimators.amplitude_estimator.AmplitudeEstimator;Quantum Amplitude Estimation;summary;This code is part of a Qiskit project. (C) Copyright IBM 2020, 2023. This code is licensed under the Apache License, Version 2.0. You may obtain a cop...;0.6726;0
test/applications/test_european_call_delta.py;/qiskit/qiskit.circuit.library.arithmetic.linear_amplitude_function.LinearAmplitudeFunctionGate;Quantum Arithmetic;summary;This code is part of a Qiskit project. (C) Copyright IBM 2020, 2023. This code is licensed under the Apache License, Version 2.0. You may obtain a cop...;0.6721;0
test/applications/test_european_call_delta.py;/classiq/open_library.functions.qpe.qpe;Quantum Phase Estimation (QPE);summary;This code is part of a Qiskit project. (C) Copyright IBM 2020, 2023. This code is licensed under the Apache License, Version 2.0. You may obtain a cop...;0.6712;0
test/applications/test_european_call_delta.py;/classiq/open_library.functions.qsvt.qsvt_lcu;Domain Specific Application;summary;This code is part of a Qiskit project. (C) Copyright IBM 2020, 2023. This code is licensed under the Apache License, Version 2.0. You may obtain a cop...;0.6709;0
test/applications/test_european_call_delta.py;/qiskit/qiskit.circuit.library.generalized_gates.unitary.UnitaryGate;Circuit Construction Utility;summary;This code is part of a Qiskit project. (C) Copyright IBM 2020, 2023. This code is licensed under the Apache License, Version 2.0. You may obtain a cop...;0.6708;0
test/applications/test_european_call_delta.py;/classiq/open_library.functions.qft_functions.qft_no_swap;Basis Change;summary;This code is part of a Qiskit project. (C) Copyright IBM 2020, 2023. This code is licensed under the Apache License, Version 2.0. You may obtain a cop...;0.6705;0
test/applications/test_european_call_delta.py;/pennylane/pennylane.templates.subroutines.qubitization.Qubitization;Data Encoding;summary;This code is part of a Qiskit project. (C) Copyright IBM 2020, 2023. This code is licensed under the Apache License, Version 2.0. You may obtain a cop...;0.6702;0
test/applications/test_european_call_delta.py;/classiq/open_library.functions.modular_exponentiation.c_modular_multiply;Quantum Arithmetic;summary;This code is part of a Qiskit project. (C) Copyright IBM 2020, 2023. This code is licensed under the Apache License, Version 2.0. You may obtain a cop...;0.6699;0
test/applications/test_european_call_delta.py;/classiq/open_library.functions.qsvt.gqsp;Domain Specific Application;summary;This code is part of a Qiskit project. (C) Copyright IBM 2020, 2023. This code is licensed under the Apache License, Version 2.0. You may obtain a cop...;0.6698;0
test/applications/test_european_call_delta.py;/qiskit/qiskit.circuit.library.iqp.random_iqp;Circuit Construction Utility;summary;This code is part of a Qiskit project. (C) Copyright IBM 2020, 2023. This code is licensed under the Apache License, Version 2.0. You may obtain a cop...;0.6697;0
test/applications/test_european_call_delta.py;/qiskit-algorithms/qiskit_algorithms.amplitude_estimators.estimation_problem.EstimationProblem;Quantum Amplitude Estimation;name;to_estimation_problem;0.9724;35
test/applications/test_european_call_delta.py;/qiskit/qiskit.circuit.library.arithmetic.integer_comparator.IntegerComparator;Quantum Arithmetic;name;IntegerComparator;1.0000;38
test/applications/test_european_call_delta.py;/qiskit/qiskit.circuit.library.arithmetic.integer_comparator.IntegerComparatorGate;Quantum Arithmetic;name;IntegerComparator;0.9183;38
test/applications/test_european_call_pricing.py;/pennylane/pennylane.templates.subroutines.qpe.QuantumPhaseEstimation;Quantum Phase Estimation (QPE);summary;This code is part of a Qiskit project. (C) Copyright IBM 2020, 2023. This code is licensed under the Apache License, Version 2.0. You may obtain a cop...;0.7339;0
test/applications/test_european_call_pricing.py;/classiq/open_library.functions.qpe.qpe_flexible;Quantum Phase Estimation (QPE);summary;This code is part of a Qiskit project. (C) Copyright IBM 2020, 2023. This code is licensed under the Apache License, Version 2.0. You may obtain a cop...;0.7185;0
test/applications/test_european_call_pricing.py;/qiskit-algorithms/qiskit_algorithms.state_fidelities.compute_uncompute.ComputeUncompute;Uncompute;summary;This code is part of a Qiskit project. (C) Copyright IBM 2020, 2023. This code is licensed under the Apache License, Version 2.0. You may obtain a cop...;0.7178;0
test/applications/test_european_call_pricing.py;/pennylane/pennylane.templates.state_preparations.arbitrary_state_preparation.ArbitraryStatePreparation;Initialization;summary;This code is part of a Qiskit project. (C) Copyright IBM 2020, 2023. This code is licensed under the Apache License, Version 2.0. You may obtain a cop...;0.7145;0
test/applications/test_european_call_pricing.py;/pennylane/pennylane.templates.state_preparations.mottonen.MottonenStatePreparation;Schmidt Decomposition;summary;This code is part of a Qiskit project. (C) Copyright IBM 2020, 2023. This code is licensed under the Apache License, Version 2.0. You may obtain a cop...;0.7123;0
test/applications/test_european_call_pricing.py;/classiq/open_library.functions.state_preparation.prepare_int;N/A;summary;This code is part of a Qiskit project. (C) Copyright IBM 2020, 2023. This code is licensed under the Apache License, Version 2.0. You may obtain a cop...;0.7059;0
test/applications/test_european_call_pricing.py;/classiq/open_library.functions.qsvt.qsvt_step;Domain Specific Application;summary;This code is part of a Qiskit project. (C) Copyright IBM 2020, 2023. This code is licensed under the Apache License, Version 2.0. You may obtain a cop...;0.7044;0
test/applications/test_european_call_pricing.py;/pennylane/pennylane.templates.layers.gate_fabric.GateFabric;Variational Quantum Algorithm (VQA);summary;This code is part of a Qiskit project. (C) Copyright IBM 2020, 2023. This code is licensed under the Apache License, Version 2.0. You may obtain a cop...;0.7019;0
test/applications/test_european_call_pricing.py;/classiq/open_library.functions.amplitude_amplification.exact_amplitude_amplification;Amplitude Amplification;summary;This code is part of a Qiskit project. (C) Copyright IBM 2020, 2023. This code is licensed under the Apache License, Version 2.0. You may obtain a cop...;0.7010;0
test/applications/test_european_call_pricing.py;/classiq/open_library.functions.state_preparation.prepare_dicke_state_unary_input;Initialization;summary;This code is part of a Qiskit project. (C) Copyright IBM 2020, 2023. This code is licensed under the Apache License, Version 2.0. You may obtain a cop...;0.6999;0
test/applications/test_european_call_pricing.py;/classiq/open_library.functions.state_preparation.prepare_exponential_state;Initialization;summary;This code is part of a Qiskit project. (C) Copyright IBM 2020, 2023. This code is licensed under the Apache License, Version 2.0. You may obtain a cop...;0.6979;0
test/applications/test_european_call_pricing.py;/pennylane/pennylane.templates.tensornetworks.mps.MPS;Quantum Neural Network (QNN);summary;This code is part of a Qiskit project. (C) Copyright IBM 2020, 2023. This code is licensed under the Apache License, Version 2.0. You may obtain a cop...;0.6959;0
test/applications/test_european_call_pricing.py;/classiq/open_library.functions.state_preparation.inplace_prepare_int;N/A;summary;This code is part of a Qiskit project. (C) Copyright IBM 2020, 2023. This code is licensed under the Apache License, Version 2.0. You may obtain a cop...;0.6950;0
test/applications/test_european_call_pricing.py;/qiskit/qiskit.circuit.library.graph_state.GraphState;Circuit Construction Utility;summary;This code is part of a Qiskit project. (C) Copyright IBM 2020, 2023. This code is licensed under the Apache License, Version 2.0. You may obtain a cop...;0.6919;0
test/applications/test_european_call_pricing.py;/pennylane/pennylane.templates.state_preparations.basis_qutrit.QutritBasisStatePreparation;Initialization;summary;This code is part of a Qiskit project. (C) Copyright IBM 2020, 2023. This code is licensed under the Apache License, Version 2.0. You may obtain a cop...;0.6919;0
test/applications/test_european_call_pricing.py;/pennylane/pennylane.templates.state_preparations.state_prep_mps.MPSPrep;Initialization;summary;This code is part of a Qiskit project. (C) Copyright IBM 2020, 2023. This code is licensed under the Apache License, Version 2.0. You may obtain a cop...;0.6901;0
test/applications/test_european_call_pricing.py;/pennylane/pennylane.templates.state_preparations.qrom_state_prep.QROMStatePreparation;Initialization;summary;This code is part of a Qiskit project. (C) Copyright IBM 2020, 2023. This code is licensed under the Apache License, Version 2.0. You may obtain a cop...;0.6899;0
test/applications/test_european_call_pricing.py;/qiskit/qiskit.circuit.library.phase_estimation.PhaseEstimation;Quantum Phase Estimation (QPE);summary;This code is part of a Qiskit project. (C) Copyright IBM 2020, 2023. This code is licensed under the Apache License, Version 2.0. You may obtain a cop...;0.6892;0
test/applications/test_european_call_pricing.py;/pennylane/pennylane.templates.layers.cv_neural_net.CVNeuralNetLayers;Quantum Neural Network (QNN);summary;This code is part of a Qiskit project. (C) Copyright IBM 2020, 2023. This code is licensed under the Apache License, Version 2.0. You may obtain a cop...;0.6882;0
test/applications/test_european_call_pricing.py;/qiskit-algorithms/qiskit_algorithms.state_fidelities.base_state_fidelity.BaseStateFidelity;Uncompute;summary;This code is part of a Qiskit project. (C) Copyright IBM 2020, 2023. This code is licensed under the Apache License, Version 2.0. You may obtain a cop...;0.6880;0
test/applications/test_european_call_pricing.py;/classiq/open_library.functions.qsvt.qsvt_lcu_step;Domain Specific Application;summary;This code is part of a Qiskit project. (C) Copyright IBM 2020, 2023. This code is licensed under the Apache License, Version 2.0. You may obtain a cop...;0.6877;0
test/applications/test_european_call_pricing.py;/qiskit/qiskit.circuit.library.arithmetic.integer_comparator.IntegerComparatorGate;Quantum Arithmetic;summary;This code is part of a Qiskit project. (C) Copyright IBM 2020, 2023. This code is licensed under the Apache License, Version 2.0. You may obtain a cop...;0.6866;0
test/applications/test_european_call_pricing.py;/classiq/open_library.functions.state_preparation.prepare_dicke_state;Initialization;summary;This code is part of a Qiskit project. (C) Copyright IBM 2020, 2023. This code is licensed under the Apache License, Version 2.0. You may obtain a cop...;0.6864;0
test/applications/test_european_call_pricing.py;/pennylane/pennylane.templates.subroutines.qsvt.QSVT;Domain Specific Application;summary;This code is part of a Qiskit project. (C) Copyright IBM 2020, 2023. This code is licensed under the Apache License, Version 2.0. You may obtain a cop...;0.6858;0
test/applications/test_european_call_pricing.py;/classiq/open_library.functions.state_preparation.prepare_linear_amplitudes;Initialization;summary;This code is part of a Qiskit project. (C) Copyright IBM 2020, 2023. This code is licensed under the Apache License, Version 2.0. You may obtain a cop...;0.6849;0
test/applications/test_european_call_pricing.py;/pennylane/pennylane.templates.subroutines.qmc.QuantumMonteCarlo;Domain Specific Application;summary;This code is part of a Qiskit project. (C) Copyright IBM 2020, 2023. This code is licensed under the Apache License, Version 2.0. You may obtain a cop...;0.6834;0
test/applications/test_european_call_pricing.py;/qiskit/qiskit.circuit.library.arithmetic.multipliers.rg_qft_multiplier.RGQFTMultiplier;Quantum Arithmetic;summary;This code is part of a Qiskit project. (C) Copyright IBM 2020, 2023. This code is licensed under the Apache License, Version 2.0. You may obtain a cop...;0.6832;0
test/applications/test_european_call_pricing.py;/qiskit-algorithms/qiskit_algorithms.phase_estimators.ipe.IterativePhaseEstimation;Quantum Phase Estimation (QPE);summary;This code is part of a Qiskit project. (C) Copyright IBM 2020, 2023. This code is licensed under the Apache License, Version 2.0. You may obtain a cop...;0.6799;0
test/applications/test_european_call_pricing.py;/pennylane/pennylane.templates.subroutines.gqsp.GQSP;Basis Change;summary;This code is part of a Qiskit project. (C) Copyright IBM 2020, 2023. This code is licensed under the Apache License, Version 2.0. You may obtain a cop...;0.6789;0
test/applications/test_european_call_pricing.py;/qiskit/qiskit.circuit.library.arithmetic.quadratic_form.QuadraticFormGate;Quantum Arithmetic;summary;This code is part of a Qiskit project. (C) Copyright IBM 2020, 2023. This code is licensed under the Apache License, Version 2.0. You may obtain a cop...;0.6788;0
test/applications/test_european_call_pricing.py;/pennylane/pennylane.templates.subroutines.iqp.IQP;Circuit Construction Utility;summary;This code is part of a Qiskit project. (C) Copyright IBM 2020, 2023. This code is licensed under the Apache License, Version 2.0. You may obtain a cop...;0.6788;0
test/applications/test_european_call_pricing.py;/classiq/open_library.functions.qsvt.qsvt;Domain Specific Application;summary;This code is part of a Qiskit project. (C) Copyright IBM 2020, 2023. This code is licensed under the Apache License, Version 2.0. You may obtain a cop...;0.6785;0
test/applications/test_european_call_pricing.py;/pennylane/pennylane.templates.subroutines.qrom.QROM;Data Encoding;summary;This code is part of a Qiskit project. (C) Copyright IBM 2020, 2023. This code is licensed under the Apache License, Version 2.0. You may obtain a cop...;0.6776;0
test/applications/test_european_call_pricing.py;/pennylane/pennylane.templates.subroutines.controlled_sequence.ControlledSequence;Quantum Phase Estimation (QPE);summary;This code is part of a Qiskit project. (C) Copyright IBM 2020, 2023. This code is licensed under the Apache License, Version 2.0. You may obtain a cop...;0.6775;0
test/applications/test_european_call_pricing.py;/qiskit/qiskit.circuit.library.generalized_gates.mcg_up_to_diagonal.MCGupDiag;Circuit Construction Utility;summary;This code is part of a Qiskit project. (C) Copyright IBM 2020, 2023. This code is licensed under the Apache License, Version 2.0. You may obtain a cop...;0.6766;0
test/applications/test_european_call_pricing.py;/classiq/open_library.functions.discrete_sine_cosine_transform.qst_type2;Basis Change;summary;This code is part of a Qiskit project. (C) Copyright IBM 2020, 2023. This code is licensed under the Apache License, Version 2.0. You may obtain a cop...;0.6763;0
test/applications/test_european_call_pricing.py;/qiskit-algorithms/qiskit_algorithms.phase_estimators.phase_estimation.PhaseEstimation;Quantum Phase Estimation (QPE);summary;This code is part of a Qiskit project. (C) Copyright IBM 2020, 2023. This code is licensed under the Apache License, Version 2.0. You may obtain a cop...;0.6756;0
test/applications/test_european_call_pricing.py;/qiskit/qiskit.circuit.library.arithmetic.adders.draper_qft_adder.DraperQFTAdder;Quantum Arithmetic;summary;This code is part of a Qiskit project. (C) Copyright IBM 2020, 2023. This code is licensed under the Apache License, Version 2.0. You may obtain a cop...;0.6747;0
test/applications/test_european_call_pricing.py;/qiskit/qiskit.circuit.library.iqp.IQP;Circuit Construction Utility;summary;This code is part of a Qiskit project. (C) Copyright IBM 2020, 2023. This code is licensed under the Apache License, Version 2.0. You may obtain a cop...;0.6741;0
test/applications/test_european_call_pricing.py;/qiskit/qiskit.circuit.library.data_preparation.state_preparation.StatePreparation;Initialization;summary;This code is part of a Qiskit project. (C) Copyright IBM 2020, 2023. This code is licensed under the Apache License, Version 2.0. You may obtain a cop...;0.6732;0
test/applications/test_european_call_pricing.py;/qiskit-algorithms/qiskit_algorithms.amplitude_estimators.amplitude_estimator.AmplitudeEstimator;Quantum Amplitude Estimation;summary;This code is part of a Qiskit project. (C) Copyright IBM 2020, 2023. This code is licensed under the Apache License, Version 2.0. You may obtain a cop...;0.6726;0
test/applications/test_european_call_pricing.py;/qiskit/qiskit.circuit.library.arithmetic.linear_amplitude_function.LinearAmplitudeFunctionGate;Quantum Arithmetic;summary;This code is part of a Qiskit project. (C) Copyright IBM 2020, 2023. This code is licensed under the Apache License, Version 2.0. You may obtain a cop...;0.6721;0
test/applications/test_european_call_pricing.py;/classiq/open_library.functions.qpe.qpe;Quantum Phase Estimation (QPE);summary;This code is part of a Qiskit project. (C) Copyright IBM 2020, 2023. This code is licensed under the Apache License, Version 2.0. You may obtain a cop...;0.6712;0
test/applications/test_european_call_pricing.py;/classiq/open_library.functions.qsvt.qsvt_lcu;Domain Specific Application;summary;This code is part of a Qiskit project. (C) Copyright IBM 2020, 2023. This code is licensed under the Apache License, Version 2.0. You may obtain a cop...;0.6709;0
test/applications/test_european_call_pricing.py;/qiskit/qiskit.circuit.library.generalized_gates.unitary.UnitaryGate;Circuit Construction Utility;summary;This code is part of a Qiskit project. (C) Copyright IBM 2020, 2023. This code is licensed under the Apache License, Version 2.0. You may obtain a cop...;0.6708;0
test/applications/test_european_call_pricing.py;/classiq/open_library.functions.qft_functions.qft_no_swap;Basis Change;summary;This code is part of a Qiskit project. (C) Copyright IBM 2020, 2023. This code is licensed under the Apache License, Version 2.0. You may obtain a cop...;0.6705;0
test/applications/test_european_call_pricing.py;/pennylane/pennylane.templates.subroutines.qubitization.Qubitization;Data Encoding;summary;This code is part of a Qiskit project. (C) Copyright IBM 2020, 2023. This code is licensed under the Apache License, Version 2.0. You may obtain a cop...;0.6702;0
test/applications/test_european_call_pricing.py;/classiq/open_library.functions.modular_exponentiation.c_modular_multiply;Quantum Arithmetic;summary;This code is part of a Qiskit project. (C) Copyright IBM 2020, 2023. This code is licensed under the Apache License, Version 2.0. You may obtain a cop...;0.6699;0
test/applications/test_european_call_pricing.py;/classiq/open_library.functions.qsvt.gqsp;Domain Specific Application;summary;This code is part of a Qiskit project. (C) Copyright IBM 2020, 2023. This code is licensed under the Apache License, Version 2.0. You may obtain a cop...;0.6698;0
test/applications/test_european_call_pricing.py;/qiskit/qiskit.circuit.library.iqp.random_iqp;Circuit Construction Utility;summary;This code is part of a Qiskit project. (C) Copyright IBM 2020, 2023. This code is licensed under the Apache License, Version 2.0. You may obtain a cop...;0.6697;0
test/applications/test_european_call_pricing.py;/qiskit-algorithms/qiskit_algorithms.amplitude_estimators.estimation_problem.EstimationProblem;Quantum Amplitude Estimation;name;to_estimation_problem;0.9724;38
test/applications/test_fixed_income_pricing.py;/pennylane/pennylane.templates.subroutines.qpe.QuantumPhaseEstimation;Quantum Phase Estimation (QPE);summary;This code is part of a Qiskit project. (C) Copyright IBM 2020, 2023. This code is licensed under the Apache License, Version 2.0. You may obtain a cop...;0.7339;0
test/applications/test_fixed_income_pricing.py;/classiq/open_library.functions.qpe.qpe_flexible;Quantum Phase Estimation (QPE);summary;This code is part of a Qiskit project. (C) Copyright IBM 2020, 2023. This code is licensed under the Apache License, Version 2.0. You may obtain a cop...;0.7185;0
test/applications/test_fixed_income_pricing.py;/qiskit-algorithms/qiskit_algorithms.state_fidelities.compute_uncompute.ComputeUncompute;Uncompute;summary;This code is part of a Qiskit project. (C) Copyright IBM 2020, 2023. This code is licensed under the Apache License, Version 2.0. You may obtain a cop...;0.7178;0
test/applications/test_fixed_income_pricing.py;/pennylane/pennylane.templates.state_preparations.arbitrary_state_preparation.ArbitraryStatePreparation;Initialization;summary;This code is part of a Qiskit project. (C) Copyright IBM 2020, 2023. This code is licensed under the Apache License, Version 2.0. You may obtain a cop...;0.7145;0
test/applications/test_fixed_income_pricing.py;/pennylane/pennylane.templates.state_preparations.mottonen.MottonenStatePreparation;Schmidt Decomposition;summary;This code is part of a Qiskit project. (C) Copyright IBM 2020, 2023. This code is licensed under the Apache License, Version 2.0. You may obtain a cop...;0.7123;0
test/applications/test_fixed_income_pricing.py;/classiq/open_library.functions.state_preparation.prepare_int;N/A;summary;This code is part of a Qiskit project. (C) Copyright IBM 2020, 2023. This code is licensed under the Apache License, Version 2.0. You may obtain a cop...;0.7059;0
test/applications/test_fixed_income_pricing.py;/classiq/open_library.functions.qsvt.qsvt_step;Domain Specific Application;summary;This code is part of a Qiskit project. (C) Copyright IBM 2020, 2023. This code is licensed under the Apache License, Version 2.0. You may obtain a cop...;0.7044;0
test/applications/test_fixed_income_pricing.py;/pennylane/pennylane.templates.layers.gate_fabric.GateFabric;Variational Quantum Algorithm (VQA);summary;This code is part of a Qiskit project. (C) Copyright IBM 2020, 2023. This code is licensed under the Apache License, Version 2.0. You may obtain a cop...;0.7019;0
test/applications/test_fixed_income_pricing.py;/classiq/open_library.functions.amplitude_amplification.exact_amplitude_amplification;Amplitude Amplification;summary;This code is part of a Qiskit project. (C) Copyright IBM 2020, 2023. This code is licensed under the Apache License, Version 2.0. You may obtain a cop...;0.7010;0
test/applications/test_fixed_income_pricing.py;/classiq/open_library.functions.state_preparation.prepare_dicke_state_unary_input;Initialization;summary;This code is part of a Qiskit project. (C) Copyright IBM 2020, 2023. This code is licensed under the Apache License, Version 2.0. You may obtain a cop...;0.6999;0
test/applications/test_fixed_income_pricing.py;/classiq/open_library.functions.state_preparation.prepare_exponential_state;Initialization;summary;This code is part of a Qiskit project. (C) Copyright IBM 2020, 2023. This code is licensed under the Apache License, Version 2.0. You may obtain a cop...;0.6979;0
test/applications/test_fixed_income_pricing.py;/pennylane/pennylane.templates.tensornetworks.mps.MPS;Quantum Neural Network (QNN);summary;This code is part of a Qiskit project. (C) Copyright IBM 2020, 2023. This code is licensed under the Apache License, Version 2.0. You may obtain a cop...;0.6959;0
test/applications/test_fixed_income_pricing.py;/classiq/open_library.functions.state_preparation.inplace_prepare_int;N/A;summary;This code is part of a Qiskit project. (C) Copyright IBM 2020, 2023. This code is licensed under the Apache License, Version 2.0. You may obtain a cop...;0.6950;0
test/applications/test_fixed_income_pricing.py;/qiskit/qiskit.circuit.library.graph_state.GraphState;Circuit Construction Utility;summary;This code is part of a Qiskit project. (C) Copyright IBM 2020, 2023. This code is licensed under the Apache License, Version 2.0. You may obtain a cop...;0.6919;0
test/applications/test_fixed_income_pricing.py;/pennylane/pennylane.templates.state_preparations.basis_qutrit.QutritBasisStatePreparation;Initialization;summary;This code is part of a Qiskit project. (C) Copyright IBM 2020, 2023. This code is licensed under the Apache License, Version 2.0. You may obtain a cop...;0.6919;0
test/applications/test_fixed_income_pricing.py;/pennylane/pennylane.templates.state_preparations.state_prep_mps.MPSPrep;Initialization;summary;This code is part of a Qiskit project. (C) Copyright IBM 2020, 2023. This code is licensed under the Apache License, Version 2.0. You may obtain a cop...;0.6901;0
test/applications/test_fixed_income_pricing.py;/pennylane/pennylane.templates.state_preparations.qrom_state_prep.QROMStatePreparation;Initialization;summary;This code is part of a Qiskit project. (C) Copyright IBM 2020, 2023. This code is licensed under the Apache License, Version 2.0. You may obtain a cop...;0.6899;0
test/applications/test_fixed_income_pricing.py;/qiskit/qiskit.circuit.library.phase_estimation.PhaseEstimation;Quantum Phase Estimation (QPE);summary;This code is part of a Qiskit project. (C) Copyright IBM 2020, 2023. This code is licensed under the Apache License, Version 2.0. You may obtain a cop...;0.6892;0
test/applications/test_fixed_income_pricing.py;/pennylane/pennylane.templates.layers.cv_neural_net.CVNeuralNetLayers;Quantum Neural Network (QNN);summary;This code is part of a Qiskit project. (C) Copyright IBM 2020, 2023. This code is licensed under the Apache License, Version 2.0. You may obtain a cop...;0.6882;0
test/applications/test_fixed_income_pricing.py;/qiskit-algorithms/qiskit_algorithms.state_fidelities.base_state_fidelity.BaseStateFidelity;Uncompute;summary;This code is part of a Qiskit project. (C) Copyright IBM 2020, 2023. This code is licensed under the Apache License, Version 2.0. You may obtain a cop...;0.6880;0
test/applications/test_fixed_income_pricing.py;/classiq/open_library.functions.qsvt.qsvt_lcu_step;Domain Specific Application;summary;This code is part of a Qiskit project. (C) Copyright IBM 2020, 2023. This code is licensed under the Apache License, Version 2.0. You may obtain a cop...;0.6877;0
test/applications/test_fixed_income_pricing.py;/qiskit/qiskit.circuit.library.arithmetic.integer_comparator.IntegerComparatorGate;Quantum Arithmetic;summary;This code is part of a Qiskit project. (C) Copyright IBM 2020, 2023. This code is licensed under the Apache License, Version 2.0. You may obtain a cop...;0.6866;0
test/applications/test_fixed_income_pricing.py;/classiq/open_library.functions.state_preparation.prepare_dicke_state;Initialization;summary;This code is part of a Qiskit project. (C) Copyright IBM 2020, 2023. This code is licensed under the Apache License, Version 2.0. You may obtain a cop...;0.6864;0
test/applications/test_fixed_income_pricing.py;/pennylane/pennylane.templates.subroutines.qsvt.QSVT;Domain Specific Application;summary;This code is part of a Qiskit project. (C) Copyright IBM 2020, 2023. This code is licensed under the Apache License, Version 2.0. You may obtain a cop...;0.6858;0
test/applications/test_fixed_income_pricing.py;/classiq/open_library.functions.state_preparation.prepare_linear_amplitudes;Initialization;summary;This code is part of a Qiskit project. (C) Copyright IBM 2020, 2023. This code is licensed under the Apache License, Version 2.0. You may obtain a cop...;0.6849;0
test/applications/test_fixed_income_pricing.py;/pennylane/pennylane.templates.subroutines.qmc.QuantumMonteCarlo;Domain Specific Application;summary;This code is part of a Qiskit project. (C) Copyright IBM 2020, 2023. This code is licensed under the Apache License, Version 2.0. You may obtain a cop...;0.6834;0
test/applications/test_fixed_income_pricing.py;/qiskit/qiskit.circuit.library.arithmetic.multipliers.rg_qft_multiplier.RGQFTMultiplier;Quantum Arithmetic;summary;This code is part of a Qiskit project. (C) Copyright IBM 2020, 2023. This code is licensed under the Apache License, Version 2.0. You may obtain a cop...;0.6832;0
test/applications/test_fixed_income_pricing.py;/qiskit-algorithms/qiskit_algorithms.phase_estimators.ipe.IterativePhaseEstimation;Quantum Phase Estimation (QPE);summary;This code is part of a Qiskit project. (C) Copyright IBM 2020, 2023. This code is licensed under the Apache License, Version 2.0. You may obtain a cop...;0.6799;0
test/applications/test_fixed_income_pricing.py;/pennylane/pennylane.templates.subroutines.gqsp.GQSP;Basis Change;summary;This code is part of a Qiskit project. (C) Copyright IBM 2020, 2023. This code is licensed under the Apache License, Version 2.0. You may obtain a cop...;0.6789;0
test/applications/test_fixed_income_pricing.py;/qiskit/qiskit.circuit.library.arithmetic.quadratic_form.QuadraticFormGate;Quantum Arithmetic;summary;This code is part of a Qiskit project. (C) Copyright IBM 2020, 2023. This code is licensed under the Apache License, Version 2.0. You may obtain a cop...;0.6788;0
test/applications/test_fixed_income_pricing.py;/pennylane/pennylane.templates.subroutines.iqp.IQP;Circuit Construction Utility;summary;This code is part of a Qiskit project. (C) Copyright IBM 2020, 2023. This code is licensed under the Apache License, Version 2.0. You may obtain a cop...;0.6788;0
test/applications/test_fixed_income_pricing.py;/classiq/open_library.functions.qsvt.qsvt;Domain Specific Application;summary;This code is part of a Qiskit project. (C) Copyright IBM 2020, 2023. This code is licensed under the Apache License, Version 2.0. You may obtain a cop...;0.6785;0
test/applications/test_fixed_income_pricing.py;/pennylane/pennylane.templates.subroutines.qrom.QROM;Data Encoding;summary;This code is part of a Qiskit project. (C) Copyright IBM 2020, 2023. This code is licensed under the Apache License, Version 2.0. You may obtain a cop...;0.6776;0
test/applications/test_fixed_income_pricing.py;/pennylane/pennylane.templates.subroutines.controlled_sequence.ControlledSequence;Quantum Phase Estimation (QPE);summary;This code is part of a Qiskit project. (C) Copyright IBM 2020, 2023. This code is licensed under the Apache License, Version 2.0. You may obtain a cop...;0.6775;0
test/applications/test_fixed_income_pricing.py;/qiskit/qiskit.circuit.library.generalized_gates.mcg_up_to_diagonal.MCGupDiag;Circuit Construction Utility;summary;This code is part of a Qiskit project. (C) Copyright IBM 2020, 2023. This code is licensed under the Apache License, Version 2.0. You may obtain a cop...;0.6766;0
test/applications/test_fixed_income_pricing.py;/classiq/open_library.functions.discrete_sine_cosine_transform.qst_type2;Basis Change;summary;This code is part of a Qiskit project. (C) Copyright IBM 2020, 2023. This code is licensed under the Apache License, Version 2.0. You may obtain a cop...;0.6763;0
test/applications/test_fixed_income_pricing.py;/qiskit-algorithms/qiskit_algorithms.phase_estimators.phase_estimation.PhaseEstimation;Quantum Phase Estimation (QPE);summary;This code is part of a Qiskit project. (C) Copyright IBM 2020, 2023. This code is licensed under the Apache License, Version 2.0. You may obtain a cop...;0.6756;0
test/applications/test_fixed_income_pricing.py;/qiskit/qiskit.circuit.library.arithmetic.adders.draper_qft_adder.DraperQFTAdder;Quantum Arithmetic;summary;This code is part of a Qiskit project. (C) Copyright IBM 2020, 2023. This code is licensed under the Apache License, Version 2.0. You may obtain a cop...;0.6747;0
test/applications/test_fixed_income_pricing.py;/qiskit/qiskit.circuit.library.iqp.IQP;Circuit Construction Utility;summary;This code is part of a Qiskit project. (C) Copyright IBM 2020, 2023. This code is licensed under the Apache License, Version 2.0. You may obtain a cop...;0.6741;0
test/applications/test_fixed_income_pricing.py;/qiskit/qiskit.circuit.library.data_preparation.state_preparation.StatePreparation;Initialization;summary;This code is part of a Qiskit project. (C) Copyright IBM 2020, 2023. This code is licensed under the Apache License, Version 2.0. You may obtain a cop...;0.6732;0
test/applications/test_fixed_income_pricing.py;/qiskit-algorithms/qiskit_algorithms.amplitude_estimators.amplitude_estimator.AmplitudeEstimator;Quantum Amplitude Estimation;summary;This code is part of a Qiskit project. (C) Copyright IBM 2020, 2023. This code is licensed under the Apache License, Version 2.0. You may obtain a cop...;0.6726;0
test/applications/test_fixed_income_pricing.py;/qiskit/qiskit.circuit.library.arithmetic.linear_amplitude_function.LinearAmplitudeFunctionGate;Quantum Arithmetic;summary;This code is part of a Qiskit project. (C) Copyright IBM 2020, 2023. This code is licensed under the Apache License, Version 2.0. You may obtain a cop...;0.6721;0
test/applications/test_fixed_income_pricing.py;/classiq/open_library.functions.qpe.qpe;Quantum Phase Estimation (QPE);summary;This code is part of a Qiskit project. (C) Copyright IBM 2020, 2023. This code is licensed under the Apache License, Version 2.0. You may obtain a cop...;0.6712;0
test/applications/test_fixed_income_pricing.py;/classiq/open_library.functions.qsvt.qsvt_lcu;Domain Specific Application;summary;This code is part of a Qiskit project. (C) Copyright IBM 2020, 2023. This code is licensed under the Apache License, Version 2.0. You may obtain a cop...;0.6709;0
test/applications/test_fixed_income_pricing.py;/qiskit/qiskit.circuit.library.generalized_gates.unitary.UnitaryGate;Circuit Construction Utility;summary;This code is part of a Qiskit project. (C) Copyright IBM 2020, 2023. This code is licensed under the Apache License, Version 2.0. You may obtain a cop...;0.6708;0
test/applications/test_fixed_income_pricing.py;/classiq/open_library.functions.qft_functions.qft_no_swap;Basis Change;summary;This code is part of a Qiskit project. (C) Copyright IBM 2020, 2023. This code is licensed under the Apache License, Version 2.0. You may obtain a cop...;0.6705;0
test/applications/test_fixed_income_pricing.py;/pennylane/pennylane.templates.subroutines.qubitization.Qubitization;Data Encoding;summary;This code is part of a Qiskit project. (C) Copyright IBM 2020, 2023. This code is licensed under the Apache License, Version 2.0. You may obtain a cop...;0.6702;0
test/applications/test_fixed_income_pricing.py;/classiq/open_library.functions.modular_exponentiation.c_modular_multiply;Quantum Arithmetic;summary;This code is part of a Qiskit project. (C) Copyright IBM 2020, 2023. This code is licensed under the Apache License, Version 2.0. You may obtain a cop...;0.6699;0
test/applications/test_fixed_income_pricing.py;/classiq/open_library.functions.qsvt.gqsp;Domain Specific Application;summary;This code is part of a Qiskit project. (C) Copyright IBM 2020, 2023. This code is licensed under the Apache License, Version 2.0. You may obtain a cop...;0.6698;0
test/applications/test_fixed_income_pricing.py;/qiskit/qiskit.circuit.library.iqp.random_iqp;Circuit Construction Utility;summary;This code is part of a Qiskit project. (C) Copyright IBM 2020, 2023. This code is licensed under the Apache License, Version 2.0. You may obtain a cop...;0.6697;0
test/applications/test_fixed_income_pricing.py;/qiskit-algorithms/qiskit_algorithms.amplitude_estimators.estimation_problem.EstimationProblem;Quantum Amplitude Estimation;name;to_estimation_problem;0.9724;49
test/applications/test_portfolio_diversification.py;/qiskit/qiskit.circuit.library.boolean_logic.quantum_and.AndGate;Quantum Logical Operators;summary;This code is part of a Qiskit project. (C) Copyright IBM 2019, 2023. This code is licensed under the Apache License, Version 2.0. You may obtain a cop...;0.7677;0
test/applications/test_portfolio_diversification.py;/pennylane/pennylane.templates.subroutines.qubitization.Qubitization;Data Encoding;summary;This code is part of a Qiskit project. (C) Copyright IBM 2019, 2023. This code is licensed under the Apache License, Version 2.0. You may obtain a cop...;0.7632;0
test/applications/test_portfolio_diversification.py;/qiskit/qiskit.circuit.library.boolean_logic.inner_product.InnerProductGate;Quantum Logical Operators;summary;This code is part of a Qiskit project. (C) Copyright IBM 2019, 2023. This code is licensed under the Apache License, Version 2.0. You may obtain a cop...;0.7611;0
test/applications/test_portfolio_diversification.py;/qiskit/qiskit.circuit.library.arithmetic.integer_comparator.IntegerComparatorGate;Quantum Arithmetic;summary;This code is part of a Qiskit project. (C) Copyright IBM 2019, 2023. This code is licensed under the Apache License, Version 2.0. You may obtain a cop...;0.7594;0
test/applications/test_portfolio_diversification.py;/qiskit/qiskit.circuit.library.boolean_logic.quantum_and.AND;Quantum Logical Operators;summary;This code is part of a Qiskit project. (C) Copyright IBM 2019, 2023. This code is licensed under the Apache License, Version 2.0. You may obtain a cop...;0.7582;0
test/applications/test_portfolio_diversification.py;/qiskit/qiskit.circuit.library.boolean_logic.quantum_or.OR;Quantum Logical Operators;summary;This code is part of a Qiskit project. (C) Copyright IBM 2019, 2023. This code is licensed under the Apache License, Version 2.0. You may obtain a cop...;0.7543;0
test/applications/test_portfolio_diversification.py;/classiq/open_library.functions.hea.full_hea;Variational Quantum Algorithm (VQA);summary;This code is part of a Qiskit project. (C) Copyright IBM 2019, 2023. This code is licensed under the Apache License, Version 2.0. You may obtain a cop...;0.7532;0
test/applications/test_portfolio_diversification.py;/qiskit/qiskit.circuit.library.arithmetic.linear_amplitude_function.LinearAmplitudeFunctionGate;Quantum Arithmetic;summary;This code is part of a Qiskit project. (C) Copyright IBM 2019, 2023. This code is licensed under the Apache License, Version 2.0. You may obtain a cop...;0.7508;0
test/applications/test_portfolio_diversification.py;/qiskit/qiskit.circuit.library.grover_operator.GroverOperator;Grover;summary;This code is part of a Qiskit project. (C) Copyright IBM 2019, 2023. This code is licensed under the Apache License, Version 2.0. You may obtain a cop...;0.7495;0
test/applications/test_portfolio_diversification.py;/qiskit/qiskit.circuit.library.arithmetic.weighted_adder.WeightedSumGate;Quantum Arithmetic;summary;This code is part of a Qiskit project. (C) Copyright IBM 2019, 2023. This code is licensed under the Apache License, Version 2.0. You may obtain a cop...;0.7462;0
test/applications/test_portfolio_diversification.py;/classiq/open_library.functions.utility_functions.apply_to_all;Circuit Construction Utility;summary;This code is part of a Qiskit project. (C) Copyright IBM 2019, 2023. This code is licensed under the Apache License, Version 2.0. You may obtain a cop...;0.7446;0
test/applications/test_portfolio_diversification.py;/qiskit/qiskit.circuit.library.generalized_gates.unitary.UnitaryGate;Circuit Construction Utility;summary;This code is part of a Qiskit project. (C) Copyright IBM 2019, 2023. This code is licensed under the Apache License, Version 2.0. You may obtain a cop...;0.7418;0
test/applications/test_portfolio_diversification.py;/classiq/open_library.functions.discrete_sine_cosine_transform.qct_type2;Basis Change;summary;This code is part of a Qiskit project. (C) Copyright IBM 2019, 2023. This code is licensed under the Apache License, Version 2.0. You may obtain a cop...;0.7413;0
test/applications/test_portfolio_diversification.py;/qiskit/qiskit.circuit.library.generalized_gates.permutation.PermutationGate;Circuit Construction Utility;summary;This code is part of a Qiskit project. (C) Copyright IBM 2019, 2023. This code is licensed under the Apache License, Version 2.0. You may obtain a cop...;0.7412;0
test/applications/test_portfolio_diversification.py;/classiq/open_library.functions.swap_test.swap_test;SWAP Test;summary;This code is part of a Qiskit project. (C) Copyright IBM 2019, 2023. This code is licensed under the Apache License, Version 2.0. You may obtain a cop...;0.7411;0
test/applications/test_portfolio_diversification.py;/qiskit/qiskit.circuit.library.arithmetic.quadratic_form.QuadraticFormGate;Quantum Arithmetic;summary;This code is part of a Qiskit project. (C) Copyright IBM 2019, 2023. This code is licensed under the Apache License, Version 2.0. You may obtain a cop...;0.7407;0
test/applications/test_portfolio_diversification.py;/pennylane/pennylane.templates.embeddings.basis.BasisEmbedding;Data Encoding;summary;This code is part of a Qiskit project. (C) Copyright IBM 2019, 2023. This code is licensed under the Apache License, Version 2.0. You may obtain a cop...;0.7374;0
test/applications/test_portfolio_diversification.py;/qiskit/qiskit.circuit.library.boolean_logic.quantum_xor.BitwiseXorGate;Quantum Logical Operators;summary;This code is part of a Qiskit project. (C) Copyright IBM 2019, 2023. This code is licensed under the Apache License, Version 2.0. You may obtain a cop...;0.7373;0
test/applications/test_portfolio_diversification.py;/qiskit/qiskit.circuit.library.arithmetic.weighted_adder.WeightedAdder;Quantum Arithmetic;summary;This code is part of a Qiskit project. (C) Copyright IBM 2019, 2023. This code is licensed under the Apache License, Version 2.0. You may obtain a cop...;0.7360;0
test/applications/test_portfolio_diversification.py;/classiq/open_library.functions.discrete_sine_cosine_transform.qst_type2;Basis Change;summary;This code is part of a Qiskit project. (C) Copyright IBM 2019, 2023. This code is licensed under the Apache License, Version 2.0. You may obtain a cop...;0.7357;0
test/applications/test_portfolio_diversification.py;/qiskit-algorithms/qiskit_algorithms.state_fidelities.compute_uncompute.ComputeUncompute;Uncompute;summary;This code is part of a Qiskit project. (C) Copyright IBM 2019, 2023. This code is licensed under the Apache License, Version 2.0. You may obtain a cop...;0.7354;0
test/applications/test_portfolio_diversification.py;/qiskit/qiskit.circuit.library.generalized_gates.isometry.Isometry;Circuit Construction Utility;summary;This code is part of a Qiskit project. (C) Copyright IBM 2019, 2023. This code is licensed under the Apache License, Version 2.0. You may obtain a cop...;0.7348;0
test/applications/test_portfolio_diversification.py;/classiq/open_library.functions.discrete_sine_cosine_transform.qct_qst_type2;Basis Change;summary;This code is part of a Qiskit project. (C) Copyright IBM 2019, 2023. This code is licensed under the Apache License, Version 2.0. You may obtain a cop...;0.7346;0
test/applications/test_portfolio_diversification.py;/qiskit/qiskit.circuit.library.arithmetic.adders.draper_qft_adder.DraperQFTAdder;Quantum Arithmetic;summary;This code is part of a Qiskit project. (C) Copyright IBM 2019, 2023. This code is licensed under the Apache License, Version 2.0. You may obtain a cop...;0.7338;0
test/applications/test_portfolio_diversification.py;/pennylane/pennylane.templates.layers.strongly_entangling.StronglyEntanglingLayers;Variational Quantum Algorithm (VQA);summary;This code is part of a Qiskit project. (C) Copyright IBM 2019, 2023. This code is licensed under the Apache License, Version 2.0. You may obtain a cop...;0.7328;0
test/applications/test_portfolio_diversification.py;/classiq/open_library.functions.discrete_sine_cosine_transform.qct_qst_type1;Basis Change;summary;This code is part of a Qiskit project. (C) Copyright IBM 2019, 2023. This code is licensed under the Apache License, Version 2.0. You may obtain a cop...;0.7307;0
test/applications/test_portfolio_diversification.py;/classiq/open_library.functions.state_preparation.inplace_prepare_int;N/A;summary;This code is part of a Qiskit project. (C) Copyright IBM 2019, 2023. This code is licensed under the Apache License, Version 2.0. You may obtain a cop...;0.7262;0
test/applications/test_portfolio_diversification.py;/pennylane/pennylane.templates.layers.particle_conserving_u1.ParticleConservingU1;Variational Quantum Eigensolver (VQE);summary;This code is part of a Qiskit project. (C) Copyright IBM 2019, 2023. This code is licensed under the Apache License, Version 2.0. You may obtain a cop...;0.7253;0
test/applications/test_portfolio_diversification.py;/classiq/open_library.functions.state_preparation.prepare_ghz_state;Creating Entanglement;summary;This code is part of a Qiskit project. (C) Copyright IBM 2019, 2023. This code is licensed under the Apache License, Version 2.0. You may obtain a cop...;0.7252;0
test/applications/test_portfolio_diversification.py;/qiskit/qiskit.circuit.library.generalized_gates.permutation.Permutation;Circuit Construction Utility;summary;This code is part of a Qiskit project. (C) Copyright IBM 2019, 2023. This code is licensed under the Apache License, Version 2.0. You may obtain a cop...;0.7251;0
test/applications/test_portfolio_diversification.py;/classiq/open_library.functions.state_preparation.prepare_int;N/A;summary;This code is part of a Qiskit project. (C) Copyright IBM 2019, 2023. This code is licensed under the Apache License, Version 2.0. You may obtain a cop...;0.7247;0
test/applications/test_portfolio_diversification.py;/qiskit/qiskit.circuit.library.arithmetic.multipliers.multiplier.MultiplierGate;Quantum Arithmetic;summary;This code is part of a Qiskit project. (C) Copyright IBM 2019, 2023. This code is licensed under the Apache License, Version 2.0. You may obtain a cop...;0.7246;0
test/applications/test_portfolio_diversification.py;/pennylane/pennylane.templates.subroutines.qrom.QROM;Data Encoding;summary;This code is part of a Qiskit project. (C) Copyright IBM 2019, 2023. This code is licensed under the Apache License, Version 2.0. You may obtain a cop...;0.7229;0
test/applications/test_portfolio_diversification.py;/pennylane/pennylane.templates.layers.gate_fabric.GateFabric;Variational Quantum Algorithm (VQA);summary;This code is part of a Qiskit project. (C) Copyright IBM 2019, 2023. This code is licensed under the Apache License, Version 2.0. You may obtain a cop...;0.7226;0
test/applications/test_portfolio_diversification.py;/pennylane/pennylane.templates.embeddings.iqp.IQPEmbedding;Data Encoding;summary;This code is part of a Qiskit project. (C) Copyright IBM 2019, 2023. This code is licensed under the Apache License, Version 2.0. You may obtain a cop...;0.7220;0
test/applications/test_portfolio_diversification.py;/classiq/open_library.functions.linear_pauli_rotation.linear_pauli_rotations;Data Encoding;summary;This code is part of a Qiskit project. (C) Copyright IBM 2019, 2023. This code is licensed under the Apache License, Version 2.0. You may obtain a cop...;0.7219;0
test/applications/test_portfolio_diversification.py;/classiq/open_library.functions.qpe.qpe_flexible;Quantum Phase Estimation (QPE);summary;This code is part of a Qiskit project. (C) Copyright IBM 2019, 2023. This code is licensed under the Apache License, Version 2.0. You may obtain a cop...;0.7218;0
test/applications/test_portfolio_diversification.py;/classiq/open_library.functions.state_preparation.prepare_basis_state;Initialization;summary;This code is part of a Qiskit project. (C) Copyright IBM 2019, 2023. This code is licensed under the Apache License, Version 2.0. You may obtain a cop...;0.7214;0
test/applications/test_portfolio_diversification.py;/classiq/open_library.functions.grover.grover_operator;Amplitude Amplification;summary;This code is part of a Qiskit project. (C) Copyright IBM 2019, 2023. This code is licensed under the Apache License, Version 2.0. You may obtain a cop...;0.7199;0
test/applications/test_portfolio_diversification.py;/pennylane/pennylane.templates.subroutines.iqp.IQP;Circuit Construction Utility;summary;This code is part of a Qiskit project. (C) Copyright IBM 2019, 2023. This code is licensed under the Apache License, Version 2.0. You may obtain a cop...;0.7194;0
test/applications/test_portfolio_diversification.py;/classiq/open_library.functions.state_preparation.prepare_uniform_trimmed_state;Initialization;summary;This code is part of a Qiskit project. (C) Copyright IBM 2019, 2023. This code is licensed under the Apache License, Version 2.0. You may obtain a cop...;0.7190;0
test/applications/test_portfolio_diversification.py;/classiq/open_library.functions.qaoa_penalty.qaoa_mixer_layer;Quantum Approximate Optimization Algorithm (QAOA);summary;This code is part of a Qiskit project. (C) Copyright IBM 2019, 2023. This code is licensed under the Apache License, Version 2.0. You may obtain a cop...;0.7183;0
test/applications/test_portfolio_diversification.py;/qiskit/qiskit.circuit.library.overlap.UnitaryOverlap;Circuit Construction Utility;summary;This code is part of a Qiskit project. (C) Copyright IBM 2019, 2023. This code is licensed under the Apache License, Version 2.0. You may obtain a cop...;0.7183;0
test/applications/test_portfolio_diversification.py;/pennylane/pennylane.templates.embeddings.qaoaembedding.QAOAEmbedding;Quantum Approximate Optimization Algorithm (QAOA);summary;This code is part of a Qiskit project. (C) Copyright IBM 2019, 2023. This code is licensed under the Apache License, Version 2.0. You may obtain a cop...;0.7182;0
test/applications/test_portfolio_diversification.py;/qiskit/qiskit.circuit.library.arithmetic.adders.adder.HalfAdderGate;Quantum Arithmetic;summary;This code is part of a Qiskit project. (C) Copyright IBM 2019, 2023. This code is licensed under the Apache License, Version 2.0. You may obtain a cop...;0.7150;0
test/applications/test_portfolio_diversification.py;/pennylane/pennylane.templates.subroutines.select_pauli_rot.SelectPauliRot;Circuit Construction Utility;summary;This code is part of a Qiskit project. (C) Copyright IBM 2019, 2023. This code is licensed under the Apache License, Version 2.0. You may obtain a cop...;0.7138;0
test/applications/test_portfolio_diversification.py;/qiskit-algorithms/qiskit_algorithms.amplitude_amplifiers.grover.Grover;Grover;summary;This code is part of a Qiskit project. (C) Copyright IBM 2019, 2023. This code is licensed under the Apache License, Version 2.0. You may obtain a cop...;0.7137;0
test/applications/test_portfolio_diversification.py;/classiq/open_library.functions.qsvt.qsvt_step;Domain Specific Application;summary;This code is part of a Qiskit project. (C) Copyright IBM 2019, 2023. This code is licensed under the Apache License, Version 2.0. You may obtain a cop...;0.7130;0
test/applications/test_portfolio_diversification.py;/classiq/open_library.functions.utility_functions.hadamard_transform;Basis Change;summary;This code is part of a Qiskit project. (C) Copyright IBM 2019, 2023. This code is licensed under the Apache License, Version 2.0. You may obtain a cop...;0.7129;0
test/applications/test_portfolio_diversification.py;/pennylane/pennylane.templates.layers.particle_conserving_u2.ParticleConservingU2;Variational Quantum Eigensolver (VQE);summary;This code is part of a Qiskit project. (C) Copyright IBM 2019, 2023. This code is licensed under the Apache License, Version 2.0. You may obtain a cop...;0.7120;0
test/applications/test_portfolio_optimization.py;/classiq/open_library.functions.state_preparation.inplace_prepare_int;N/A;summary;This code is part of a Qiskit project. (C) Copyright IBM 2019, 2023. This code is licensed under the Apache License, Version 2.0. You may obtain a cop...;0.6980;0
test/applications/test_portfolio_optimization.py;/classiq/open_library.functions.state_preparation.prepare_int;N/A;summary;This code is part of a Qiskit project. (C) Copyright IBM 2019, 2023. This code is licensed under the Apache License, Version 2.0. You may obtain a cop...;0.6875;0
test/applications/test_portfolio_optimization.py;/pennylane/pennylane.templates.layers.gate_fabric.GateFabric;Variational Quantum Algorithm (VQA);summary;This code is part of a Qiskit project. (C) Copyright IBM 2019, 2023. This code is licensed under the Apache License, Version 2.0. You may obtain a cop...;0.6868;0
test/applications/test_portfolio_optimization.py;/classiq/open_library.functions.swap_test.swap_test;SWAP Test;summary;This code is part of a Qiskit project. (C) Copyright IBM 2019, 2023. This code is licensed under the Apache License, Version 2.0. You may obtain a cop...;0.6848;0
test/applications/test_portfolio_optimization.py;/classiq/open_library.functions.state_preparation.prepare_linear_amplitudes;Initialization;summary;This code is part of a Qiskit project. (C) Copyright IBM 2019, 2023. This code is licensed under the Apache License, Version 2.0. You may obtain a cop...;0.6817;0
test/applications/test_portfolio_optimization.py;/classiq/open_library.functions.state_preparation.prepare_uniform_interval_state;Initialization;summary;This code is part of a Qiskit project. (C) Copyright IBM 2019, 2023. This code is licensed under the Apache License, Version 2.0. You may obtain a cop...;0.6780;0
test/applications/test_portfolio_optimization.py;/qiskit/qiskit.circuit.library.arithmetic.quadratic_form.QuadraticFormGate;Quantum Arithmetic;summary;This code is part of a Qiskit project. (C) Copyright IBM 2019, 2023. This code is licensed under the Apache License, Version 2.0. You may obtain a cop...;0.6735;0
test/applications/test_portfolio_optimization.py;/qiskit-algorithms/qiskit_algorithms.phase_estimators.phase_estimation_scale.PhaseEstimationScale;Quantum Phase Estimation (QPE);summary;This code is part of a Qiskit project. (C) Copyright IBM 2019, 2023. This code is licensed under the Apache License, Version 2.0. You may obtain a cop...;0.6626;0
test/applications/test_portfolio_optimization.py;/classiq/open_library.functions.hea.full_hea;Variational Quantum Algorithm (VQA);summary;This code is part of a Qiskit project. (C) Copyright IBM 2019, 2023. This code is licensed under the Apache License, Version 2.0. You may obtain a cop...;0.6618;0
test/applications/test_portfolio_optimization.py;/classiq/open_library.functions.grover.grover_search;Grover;summary;This code is part of a Qiskit project. (C) Copyright IBM 2019, 2023. This code is licensed under the Apache License, Version 2.0. You may obtain a cop...;0.6605;0
test/applications/test_portfolio_optimization.py;/classiq/open_library.functions.qsvt.qsvt;Domain Specific Application;summary;This code is part of a Qiskit project. (C) Copyright IBM 2019, 2023. This code is licensed under the Apache License, Version 2.0. You may obtain a cop...;0.6600;0
test/applications/test_portfolio_optimization.py;/qiskit-algorithms/qiskit_algorithms.amplitude_amplifiers.grover.Grover;Grover;summary;This code is part of a Qiskit project. (C) Copyright IBM 2019, 2023. This code is licensed under the Apache License, Version 2.0. You may obtain a cop...;0.6596;0
test/applications/test_portfolio_optimization.py;/qiskit-algorithms/qiskit_algorithms.state_fidelities.compute_uncompute.ComputeUncompute;Uncompute;summary;This code is part of a Qiskit project. (C) Copyright IBM 2019, 2023. This code is licensed under the Apache License, Version 2.0. You may obtain a cop...;0.6575;0
test/applications/test_portfolio_optimization.py;/classiq/open_library.functions.state_preparation.prepare_uniform_trimmed_state;Initialization;summary;This code is part of a Qiskit project. (C) Copyright IBM 2019, 2023. This code is licensed under the Apache License, Version 2.0. You may obtain a cop...;0.6573;0
test/applications/test_portfolio_optimization.py;/classiq/open_library.functions.qsvt.qsvt_step;Domain Specific Application;summary;This code is part of a Qiskit project. (C) Copyright IBM 2019, 2023. This code is licensed under the Apache License, Version 2.0. You may obtain a cop...;0.6561;0
test/applications/test_portfolio_optimization.py;/classiq/open_library.functions.state_preparation.prepare_ghz_state;Creating Entanglement;summary;This code is part of a Qiskit project. (C) Copyright IBM 2019, 2023. This code is licensed under the Apache License, Version 2.0. You may obtain a cop...;0.6553;0
test/applications/test_portfolio_optimization.py;/classiq/open_library.functions.qaoa_penalty.qaoa_penalty;Quantum Approximate Optimization Algorithm (QAOA);summary;This code is part of a Qiskit project. (C) Copyright IBM 2019, 2023. This code is licensed under the Apache License, Version 2.0. You may obtain a cop...;0.6552;0
test/applications/test_portfolio_optimization.py;/pennylane/pennylane.templates.layers.particle_conserving_u2.ParticleConservingU2;Variational Quantum Eigensolver (VQE);summary;This code is part of a Qiskit project. (C) Copyright IBM 2019, 2023. This code is licensed under the Apache License, Version 2.0. You may obtain a cop...;0.6509;0
test/applications/test_portfolio_optimization.py;/pennylane/pennylane.templates.subroutines.hilbert_schmidt.LocalHilbertSchmidt;Schmidt Decomposition;summary;This code is part of a Qiskit project. (C) Copyright IBM 2019, 2023. This code is licensed under the Apache License, Version 2.0. You may obtain a cop...;0.6502;0
test/circuit/__init__.py;/classiq/open_library.functions.state_preparation.prepare_int;N/A;summary;This code is part of a Qiskit project. (C) Copyright IBM 2021, 2023. This code is licensed under the Apache License, Version 2.0. You may obtain a cop...;0.6819;0
test/circuit/__init__.py;/pennylane/pennylane.templates.layers.gate_fabric.GateFabric;Variational Quantum Algorithm (VQA);summary;This code is part of a Qiskit project. (C) Copyright IBM 2021, 2023. This code is licensed under the Apache License, Version 2.0. You may obtain a cop...;0.6740;0
test/circuit/__init__.py;/classiq/open_library.functions.qsvt.qsvt_lcu;Domain Specific Application;summary;This code is part of a Qiskit project. (C) Copyright IBM 2021, 2023. This code is licensed under the Apache License, Version 2.0. You may obtain a cop...;0.6697;0
test/circuit/__init__.py;/classiq/open_library.functions.state_preparation.inplace_prepare_int;N/A;summary;This code is part of a Qiskit project. (C) Copyright IBM 2021, 2023. This code is licensed under the Apache License, Version 2.0. You may obtain a cop...;0.6659;0
test/circuit/__init__.py;/classiq/open_library.functions.qsvt.qsvt_step;Domain Specific Application;summary;This code is part of a Qiskit project. (C) Copyright IBM 2021, 2023. This code is licensed under the Apache License, Version 2.0. You may obtain a cop...;0.6652;0
test/circuit/__init__.py;/classiq/open_library.functions.discrete_sine_cosine_transform.qct_type2;Basis Change;summary;This code is part of a Qiskit project. (C) Copyright IBM 2021, 2023. This code is licensed under the Apache License, Version 2.0. You may obtain a cop...;0.6626;0
test/circuit/__init__.py;/classiq/open_library.functions.discrete_sine_cosine_transform.qst_type2;Basis Change;summary;This code is part of a Qiskit project. (C) Copyright IBM 2021, 2023. This code is licensed under the Apache License, Version 2.0. You may obtain a cop...;0.6612;0
test/circuit/__init__.py;/qiskit/qiskit.circuit.library.arithmetic.quadratic_form.QuadraticFormGate;Quantum Arithmetic;summary;This code is part of a Qiskit project. (C) Copyright IBM 2021, 2023. This code is licensed under the Apache License, Version 2.0. You may obtain a cop...;0.6592;0
test/circuit/__init__.py;/classiq/open_library.functions.discrete_sine_cosine_transform.qct_qst_type2;Basis Change;summary;This code is part of a Qiskit project. (C) Copyright IBM 2021, 2023. This code is licensed under the Apache License, Version 2.0. You may obtain a cop...;0.6580;0
test/circuit/__init__.py;/classiq/open_library.functions.qsvt.qsvt;Domain Specific Application;summary;This code is part of a Qiskit project. (C) Copyright IBM 2021, 2023. This code is licensed under the Apache License, Version 2.0. You may obtain a cop...;0.6563;0
test/circuit/__init__.py;/pennylane/pennylane.templates.subroutines.qrom.QROM;Data Encoding;summary;This code is part of a Qiskit project. (C) Copyright IBM 2021, 2023. This code is licensed under the Apache License, Version 2.0. You may obtain a cop...;0.6523;0
test/circuit/__init__.py;/classiq/open_library.functions.modular_exponentiation.c_modular_multiply;Quantum Arithmetic;summary;This code is part of a Qiskit project. (C) Copyright IBM 2021, 2023. This code is licensed under the Apache License, Version 2.0. You may obtain a cop...;0.6505;0
test/circuit/test_european_call_delta_objective.py;/classiq/open_library.functions.qsvt.qsvt;Domain Specific Application;summary;This code is part of a Qiskit project. (C) Copyright IBM 2020, 2023. This code is licensed under the Apache License, Version 2.0. You may obtain a cop...;0.7067;0
test/circuit/test_european_call_delta_objective.py;/classiq/open_library.functions.state_preparation.prepare_linear_amplitudes;Initialization;summary;This code is part of a Qiskit project. (C) Copyright IBM 2020, 2023. This code is licensed under the Apache License, Version 2.0. You may obtain a cop...;0.7022;0
test/circuit/test_european_call_delta_objective.py;/classiq/open_library.functions.qft_functions.qft;Basis Change;summary;This code is part of a Qiskit project. (C) Copyright IBM 2020, 2023. This code is licensed under the Apache License, Version 2.0. You may obtain a cop...;0.6909;0
test/circuit/test_european_call_delta_objective.py;/classiq/open_library.functions.state_preparation.prepare_exponential_state;Initialization;summary;This code is part of a Qiskit project. (C) Copyright IBM 2020, 2023. This code is licensed under the Apache License, Version 2.0. You may obtain a cop...;0.6865;0
test/circuit/test_european_call_delta_objective.py;/classiq/open_library.functions.state_preparation.inplace_prepare_int;N/A;summary;This code is part of a Qiskit project. (C) Copyright IBM 2020, 2023. This code is licensed under the Apache License, Version 2.0. You may obtain a cop...;0.6820;0
test/circuit/test_european_call_delta_objective.py;/pennylane/pennylane.templates.subroutines.qsvt.QSVT;Domain Specific Application;summary;This code is part of a Qiskit project. (C) Copyright IBM 2020, 2023. This code is licensed under the Apache License, Version 2.0. You may obtain a cop...;0.6794;0
test/circuit/test_european_call_delta_objective.py;/classiq/open_library.functions.qsvt.qsvt_step;Domain Specific Application;summary;This code is part of a Qiskit project. (C) Copyright IBM 2020, 2023. This code is licensed under the Apache License, Version 2.0. You may obtain a cop...;0.6787;0
test/circuit/test_european_call_delta_objective.py;/classiq/open_library.functions.qsvt.qsvt_lcu;Domain Specific Application;summary;This code is part of a Qiskit project. (C) Copyright IBM 2020, 2023. This code is licensed under the Apache License, Version 2.0. You may obtain a cop...;0.6769;0
test/circuit/test_european_call_delta_objective.py;/classiq/open_library.functions.qaoa_penalty.qaoa_penalty;Quantum Approximate Optimization Algorithm (QAOA);summary;This code is part of a Qiskit project. (C) Copyright IBM 2020, 2023. This code is licensed under the Apache License, Version 2.0. You may obtain a cop...;0.6758;0
test/circuit/test_european_call_delta_objective.py;/classiq/open_library.functions.amplitude_amplification.exact_amplitude_amplification;Amplitude Amplification;summary;This code is part of a Qiskit project. (C) Copyright IBM 2020, 2023. This code is licensed under the Apache License, Version 2.0. You may obtain a cop...;0.6746;0
test/circuit/test_european_call_delta_objective.py;/classiq/open_library.functions.state_preparation.prepare_uniform_interval_state;Initialization;summary;This code is part of a Qiskit project. (C) Copyright IBM 2020, 2023. This code is licensed under the Apache License, Version 2.0. You may obtain a cop...;0.6739;0
test/circuit/test_european_call_delta_objective.py;/classiq/open_library.functions.state_preparation.prepare_int;N/A;summary;This code is part of a Qiskit project. (C) Copyright IBM 2020, 2023. This code is licensed under the Apache License, Version 2.0. You may obtain a cop...;0.6738;0
test/circuit/test_european_call_delta_objective.py;/qiskit-algorithms/qiskit_algorithms.time_evolvers.variational.variational_principles.real_mc_lachlan_principle.RealMcLachlanPrinciple;Variational Quantum Algorithm (VQA);summary;This code is part of a Qiskit project. (C) Copyright IBM 2020, 2023. This code is licensed under the Apache License, Version 2.0. You may obtain a cop...;0.6727;0
test/circuit/test_european_call_delta_objective.py;/classiq/open_library.functions.discrete_sine_cosine_transform.qst_type2;Basis Change;summary;This code is part of a Qiskit project. (C) Copyright IBM 2020, 2023. This code is licensed under the Apache License, Version 2.0. You may obtain a cop...;0.6720;0
test/circuit/test_european_call_delta_objective.py;/pennylane/pennylane.templates.state_preparations.superposition.Superposition;Basis Change;summary;This code is part of a Qiskit project. (C) Copyright IBM 2020, 2023. This code is licensed under the Apache License, Version 2.0. You may obtain a cop...;0.6701;0
test/circuit/test_european_call_delta_objective.py;/qiskit-algorithms/qiskit_algorithms.phase_estimators.phase_estimator.PhaseEstimator;Quantum Phase Estimation (QPE);summary;This code is part of a Qiskit project. (C) Copyright IBM 2020, 2023. This code is licensed under the Apache License, Version 2.0. You may obtain a cop...;0.6693;0
test/circuit/test_european_call_delta_objective.py;/classiq/open_library.functions.state_preparation.prepare_uniform_trimmed_state;Initialization;summary;This code is part of a Qiskit project. (C) Copyright IBM 2020, 2023. This code is licensed under the Apache License, Version 2.0. You may obtain a cop...;0.6686;0
test/circuit/test_european_call_delta_objective.py;/classiq/open_library.functions.qpe.qpe_flexible;Quantum Phase Estimation (QPE);summary;This code is part of a Qiskit project. (C) Copyright IBM 2020, 2023. This code is licensed under the Apache License, Version 2.0. You may obtain a cop...;0.6682;0
test/circuit/test_european_call_delta_objective.py;/qiskit-algorithms/qiskit_algorithms.minimum_eigensolvers.sampling_mes.SamplingMinimumEigensolver;Variational Quantum Eigensolver (VQE);summary;This code is part of a Qiskit project. (C) Copyright IBM 2020, 2023. This code is licensed under the Apache License, Version 2.0. You may obtain a cop...;0.6667;0
test/circuit/test_european_call_delta_objective.py;/pennylane/pennylane.templates.layers.cv_neural_net.CVNeuralNetLayers;Quantum Neural Network (QNN);summary;This code is part of a Qiskit project. (C) Copyright IBM 2020, 2023. This code is licensed under the Apache License, Version 2.0. You may obtain a cop...;0.6654;0
test/circuit/test_european_call_delta_objective.py;/pennylane/pennylane.templates.subroutines.qmc.QuantumMonteCarlo;Domain Specific Application;summary;This code is part of a Qiskit project. (C) Copyright IBM 2020, 2023. This code is licensed under the Apache License, Version 2.0. You may obtain a cop...;0.6639;0
test/circuit/test_european_call_delta_objective.py;/pennylane/pennylane.templates.subroutines.time_evolution.trotter.TrotterizedQfunc;Hamiltonian Simulation;summary;This code is part of a Qiskit project. (C) Copyright IBM 2020, 2023. This code is licensed under the Apache License, Version 2.0. You may obtain a cop...;0.6632;0
test/circuit/test_european_call_delta_objective.py;/classiq/open_library.functions.qsvt.qsvt_lcu_step;Domain Specific Application;summary;This code is part of a Qiskit project. (C) Copyright IBM 2020, 2023. This code is licensed under the Apache License, Version 2.0. You may obtain a cop...;0.6632;0
test/circuit/test_european_call_delta_objective.py;/qiskit-algorithms/qiskit_algorithms.time_evolvers.pvqd.pvqd.PVQD;Variational Quantum Algorithm (VQA);summary;This code is part of a Qiskit project. (C) Copyright IBM 2020, 2023. This code is licensed under the Apache License, Version 2.0. You may obtain a cop...;0.6632;0
test/circuit/test_european_call_delta_objective.py;/qiskit-algorithms/qiskit_algorithms.time_evolvers.variational.variational_principles.variational_principle.VariationalPrinciple;Variational Quantum Algorithm (VQA);summary;This code is part of a Qiskit project. (C) Copyright IBM 2020, 2023. This code is licensed under the Apache License, Version 2.0. You may obtain a cop...;0.6619;0
test/circuit/test_european_call_delta_objective.py;/qiskit-algorithms/qiskit_algorithms.state_fidelities.compute_uncompute.ComputeUncompute;Uncompute;summary;This code is part of a Qiskit project. (C) Copyright IBM 2020, 2023. This code is licensed under the Apache License, Version 2.0. You may obtain a cop...;0.6587;0
test/circuit/test_european_call_delta_objective.py;/pennylane/pennylane.templates.state_preparations.state_prep_mps.MPSPrep;Initialization;summary;This code is part of a Qiskit project. (C) Copyright IBM 2020, 2023. This code is licensed under the Apache License, Version 2.0. You may obtain a cop...;0.6582;0
test/circuit/test_european_call_delta_objective.py;/pennylane/pennylane.templates.layers.particle_conserving_u1.ParticleConservingU1;Variational Quantum Eigensolver (VQE);summary;This code is part of a Qiskit project. (C) Copyright IBM 2020, 2023. This code is licensed under the Apache License, Version 2.0. You may obtain a cop...;0.6577;0
test/circuit/test_european_call_delta_objective.py;/pennylane/pennylane.templates.state_preparations.mottonen.MottonenStatePreparation;Schmidt Decomposition;summary;This code is part of a Qiskit project. (C) Copyright IBM 2020, 2023. This code is licensed under the Apache License, Version 2.0. You may obtain a cop...;0.6574;0
test/circuit/test_european_call_delta_objective.py;/qiskit-algorithms/qiskit_algorithms.minimum_eigensolvers.minimum_eigensolver.MinimumEigensolver;Variational Quantum Eigensolver (VQE);summary;This code is part of a Qiskit project. (C) Copyright IBM 2020, 2023. This code is licensed under the Apache License, Version 2.0. You may obtain a cop...;0.6567;0
test/circuit/test_european_call_delta_objective.py;/qiskit-algorithms/qiskit_algorithms.phase_estimators.hamiltonian_phase_estimation.HamiltonianPhaseEstimation;Quantum Phase Estimation (QPE);summary;This code is part of a Qiskit project. (C) Copyright IBM 2020, 2023. This code is licensed under the Apache License, Version 2.0. You may obtain a cop...;0.6544;0
test/circuit/test_european_call_delta_objective.py;/pennylane/pennylane.templates.layers.gate_fabric.GateFabric;Variational Quantum Algorithm (VQA);summary;This code is part of a Qiskit project. (C) Copyright IBM 2020, 2023. This code is licensed under the Apache License, Version 2.0. You may obtain a cop...;0.6529;0
test/circuit/test_european_call_delta_objective.py;/classiq/open_library.functions.qpe.qpe;Quantum Phase Estimation (QPE);summary;This code is part of a Qiskit project. (C) Copyright IBM 2020, 2023. This code is licensed under the Apache License, Version 2.0. You may obtain a cop...;0.6527;0
test/circuit/test_european_call_delta_objective.py;/classiq/open_library.functions.utility_functions.hadamard_transform;Basis Change;summary;This code is part of a Qiskit project. (C) Copyright IBM 2020, 2023. This code is licensed under the Apache License, Version 2.0. You may obtain a cop...;0.6527;0
test/circuit/test_european_call_delta_objective.py;/pennylane/pennylane.templates.state_preparations.basis_qutrit.QutritBasisStatePreparation;Initialization;summary;This code is part of a Qiskit project. (C) Copyright IBM 2020, 2023. This code is licensed under the Apache License, Version 2.0. You may obtain a cop...;0.6526;0
test/circuit/test_european_call_delta_objective.py;/qiskit/qiskit.circuit.library.data_preparation.state_preparation.StatePreparation;Initialization;summary;This code is part of a Qiskit project. (C) Copyright IBM 2020, 2023. This code is licensed under the Apache License, Version 2.0. You may obtain a cop...;0.6525;0
test/circuit/test_european_call_delta_objective.py;/qiskit-algorithms/qiskit_algorithms.time_evolvers.variational.variational_principles.imaginary_mc_lachlan_principle.ImaginaryMcLachlanPrinciple;Variational Quantum Algorithm (VQA);summary;This code is part of a Qiskit project. (C) Copyright IBM 2020, 2023. This code is licensed under the Apache License, Version 2.0. You may obtain a cop...;0.6513;0
test/circuit/test_european_call_delta_objective.py;/pennylane/pennylane.templates.subroutines.time_evolution.qdrift.QDrift;Hamiltonian Simulation;summary;This code is part of a Qiskit project. (C) Copyright IBM 2020, 2023. This code is licensed under the Apache License, Version 2.0. You may obtain a cop...;0.6512;0
test/circuit/test_european_call_delta_objective.py;/qiskit/qiskit.circuit.library.arithmetic.integer_comparator.IntegerComparator;Quantum Arithmetic;name;IntegerComparator;1.0000;44
test/circuit/test_european_call_delta_objective.py;/qiskit/qiskit.circuit.library.arithmetic.integer_comparator.IntegerComparatorGate;Quantum Arithmetic;name;IntegerComparator;0.9183;44
test/circuit/test_european_call_delta_objective.py;/qiskit-algorithms/qiskit_algorithms.amplitude_estimators.estimation_problem.EstimationProblem;Quantum Amplitude Estimation;name;EstimationProblem;1.0000;88
test/circuit/test_european_call_delta_objective.py;/qiskit-algorithms/qiskit_algorithms.amplitude_estimators.iae.IterativeAmplitudeEstimation;Quantum Amplitude Estimation;name;IterativeAmplitudeEstimation;1.0000;95
test/circuit/test_european_call_delta_objective.py;/classiq/open_library.functions.amplitude_estimation.amplitude_estimation;Quantum Amplitude Estimation;name;IterativeAmplitudeEstimation;0.9340;95
test/circuit/test_european_call_delta_objective.py;/qiskit-algorithms/qiskit_algorithms.amplitude_estimators.ae.AmplitudeEstimation;Quantum Amplitude Estimation;name;IterativeAmplitudeEstimation;0.9340;95
test/circuit/test_european_call_delta_objective.py;/qiskit-algorithms/qiskit_algorithms.amplitude_estimators.fae.FasterAmplitudeEstimation;Quantum Amplitude Estimation;name;IterativeAmplitudeEstimation;0.9315;95
test/circuit/test_european_call_pricing_objective.py;/pennylane/pennylane.templates.layers.gate_fabric.GateFabric;Variational Quantum Algorithm (VQA);summary;This code is part of a Qiskit project. (C) Copyright IBM 2020, 2023. This code is licensed under the Apache License, Version 2.0. You may obtain a cop...;0.7164;0
test/circuit/test_european_call_pricing_objective.py;/pennylane/pennylane.templates.subroutines.qsvt.QSVT;Domain Specific Application;summary;This code is part of a Qiskit project. (C) Copyright IBM 2020, 2023. This code is licensed under the Apache License, Version 2.0. You may obtain a cop...;0.7147;0
test/circuit/test_european_call_pricing_objective.py;/pennylane/pennylane.templates.tensornetworks.mera.MERA;Quantum Neural Network (QNN);summary;This code is part of a Qiskit project. (C) Copyright IBM 2020, 2023. This code is licensed under the Apache License, Version 2.0. You may obtain a cop...;0.7137;0
test/circuit/test_european_call_pricing_objective.py;/pennylane/pennylane.templates.state_preparations.mottonen.MottonenStatePreparation;Schmidt Decomposition;summary;This code is part of a Qiskit project. (C) Copyright IBM 2020, 2023. This code is licensed under the Apache License, Version 2.0. You may obtain a cop...;0.7127;0
test/circuit/test_european_call_pricing_objective.py;/qiskit-algorithms/qiskit_algorithms.state_fidelities.compute_uncompute.ComputeUncompute;Uncompute;summary;This code is part of a Qiskit project. (C) Copyright IBM 2020, 2023. This code is licensed under the Apache License, Version 2.0. You may obtain a cop...;0.7102;0
test/circuit/test_european_call_pricing_objective.py;/pennylane/pennylane.templates.subroutines.qpe.QuantumPhaseEstimation;Quantum Phase Estimation (QPE);summary;This code is part of a Qiskit project. (C) Copyright IBM 2020, 2023. This code is licensed under the Apache License, Version 2.0. You may obtain a cop...;0.7100;0
test/circuit/test_european_call_pricing_objective.py;/pennylane/pennylane.templates.layers.cv_neural_net.CVNeuralNetLayers;Quantum Neural Network (QNN);summary;This code is part of a Qiskit project. (C) Copyright IBM 2020, 2023. This code is licensed under the Apache License, Version 2.0. You may obtain a cop...;0.7091;0
test/circuit/test_european_call_pricing_objective.py;/pennylane/pennylane.templates.embeddings.qaoaembedding.QAOAEmbedding;Quantum Approximate Optimization Algorithm (QAOA);summary;This code is part of a Qiskit project. (C) Copyright IBM 2020, 2023. This code is licensed under the Apache License, Version 2.0. You may obtain a cop...;0.7091;0
test/circuit/test_european_call_pricing_objective.py;/classiq/open_library.functions.qsvt.qsvt_step;Domain Specific Application;summary;This code is part of a Qiskit project. (C) Copyright IBM 2020, 2023. This code is licensed under the Apache License, Version 2.0. You may obtain a cop...;0.7073;0
test/circuit/test_european_call_pricing_objective.py;/pennylane/pennylane.templates.subroutines.aqft.AQFT;Basis Change;summary;This code is part of a Qiskit project. (C) Copyright IBM 2020, 2023. This code is licensed under the Apache License, Version 2.0. You may obtain a cop...;0.7040;0
test/circuit/test_european_call_pricing_objective.py;/pennylane/pennylane.templates.tensornetworks.mps.MPS;Quantum Neural Network (QNN);summary;This code is part of a Qiskit project. (C) Copyright IBM 2020, 2023. This code is licensed under the Apache License, Version 2.0. You may obtain a cop...;0.7028;0
test/circuit/test_european_call_pricing_objective.py;/qiskit-algorithms/qiskit_algorithms.time_evolvers.variational.variational_principles.variational_principle.VariationalPrinciple;Variational Quantum Algorithm (VQA);summary;This code is part of a Qiskit project. (C) Copyright IBM 2020, 2023. This code is licensed under the Apache License, Version 2.0. You may obtain a cop...;0.6995;0
test/circuit/test_european_call_pricing_objective.py;/qiskit/qiskit.circuit.library.graph_state.GraphState;Circuit Construction Utility;summary;This code is part of a Qiskit project. (C) Copyright IBM 2020, 2023. This code is licensed under the Apache License, Version 2.0. You may obtain a cop...;0.6981;0
test/circuit/test_european_call_pricing_objective.py;/qiskit/qiskit.circuit.library.arithmetic.multipliers.rg_qft_multiplier.RGQFTMultiplier;Quantum Arithmetic;summary;This code is part of a Qiskit project. (C) Copyright IBM 2020, 2023. This code is licensed under the Apache License, Version 2.0. You may obtain a cop...;0.6976;0
test/circuit/test_european_call_pricing_objective.py;/classiq/open_library.functions.qpe.qpe_flexible;Quantum Phase Estimation (QPE);summary;This code is part of a Qiskit project. (C) Copyright IBM 2020, 2023. This code is licensed under the Apache License, Version 2.0. You may obtain a cop...;0.6972;0
test/circuit/test_european_call_pricing_objective.py;/classiq/open_library.functions.qsvt.qsvt_lcu_step;Domain Specific Application;summary;This code is part of a Qiskit project. (C) Copyright IBM 2020, 2023. This code is licensed under the Apache License, Version 2.0. You may obtain a cop...;0.6971;0
test/circuit/test_european_call_pricing_objective.py;/pennylane/pennylane.templates.layers.particle_conserving_u1.ParticleConservingU1;Variational Quantum Eigensolver (VQE);summary;This code is part of a Qiskit project. (C) Copyright IBM 2020, 2023. This code is licensed under the Apache License, Version 2.0. You may obtain a cop...;0.6971;0
test/circuit/test_european_call_pricing_objective.py;/pennylane/pennylane.templates.subroutines.gqsp.GQSP;Basis Change;summary;This code is part of a Qiskit project. (C) Copyright IBM 2020, 2023. This code is licensed under the Apache License, Version 2.0. You may obtain a cop...;0.6970;0
test/circuit/test_european_call_pricing_objective.py;/classiq/open_library.functions.qsvt.qsvt;Domain Specific Application;summary;This code is part of a Qiskit project. (C) Copyright IBM 2020, 2023. This code is licensed under the Apache License, Version 2.0. You may obtain a cop...;0.6954;0
test/circuit/test_european_call_pricing_objective.py;/pennylane/pennylane.templates.subroutines.iqp.IQP;Circuit Construction Utility;summary;This code is part of a Qiskit project. (C) Copyright IBM 2020, 2023. This code is licensed under the Apache License, Version 2.0. You may obtain a cop...;0.6939;0
test/circuit/test_european_call_pricing_objective.py;/qiskit/qiskit.circuit.library.arithmetic.adders.draper_qft_adder.DraperQFTAdder;Quantum Arithmetic;summary;This code is part of a Qiskit project. (C) Copyright IBM 2020, 2023. This code is licensed under the Apache License, Version 2.0. You may obtain a cop...;0.6936;0
test/circuit/test_european_call_pricing_objective.py;/classiq/open_library.functions.qsvt.qsvt_lcu;Domain Specific Application;summary;This code is part of a Qiskit project. (C) Copyright IBM 2020, 2023. This code is licensed under the Apache License, Version 2.0. You may obtain a cop...;0.6930;0
test/circuit/test_european_call_pricing_objective.py;/pennylane/pennylane.templates.embeddings.iqp.IQPEmbedding;Data Encoding;summary;This code is part of a Qiskit project. (C) Copyright IBM 2020, 2023. This code is licensed under the Apache License, Version 2.0. You may obtain a cop...;0.6898;0
test/circuit/test_european_call_pricing_objective.py;/qiskit/qiskit.circuit.library.n_local.n_local.NLocal;Variational Quantum Algorithm (VQA);summary;This code is part of a Qiskit project. (C) Copyright IBM 2020, 2023. This code is licensed under the Apache License, Version 2.0. You may obtain a cop...;0.6895;0
test/circuit/test_european_call_pricing_objective.py;/pennylane/pennylane.templates.state_preparations.qrom_state_prep.QROMStatePreparation;Initialization;summary;This code is part of a Qiskit project. (C) Copyright IBM 2020, 2023. This code is licensed under the Apache License, Version 2.0. You may obtain a cop...;0.6878;0
test/circuit/test_european_call_pricing_objective.py;/pennylane/pennylane.templates.layers.particle_conserving_u2.ParticleConservingU2;Variational Quantum Eigensolver (VQE);summary;This code is part of a Qiskit project. (C) Copyright IBM 2020, 2023. This code is licensed under the Apache License, Version 2.0. You may obtain a cop...;0.6874;0
test/circuit/test_european_call_pricing_objective.py;/qiskit/qiskit.circuit.library.iqp.random_iqp;Circuit Construction Utility;summary;This code is part of a Qiskit project. (C) Copyright IBM 2020, 2023. This code is licensed under the Apache License, Version 2.0. You may obtain a cop...;0.6864;0
test/circuit/test_european_call_pricing_objective.py;/qiskit/qiskit.circuit.library.arithmetic.integer_comparator.IntegerComparatorGate;Quantum Arithmetic;summary;This code is part of a Qiskit project. (C) Copyright IBM 2020, 2023. This code is licensed under the Apache License, Version 2.0. You may obtain a cop...;0.6863;0
test/circuit/test_european_call_pricing_objective.py;/classiq/open_library.functions.state_preparation.prepare_linear_amplitudes;Initialization;summary;This code is part of a Qiskit project. (C) Copyright IBM 2020, 2023. This code is licensed under the Apache License, Version 2.0. You may obtain a cop...;0.6841;0
test/circuit/test_european_call_pricing_objective.py;/qiskit/qiskit.circuit.library.iqp.IQP;Circuit Construction Utility;summary;This code is part of a Qiskit project. (C) Copyright IBM 2020, 2023. This code is licensed under the Apache License, Version 2.0. You may obtain a cop...;0.6833;0
test/circuit/test_european_call_pricing_objective.py;/pennylane/pennylane.templates.state_preparations.state_prep_mps.MPSPrep;Initialization;summary;This code is part of a Qiskit project. (C) Copyright IBM 2020, 2023. This code is licensed under the Apache License, Version 2.0. You may obtain a cop...;0.6827;0
test/circuit/test_european_call_pricing_objective.py;/pennylane/pennylane.templates.state_preparations.basis_qutrit.QutritBasisStatePreparation;Initialization;summary;This code is part of a Qiskit project. (C) Copyright IBM 2020, 2023. This code is licensed under the Apache License, Version 2.0. You may obtain a cop...;0.6824;0
test/circuit/test_european_call_pricing_objective.py;/pennylane/pennylane.templates.subroutines.qchem.fermionic_single_excitation.FermionicSingleExcitation;Variational Quantum Eigensolver (VQE);summary;This code is part of a Qiskit project. (C) Copyright IBM 2020, 2023. This code is licensed under the Apache License, Version 2.0. You may obtain a cop...;0.6822;0
test/circuit/test_european_call_pricing_objective.py;/qiskit/qiskit.circuit.library.boolean_logic.quantum_or.OR;Quantum Logical Operators;summary;This code is part of a Qiskit project. (C) Copyright IBM 2020, 2023. This code is licensed under the Apache License, Version 2.0. You may obtain a cop...;0.6819;0
test/circuit/test_european_call_pricing_objective.py;/classiq/open_library.functions.state_preparation.prepare_exponential_state;Initialization;summary;This code is part of a Qiskit project. (C) Copyright IBM 2020, 2023. This code is licensed under the Apache License, Version 2.0. You may obtain a cop...;0.6813;0
test/circuit/test_european_call_pricing_objective.py;/pennylane/pennylane.templates.subroutines.qchem.fermionic_double_excitation.FermionicDoubleExcitation;Variational Quantum Eigensolver (VQE);summary;This code is part of a Qiskit project. (C) Copyright IBM 2020, 2023. This code is licensed under the Apache License, Version 2.0. You may obtain a cop...;0.6802;0
test/circuit/test_european_call_pricing_objective.py;/classiq/open_library.functions.qaoa_penalty.qaoa_mixer_layer;Quantum Approximate Optimization Algorithm (QAOA);summary;This code is part of a Qiskit project. (C) Copyright IBM 2020, 2023. This code is licensed under the Apache License, Version 2.0. You may obtain a cop...;0.6797;0
test/circuit/test_european_call_pricing_objective.py;/pennylane/pennylane.templates.layers.strongly_entangling.StronglyEntanglingLayers;Variational Quantum Algorithm (VQA);summary;This code is part of a Qiskit project. (C) Copyright IBM 2020, 2023. This code is licensed under the Apache License, Version 2.0. You may obtain a cop...;0.6795;0
test/circuit/test_european_call_pricing_objective.py;/pennylane/pennylane.templates.subroutines.qft.QFT;Basis Change;summary;This code is part of a Qiskit project. (C) Copyright IBM 2020, 2023. This code is licensed under the Apache License, Version 2.0. You may obtain a cop...;0.6794;0
test/circuit/test_european_call_pricing_objective.py;/qiskit/qiskit.circuit.library.generalized_gates.diagonal.Diagonal;Circuit Construction Utility;summary;This code is part of a Qiskit project. (C) Copyright IBM 2020, 2023. This code is licensed under the Apache License, Version 2.0. You may obtain a cop...;0.6792;0
test/circuit/test_european_call_pricing_objective.py;/qiskit/qiskit.circuit.library.boolean_logic.quantum_and.AND;Quantum Logical Operators;summary;This code is part of a Qiskit project. (C) Copyright IBM 2020, 2023. This code is licensed under the Apache License, Version 2.0. You may obtain a cop...;0.6786;0
test/circuit/test_european_call_pricing_objective.py;/pennylane/pennylane.templates.subroutines.qchem.all_singles_doubles.AllSinglesDoubles;Variational Quantum Eigensolver (VQE);summary;This code is part of a Qiskit project. (C) Copyright IBM 2020, 2023. This code is licensed under the Apache License, Version 2.0. You may obtain a cop...;0.6786;0
test/circuit/test_european_call_pricing_objective.py;/pennylane/pennylane.templates.state_preparations.arbitrary_state_preparation.ArbitraryStatePreparation;Initialization;summary;This code is part of a Qiskit project. (C) Copyright IBM 2020, 2023. This code is licensed under the Apache License, Version 2.0. You may obtain a cop...;0.6784;0
test/circuit/test_european_call_pricing_objective.py;/classiq/open_library.functions.state_preparation.inplace_prepare_int;N/A;summary;This code is part of a Qiskit project. (C) Copyright IBM 2020, 2023. This code is licensed under the Apache License, Version 2.0. You may obtain a cop...;0.6780;0
test/circuit/test_european_call_pricing_objective.py;/qiskit/qiskit.circuit.library.arithmetic.weighted_adder.WeightedAdder;Quantum Arithmetic;summary;This code is part of a Qiskit project. (C) Copyright IBM 2020, 2023. This code is licensed under the Apache License, Version 2.0. You may obtain a cop...;0.6778;0
test/circuit/test_european_call_pricing_objective.py;/classiq/open_library.functions.discrete_sine_cosine_transform.qst_type2;Basis Change;summary;This code is part of a Qiskit project. (C) Copyright IBM 2020, 2023. This code is licensed under the Apache License, Version 2.0. You may obtain a cop...;0.6762;0
test/circuit/test_european_call_pricing_objective.py;/qiskit/qiskit.circuit.library.arithmetic.quadratic_form.QuadraticFormGate;Quantum Arithmetic;summary;This code is part of a Qiskit project. (C) Copyright IBM 2020, 2023. This code is licensed under the Apache License, Version 2.0. You may obtain a cop...;0.6757;0
test/circuit/test_european_call_pricing_objective.py;/classiq/open_library.functions.state_preparation.prepare_dicke_state;Initialization;summary;This code is part of a Qiskit project. (C) Copyright IBM 2020, 2023. This code is licensed under the Apache License, Version 2.0. You may obtain a cop...;0.6755;0
test/circuit/test_european_call_pricing_objective.py;/classiq/open_library.functions.modular_exponentiation.inplace_c_modular_multiply;Quantum Arithmetic;summary;This code is part of a Qiskit project. (C) Copyright IBM 2020, 2023. This code is licensed under the Apache License, Version 2.0. You may obtain a cop...;0.6750;0
test/circuit/test_european_call_pricing_objective.py;/classiq/open_library.functions.qsvt.gqsp;Domain Specific Application;summary;This code is part of a Qiskit project. (C) Copyright IBM 2020, 2023. This code is licensed under the Apache License, Version 2.0. You may obtain a cop...;0.6737;0
test/circuit/test_european_call_pricing_objective.py;/qiskit/qiskit.circuit.library.n_local.two_local.TwoLocal;Variational Quantum Algorithm (VQA);name;TwoLocal;1.0000;66
test/circuit/test_european_call_pricing_objective.py;/qiskit-algorithms/qiskit_algorithms.amplitude_estimators.estimation_problem.EstimationProblem;Quantum Amplitude Estimation;name;EstimationProblem;1.0000;92
test/circuit/test_european_call_pricing_objective.py;/qiskit-algorithms/qiskit_algorithms.amplitude_estimators.iae.IterativeAmplitudeEstimation;Quantum Amplitude Estimation;name;IterativeAmplitudeEstimation;1.0000;99
test/circuit/test_european_call_pricing_objective.py;/classiq/open_library.functions.amplitude_estimation.amplitude_estimation;Quantum Amplitude Estimation;name;IterativeAmplitudeEstimation;0.9340;99
test/circuit/test_european_call_pricing_objective.py;/qiskit-algorithms/qiskit_algorithms.amplitude_estimators.ae.AmplitudeEstimation;Quantum Amplitude Estimation;name;IterativeAmplitudeEstimation;0.9340;99
test/circuit/test_european_call_pricing_objective.py;/qiskit-algorithms/qiskit_algorithms.amplitude_estimators.fae.FasterAmplitudeEstimation;Quantum Amplitude Estimation;name;IterativeAmplitudeEstimation;0.9315;99
test/circuit/test_fixed_income_pricing_objective.py;/pennylane/pennylane.templates.state_preparations.mottonen.MottonenStatePreparation;Schmidt Decomposition;summary;This code is part of a Qiskit project. (C) Copyright IBM 2020, 2023. This code is licensed under the Apache License, Version 2.0. You may obtain a cop...;0.7247;0
test/circuit/test_fixed_income_pricing_objective.py;/pennylane/pennylane.templates.subroutines.iqp.IQP;Circuit Construction Utility;summary;This code is part of a Qiskit project. (C) Copyright IBM 2020, 2023. This code is licensed under the Apache License, Version 2.0. You may obtain a cop...;0.7130;0
test/circuit/test_fixed_income_pricing_objective.py;/classiq/open_library.functions.qsvt.qsvt_step;Domain Specific Application;summary;This code is part of a Qiskit project. (C) Copyright IBM 2020, 2023. This code is licensed under the Apache License, Version 2.0. You may obtain a cop...;0.7110;0
test/circuit/test_fixed_income_pricing_objective.py;/qiskit-algorithms/qiskit_algorithms.state_fidelities.compute_uncompute.ComputeUncompute;Uncompute;summary;This code is part of a Qiskit project. (C) Copyright IBM 2020, 2023. This code is licensed under the Apache License, Version 2.0. You may obtain a cop...;0.7107;0
test/circuit/test_fixed_income_pricing_objective.py;/pennylane/pennylane.templates.state_preparations.state_prep_mps.MPSPrep;Initialization;summary;This code is part of a Qiskit project. (C) Copyright IBM 2020, 2023. This code is licensed under the Apache License, Version 2.0. You may obtain a cop...;0.7087;0
test/circuit/test_fixed_income_pricing_objective.py;/pennylane/pennylane.templates.subroutines.qsvt.QSVT;Domain Specific Application;summary;This code is part of a Qiskit project. (C) Copyright IBM 2020, 2023. This code is licensed under the Apache License, Version 2.0. You may obtain a cop...;0.7075;0
test/circuit/test_fixed_income_pricing_objective.py;/pennylane/pennylane.templates.state_preparations.basis_qutrit.QutritBasisStatePreparation;Initialization;summary;This code is part of a Qiskit project. (C) Copyright IBM 2020, 2023. This code is licensed under the Apache License, Version 2.0. You may obtain a cop...;0.7063;0
test/circuit/test_fixed_income_pricing_objective.py;/pennylane/pennylane.templates.subroutines.time_evolution.trotter.TrotterizedQfunc;Hamiltonian Simulation;summary;This code is part of a Qiskit project. (C) Copyright IBM 2020, 2023. This code is licensed under the Apache License, Version 2.0. You may obtain a cop...;0.7051;0
test/circuit/test_fixed_income_pricing_objective.py;/classiq/open_library.functions.qsvt.qsvt;Domain Specific Application;summary;This code is part of a Qiskit project. (C) Copyright IBM 2020, 2023. This code is licensed under the Apache License, Version 2.0. You may obtain a cop...;0.7042;0
test/circuit/test_fixed_income_pricing_objective.py;/pennylane/pennylane.templates.layers.gate_fabric.GateFabric;Variational Quantum Algorithm (VQA);summary;This code is part of a Qiskit project. (C) Copyright IBM 2020, 2023. This code is licensed under the Apache License, Version 2.0. You may obtain a cop...;0.7006;0
test/circuit/test_fixed_income_pricing_objective.py;/pennylane/pennylane.templates.tensornetworks.mps.MPS;Quantum Neural Network (QNN);summary;This code is part of a Qiskit project. (C) Copyright IBM 2020, 2023. This code is licensed under the Apache License, Version 2.0. You may obtain a cop...;0.6967;0
test/circuit/test_fixed_income_pricing_objective.py;/pennylane/pennylane.templates.state_preparations.superposition.Superposition;Basis Change;summary;This code is part of a Qiskit project. (C) Copyright IBM 2020, 2023. This code is licensed under the Apache License, Version 2.0. You may obtain a cop...;0.6945;0
test/circuit/test_fixed_income_pricing_objective.py;/classiq/open_library.functions.qsvt.qsvt_lcu_step;Domain Specific Application;summary;This code is part of a Qiskit project. (C) Copyright IBM 2020, 2023. This code is licensed under the Apache License, Version 2.0. You may obtain a cop...;0.6939;0
test/circuit/test_fixed_income_pricing_objective.py;/qiskit/qiskit.circuit.library.arithmetic.multipliers.rg_qft_multiplier.RGQFTMultiplier;Quantum Arithmetic;summary;This code is part of a Qiskit project. (C) Copyright IBM 2020, 2023. This code is licensed under the Apache License, Version 2.0. You may obtain a cop...;0.6935;0
test/circuit/test_fixed_income_pricing_objective.py;/classiq/open_library.functions.qsvt.qsvt_lcu;Domain Specific Application;summary;This code is part of a Qiskit project. (C) Copyright IBM 2020, 2023. This code is licensed under the Apache License, Version 2.0. You may obtain a cop...;0.6905;0
test/circuit/test_fixed_income_pricing_objective.py;/qiskit/qiskit.circuit.library.arithmetic.quadratic_form.QuadraticFormGate;Quantum Arithmetic;summary;This code is part of a Qiskit project. (C) Copyright IBM 2020, 2023. This code is licensed under the Apache License, Version 2.0. You may obtain a cop...;0.6902;0
test/circuit/test_fixed_income_pricing_objective.py;/pennylane/pennylane.templates.layers.particle_conserving_u1.ParticleConservingU1;Variational Quantum Eigensolver (VQE);summary;This code is part of a Qiskit project. (C) Copyright IBM 2020, 2023. This code is licensed under the Apache License, Version 2.0. You may obtain a cop...;0.6885;0
test/circuit/test_fixed_income_pricing_objective.py;/pennylane/pennylane.templates.layers.cv_neural_net.CVNeuralNetLayers;Quantum Neural Network (QNN);summary;This code is part of a Qiskit project. (C) Copyright IBM 2020, 2023. This code is licensed under the Apache License, Version 2.0. You may obtain a cop...;0.6878;0
test/circuit/test_fixed_income_pricing_objective.py;/pennylane/pennylane.templates.embeddings.basis.BasisEmbedding;Data Encoding;summary;This code is part of a Qiskit project. (C) Copyright IBM 2020, 2023. This code is licensed under the Apache License, Version 2.0. You may obtain a cop...;0.6854;0
test/circuit/test_fixed_income_pricing_objective.py;/pennylane/pennylane.templates.subroutines.qchem.all_singles_doubles.AllSinglesDoubles;Variational Quantum Eigensolver (VQE);summary;This code is part of a Qiskit project. (C) Copyright IBM 2020, 2023. This code is licensed under the Apache License, Version 2.0. You may obtain a cop...;0.6830;0
test/circuit/test_fixed_income_pricing_objective.py;/qiskit-algorithms/qiskit_algorithms.state_fidelities.base_state_fidelity.BaseStateFidelity;Uncompute;summary;This code is part of a Qiskit project. (C) Copyright IBM 2020, 2023. This code is licensed under the Apache License, Version 2.0. You may obtain a cop...;0.6825;0
test/circuit/test_fixed_income_pricing_objective.py;/pennylane/pennylane.templates.layers.particle_conserving_u2.ParticleConservingU2;Variational Quantum Eigensolver (VQE);summary;This code is part of a Qiskit project. (C) Copyright IBM 2020, 2023. This code is licensed under the Apache License, Version 2.0. You may obtain a cop...;0.6823;0
test/circuit/test_fixed_income_pricing_objective.py;/pennylane/pennylane.templates.subroutines.fable.FABLE;Data Encoding;summary;This code is part of a Qiskit project. (C) Copyright IBM 2020, 2023. This code is licensed under the Apache License, Version 2.0. You may obtain a cop...;0.6806;0
test/circuit/test_fixed_income_pricing_objective.py;/classiq/open_library.functions.state_preparation.inplace_prepare_int;N/A;summary;This code is part of a Qiskit project. (C) Copyright IBM 2020, 2023. This code is licensed under the Apache License, Version 2.0. You may obtain a cop...;0.6806;0
test/circuit/test_fixed_income_pricing_objective.py;/qiskit/qiskit.circuit.library.arithmetic.adders.adder.HalfAdderGate;Quantum Arithmetic;summary;This code is part of a Qiskit project. (C) Copyright IBM 2020, 2023. This code is licensed under the Apache License, Version 2.0. You may obtain a cop...;0.6805;0
test/circuit/test_fixed_income_pricing_objective.py;/qiskit-algorithms/qiskit_algorithms.minimum_eigensolvers.qaoa.QAOA;Quantum Approximate Optimization Algorithm (QAOA);summary;This code is part of a Qiskit project. (C) Copyright IBM 2020, 2023. This code is licensed under the Apache License, Version 2.0. You may obtain a cop...;0.6802;0
test/circuit/test_fixed_income_pricing_objective.py;/pennylane/pennylane.templates.embeddings.iqp.IQPEmbedding;Data Encoding;summary;This code is part of a Qiskit project. (C) Copyright IBM 2020, 2023. This code is licensed under the Apache License, Version 2.0. You may obtain a cop...;0.6785;0
test/circuit/test_fixed_income_pricing_objective.py;/qiskit/qiskit.circuit.library.arithmetic.multipliers.multiplier.MultiplierGate;Quantum Arithmetic;summary;This code is part of a Qiskit project. (C) Copyright IBM 2020, 2023. This code is licensed under the Apache License, Version 2.0. You may obtain a cop...;0.6782;0
test/circuit/test_fixed_income_pricing_objective.py;/qiskit/qiskit.circuit.library.grover_operator.GroverOperator;Grover;summary;This code is part of a Qiskit project. (C) Copyright IBM 2020, 2023. This code is licensed under the Apache License, Version 2.0. You may obtain a cop...;0.6780;0
test/circuit/test_fixed_income_pricing_objective.py;/classiq/open_library.functions.state_preparation.prepare_uniform_trimmed_state;Initialization;summary;This code is part of a Qiskit project. (C) Copyright IBM 2020, 2023. This code is licensed under the Apache License, Version 2.0. You may obtain a cop...;0.6772;0
test/circuit/test_fixed_income_pricing_objective.py;/qiskit/qiskit.circuit.library.generalized_gates.isometry.Isometry;Circuit Construction Utility;summary;This code is part of a Qiskit project. (C) Copyright IBM 2020, 2023. This code is licensed under the Apache License, Version 2.0. You may obtain a cop...;0.6769;0
test/circuit/test_fixed_income_pricing_objective.py;/qiskit/qiskit.circuit.library.data_preparation.state_preparation.UniformSuperpositionGate;Basis Change;summary;This code is part of a Qiskit project. (C) Copyright IBM 2020, 2023. This code is licensed under the Apache License, Version 2.0. You may obtain a cop...;0.6757;0
test/circuit/test_fixed_income_pricing_objective.py;/pennylane/pennylane.templates.embeddings.qaoaembedding.QAOAEmbedding;Quantum Approximate Optimization Algorithm (QAOA);summary;This code is part of a Qiskit project. (C) Copyright IBM 2020, 2023. This code is licensed under the Apache License, Version 2.0. You may obtain a cop...;0.6747;0
test/circuit/test_fixed_income_pricing_objective.py;/classiq/open_library.functions.state_preparation.prepare_uniform_interval_state;Initialization;summary;This code is part of a Qiskit project. (C) Copyright IBM 2020, 2023. This code is licensed under the Apache License, Version 2.0. You may obtain a cop...;0.6746;0
test/circuit/test_fixed_income_pricing_objective.py;/qiskit-algorithms/qiskit_algorithms.time_evolvers.variational.variational_principles.variational_principle.VariationalPrinciple;Variational Quantum Algorithm (VQA);summary;This code is part of a Qiskit project. (C) Copyright IBM 2020, 2023. This code is licensed under the Apache License, Version 2.0. You may obtain a cop...;0.6742;0
test/circuit/test_fixed_income_pricing_objective.py;/qiskit/qiskit.circuit.library.boolean_logic.inner_product.InnerProductGate;Quantum Logical Operators;summary;This code is part of a Qiskit project. (C) Copyright IBM 2020, 2023. This code is licensed under the Apache License, Version 2.0. You may obtain a cop...;0.6739;0
test/circuit/test_fixed_income_pricing_objective.py;/qiskit-algorithms/qiskit_algorithms.time_evolvers.pvqd.pvqd.PVQD;Variational Quantum Algorithm (VQA);summary;This code is part of a Qiskit project. (C) Copyright IBM 2020, 2023. This code is licensed under the Apache License, Version 2.0. You may obtain a cop...;0.6727;0
test/circuit/test_fixed_income_pricing_objective.py;/classiq/open_library.functions.discrete_sine_cosine_transform.qst_type2;Basis Change;summary;This code is part of a Qiskit project. (C) Copyright IBM 2020, 2023. This code is licensed under the Apache License, Version 2.0. You may obtain a cop...;0.6723;0
test/circuit/test_fixed_income_pricing_objective.py;/qiskit/qiskit.circuit.library.generalized_gates.diagonal.Diagonal;Circuit Construction Utility;summary;This code is part of a Qiskit project. (C) Copyright IBM 2020, 2023. This code is licensed under the Apache License, Version 2.0. You may obtain a cop...;0.6719;0
test/circuit/test_fixed_income_pricing_objective.py;/pennylane/pennylane.templates.subroutines.qram.BBQRAM;N/A;summary;This code is part of a Qiskit project. (C) Copyright IBM 2020, 2023. This code is licensed under the Apache License, Version 2.0. You may obtain a cop...;0.6717;0
test/circuit/test_fixed_income_pricing_objective.py;/qiskit-algorithms/qiskit_algorithms.variational_algorithm.VariationalAlgorithm;Variational Quantum Algorithm (VQA);summary;This code is part of a Qiskit project. (C) Copyright IBM 2020, 2023. This code is licensed under the Apache License, Version 2.0. You may obtain a cop...;0.6715;0
test/circuit/test_fixed_income_pricing_objective.py;/pennylane/pennylane.templates.subroutines.arithmetic.semi_adder.SemiAdder;Quantum Arithmetic;summary;This code is part of a Qiskit project. (C) Copyright IBM 2020, 2023. This code is licensed under the Apache License, Version 2.0. You may obtain a cop...;0.6713;0
test/circuit/test_fixed_income_pricing_objective.py;/qiskit/qiskit.circuit.library.arithmetic.adders.adder.FullAdderGate;Quantum Arithmetic;summary;This code is part of a Qiskit project. (C) Copyright IBM 2020, 2023. This code is licensed under the Apache License, Version 2.0. You may obtain a cop...;0.6711;0
test/circuit/test_fixed_income_pricing_objective.py;/classiq/open_library.functions.state_preparation.prepare_exponential_state;Initialization;summary;This code is part of a Qiskit project. (C) Copyright IBM 2020, 2023. This code is licensed under the Apache License, Version 2.0. You may obtain a cop...;0.6706;0
test/circuit/test_fixed_income_pricing_objective.py;/classiq/open_library.functions.qsvt.gqsp;Domain Specific Application;summary;This code is part of a Qiskit project. (C) Copyright IBM 2020, 2023. This code is licensed under the Apache License, Version 2.0. You may obtain a cop...;0.6705;0
test/circuit/test_fixed_income_pricing_objective.py;/qiskit/qiskit.circuit.library.arithmetic.adders.draper_qft_adder.DraperQFTAdder;Quantum Arithmetic;summary;This code is part of a Qiskit project. (C) Copyright IBM 2020, 2023. This code is licensed under the Apache License, Version 2.0. You may obtain a cop...;0.6705;0
test/circuit/test_fixed_income_pricing_objective.py;/qiskit/qiskit.circuit.library.graph_state.GraphState;Circuit Construction Utility;summary;This code is part of a Qiskit project. (C) Copyright IBM 2020, 2023. This code is licensed under the Apache License, Version 2.0. You may obtain a cop...;0.6703;0
test/circuit/test_fixed_income_pricing_objective.py;/pennylane/pennylane.templates.subroutines.qram.HybridQRAM;N/A;summary;This code is part of a Qiskit project. (C) Copyright IBM 2020, 2023. This code is licensed under the Apache License, Version 2.0. You may obtain a cop...;0.6702;0
test/circuit/test_fixed_income_pricing_objective.py;/pennylane/pennylane.templates.subroutines.aqft.AQFT;Basis Change;summary;This code is part of a Qiskit project. (C) Copyright IBM 2020, 2023. This code is licensed under the Apache License, Version 2.0. You may obtain a cop...;0.6702;0
test/circuit/test_fixed_income_pricing_objective.py;/pennylane/pennylane.templates.core.AbstractArray;N/A;summary;This code is part of a Qiskit project. (C) Copyright IBM 2020, 2023. This code is licensed under the Apache License, Version 2.0. You may obtain a cop...;0.6700;0
test/circuit/test_fixed_income_pricing_objective.py;/qiskit-algorithms/qiskit_algorithms.amplitude_estimators.estimation_problem.EstimationProblem;Quantum Amplitude Estimation;name;EstimationProblem;1.0000;83
test/circuit/test_fixed_income_pricing_objective.py;/qiskit-algorithms/qiskit_algorithms.amplitude_estimators.iae.IterativeAmplitudeEstimation;Quantum Amplitude Estimation;name;IterativeAmplitudeEstimation;1.0000;90
test/circuit/test_fixed_income_pricing_objective.py;/classiq/open_library.functions.amplitude_estimation.amplitude_estimation;Quantum Amplitude Estimation;name;IterativeAmplitudeEstimation;0.9340;90
test/circuit/test_fixed_income_pricing_objective.py;/qiskit-algorithms/qiskit_algorithms.amplitude_estimators.ae.AmplitudeEstimation;Quantum Amplitude Estimation;name;IterativeAmplitudeEstimation;0.9340;90
test/circuit/test_fixed_income_pricing_objective.py;/qiskit-algorithms/qiskit_algorithms.amplitude_estimators.fae.FasterAmplitudeEstimation;Quantum Amplitude Estimation;name;IterativeAmplitudeEstimation;0.9315;90
test/circuit/test_probability_distributions.py;/qiskit-algorithms/qiskit_algorithms.state_fidelities.compute_uncompute.ComputeUncompute;Uncompute;summary;This code is part of a Qiskit project. (C) Copyright IBM 2017, 2025. This code is licensed under the Apache License, Version 2.0. You may obtain a cop...;0.7118;0
test/circuit/test_probability_distributions.py;/pennylane/pennylane.templates.state_preparations.mottonen.MottonenStatePreparation;Schmidt Decomposition;summary;This code is part of a Qiskit project. (C) Copyright IBM 2017, 2025. This code is licensed under the Apache License, Version 2.0. You may obtain a cop...;0.7081;0
test/circuit/test_probability_distributions.py;/classiq/open_library.functions.state_preparation.inplace_prepare_int;N/A;summary;This code is part of a Qiskit project. (C) Copyright IBM 2017, 2025. This code is licensed under the Apache License, Version 2.0. You may obtain a cop...;0.6959;0
test/circuit/test_probability_distributions.py;/pennylane/pennylane.templates.layers.gate_fabric.GateFabric;Variational Quantum Algorithm (VQA);summary;This code is part of a Qiskit project. (C) Copyright IBM 2017, 2025. This code is licensed under the Apache License, Version 2.0. You may obtain a cop...;0.6946;0
test/circuit/test_probability_distributions.py;/classiq/open_library.functions.state_preparation.prepare_uniform_interval_state;Initialization;summary;This code is part of a Qiskit project. (C) Copyright IBM 2017, 2025. This code is licensed under the Apache License, Version 2.0. You may obtain a cop...;0.6941;0
test/circuit/test_probability_distributions.py;/classiq/open_library.functions.state_preparation.prepare_linear_amplitudes;Initialization;summary;This code is part of a Qiskit project. (C) Copyright IBM 2017, 2025. This code is licensed under the Apache License, Version 2.0. You may obtain a cop...;0.6906;0
test/circuit/test_probability_distributions.py;/pennylane/pennylane.templates.core.AbstractArray;N/A;summary;This code is part of a Qiskit project. (C) Copyright IBM 2017, 2025. This code is licensed under the Apache License, Version 2.0. You may obtain a cop...;0.6897;0
test/circuit/test_probability_distributions.py;/classiq/open_library.functions.qpe.qpe_flexible;Quantum Phase Estimation (QPE);summary;This code is part of a Qiskit project. (C) Copyright IBM 2017, 2025. This code is licensed under the Apache License, Version 2.0. You may obtain a cop...;0.6888;0
test/circuit/test_probability_distributions.py;/classiq/open_library.functions.qsvt.qsvt;Domain Specific Application;summary;This code is part of a Qiskit project. (C) Copyright IBM 2017, 2025. This code is licensed under the Apache License, Version 2.0. You may obtain a cop...;0.6884;0
test/circuit/test_probability_distributions.py;/pennylane/pennylane.templates.state_preparations.superposition.Superposition;Basis Change;summary;This code is part of a Qiskit project. (C) Copyright IBM 2017, 2025. This code is licensed under the Apache License, Version 2.0. You may obtain a cop...;0.6878;0
test/circuit/test_probability_distributions.py;/qiskit-algorithms/qiskit_algorithms.state_fidelities.base_state_fidelity.BaseStateFidelity;Uncompute;summary;This code is part of a Qiskit project. (C) Copyright IBM 2017, 2025. This code is licensed under the Apache License, Version 2.0. You may obtain a cop...;0.6866;0
test/circuit/test_probability_distributions.py;/pennylane/pennylane.templates.subroutines.qsvt.QSVT;Domain Specific Application;summary;This code is part of a Qiskit project. (C) Copyright IBM 2017, 2025. This code is licensed under the Apache License, Version 2.0. You may obtain a cop...;0.6865;0
test/circuit/test_probability_distributions.py;/pennylane/pennylane.templates.layers.cv_neural_net.CVNeuralNetLayers;Quantum Neural Network (QNN);summary;This code is part of a Qiskit project. (C) Copyright IBM 2017, 2025. This code is licensed under the Apache License, Version 2.0. You may obtain a cop...;0.6848;0
test/circuit/test_probability_distributions.py;/pennylane/pennylane.templates.state_preparations.basis_qutrit.QutritBasisStatePreparation;Initialization;summary;This code is part of a Qiskit project. (C) Copyright IBM 2017, 2025. This code is licensed under the Apache License, Version 2.0. You may obtain a cop...;0.6843;0
test/circuit/test_probability_distributions.py;/pennylane/pennylane.templates.embeddings.basis.BasisEmbedding;Data Encoding;summary;This code is part of a Qiskit project. (C) Copyright IBM 2017, 2025. This code is licensed under the Apache License, Version 2.0. You may obtain a cop...;0.6820;0
test/circuit/test_probability_distributions.py;/qiskit/qiskit.circuit.library.data_preparation.state_preparation.UniformSuperpositionGate;Basis Change;summary;This code is part of a Qiskit project. (C) Copyright IBM 2017, 2025. This code is licensed under the Apache License, Version 2.0. You may obtain a cop...;0.6819;0
test/circuit/test_probability_distributions.py;/classiq/open_library.functions.amplitude_amplification.exact_amplitude_amplification;Amplitude Amplification;summary;This code is part of a Qiskit project. (C) Copyright IBM 2017, 2025. This code is licensed under the Apache License, Version 2.0. You may obtain a cop...;0.6804;0
test/circuit/test_probability_distributions.py;/pennylane/pennylane.templates.core.SubroutineOp;N/A;summary;This code is part of a Qiskit project. (C) Copyright IBM 2017, 2025. This code is licensed under the Apache License, Version 2.0. You may obtain a cop...;0.6801;0
test/circuit/test_probability_distributions.py;/qiskit/qiskit.circuit.library.graph_state.GraphStateGate;Circuit Construction Utility;summary;This code is part of a Qiskit project. (C) Copyright IBM 2017, 2025. This code is licensed under the Apache License, Version 2.0. You may obtain a cop...;0.6800;0
test/circuit/test_probability_distributions.py;/pennylane/pennylane.templates.subroutines.time_evolution.trotter.TrotterizedQfunc;Hamiltonian Simulation;summary;This code is part of a Qiskit project. (C) Copyright IBM 2017, 2025. This code is licensed under the Apache License, Version 2.0. You may obtain a cop...;0.6796;0
test/circuit/test_probability_distributions.py;/classiq/open_library.functions.qsvt.qsvt_step;Domain Specific Application;summary;This code is part of a Qiskit project. (C) Copyright IBM 2017, 2025. This code is licensed under the Apache License, Version 2.0. You may obtain a cop...;0.6788;0
test/circuit/test_probability_distributions.py;/pennylane/pennylane.templates.subroutines.qmc.QuantumMonteCarlo;Domain Specific Application;summary;This code is part of a Qiskit project. (C) Copyright IBM 2017, 2025. This code is licensed under the Apache License, Version 2.0. You may obtain a cop...;0.6786;0
test/circuit/test_probability_distributions.py;/classiq/open_library.functions.state_preparation.prepare_exponential_state;Initialization;summary;This code is part of a Qiskit project. (C) Copyright IBM 2017, 2025. This code is licensed under the Apache License, Version 2.0. You may obtain a cop...;0.6765;0
test/circuit/test_probability_distributions.py;/classiq/open_library.functions.variational.encode_in_angle;Data Encoding;summary;This code is part of a Qiskit project. (C) Copyright IBM 2017, 2025. This code is licensed under the Apache License, Version 2.0. You may obtain a cop...;0.6746;0
test/circuit/test_probability_distributions.py;/pennylane/pennylane.templates.embeddings.squeezing.SqueezingEmbedding;Data Encoding;summary;This code is part of a Qiskit project. (C) Copyright IBM 2017, 2025. This code is licensed under the Apache License, Version 2.0. You may obtain a cop...;0.6744;0
test/circuit/test_probability_distributions.py;/classiq/open_library.functions.state_preparation.prepare_int;N/A;summary;This code is part of a Qiskit project. (C) Copyright IBM 2017, 2025. This code is licensed under the Apache License, Version 2.0. You may obtain a cop...;0.6742;0
test/circuit/test_probability_distributions.py;/classiq/open_library.functions.state_preparation.prepare_uniform_trimmed_state;Initialization;summary;This code is part of a Qiskit project. (C) Copyright IBM 2017, 2025. This code is licensed under the Apache License, Version 2.0. You may obtain a cop...;0.6741;0
test/circuit/test_probability_distributions.py;/pennylane/pennylane.templates.subroutines.controlled_sequence.ControlledSequence;Quantum Phase Estimation (QPE);summary;This code is part of a Qiskit project. (C) Copyright IBM 2017, 2025. This code is licensed under the Apache License, Version 2.0. You may obtain a cop...;0.6735;0
test/circuit/test_probability_distributions.py;/pennylane/pennylane.templates.subroutines.qpe.QuantumPhaseEstimation;Quantum Phase Estimation (QPE);summary;This code is part of a Qiskit project. (C) Copyright IBM 2017, 2025. This code is licensed under the Apache License, Version 2.0. You may obtain a cop...;0.6734;0
test/circuit/test_probability_distributions.py;/qiskit/qiskit.circuit.library.generalized_gates.isometry.Isometry;Circuit Construction Utility;summary;This code is part of a Qiskit project. (C) Copyright IBM 2017, 2025. This code is licensed under the Apache License, Version 2.0. You may obtain a cop...;0.6731;0
test/circuit/test_probability_distributions.py;/qiskit-algorithms/qiskit_algorithms.time_evolvers.variational.variational_principles.variational_principle.VariationalPrinciple;Variational Quantum Algorithm (VQA);summary;This code is part of a Qiskit project. (C) Copyright IBM 2017, 2025. This code is licensed under the Apache License, Version 2.0. You may obtain a cop...;0.6725;0
test/circuit/test_probability_distributions.py;/pennylane/pennylane.templates.subroutines.iqp.IQP;Circuit Construction Utility;summary;This code is part of a Qiskit project. (C) Copyright IBM 2017, 2025. This code is licensed under the Apache License, Version 2.0. You may obtain a cop...;0.6720;0
test/circuit/test_probability_distributions.py;/qiskit/qiskit.circuit.library.arithmetic.functional_pauli_rotations.FunctionalPauliRotations;Quantum Arithmetic;summary;This code is part of a Qiskit project. (C) Copyright IBM 2017, 2025. This code is licensed under the Apache License, Version 2.0. You may obtain a cop...;0.6706;0
test/circuit/test_probability_distributions.py;/pennylane/pennylane.templates.state_preparations.state_prep_mps.MPSPrep;Initialization;summary;This code is part of a Qiskit project. (C) Copyright IBM 2017, 2025. This code is licensed under the Apache License, Version 2.0. You may obtain a cop...;0.6704;0
test/circuit/test_probability_distributions.py;/classiq/open_library.functions.swap_test.swap_test;SWAP Test;summary;This code is part of a Qiskit project. (C) Copyright IBM 2017, 2025. This code is licensed under the Apache License, Version 2.0. You may obtain a cop...;0.6685;0
test/circuit/test_probability_distributions.py;/qiskit-algorithms/qiskit_algorithms.amplitude_amplifiers.grover.Grover;Grover;summary;This code is part of a Qiskit project. (C) Copyright IBM 2017, 2025. This code is licensed under the Apache License, Version 2.0. You may obtain a cop...;0.6678;0
test/circuit/test_probability_distributions.py;/pennylane/pennylane.templates.layers.particle_conserving_u1.ParticleConservingU1;Variational Quantum Eigensolver (VQE);summary;This code is part of a Qiskit project. (C) Copyright IBM 2017, 2025. This code is licensed under the Apache License, Version 2.0. You may obtain a cop...;0.6673;0
test/circuit/test_probability_distributions.py;/pennylane/pennylane.templates.embeddings.iqp.IQPEmbedding;Data Encoding;summary;This code is part of a Qiskit project. (C) Copyright IBM 2017, 2025. This code is licensed under the Apache License, Version 2.0. You may obtain a cop...;0.6673;0
test/circuit/test_probability_distributions.py;/classiq/open_library.functions.variational.encode_on_bloch;Data Encoding;summary;This code is part of a Qiskit project. (C) Copyright IBM 2017, 2025. This code is licensed under the Apache License, Version 2.0. You may obtain a cop...;0.6671;0
test/circuit/test_probability_distributions.py;/qiskit/qiskit.circuit.library.grover_operator.GroverOperator;Grover;summary;This code is part of a Qiskit project. (C) Copyright IBM 2017, 2025. This code is licensed under the Apache License, Version 2.0. You may obtain a cop...;0.6670;0
test/circuit/test_probability_distributions.py;/classiq/open_library.functions.qpe.qpe;Quantum Phase Estimation (QPE);summary;This code is part of a Qiskit project. (C) Copyright IBM 2017, 2025. This code is licensed under the Apache License, Version 2.0. You may obtain a cop...;0.6668;0
test/circuit/test_probability_distributions.py;/qiskit/qiskit.circuit.library.n_local.n_local.NLocal;Variational Quantum Algorithm (VQA);summary;This code is part of a Qiskit project. (C) Copyright IBM 2017, 2025. This code is licensed under the Apache License, Version 2.0. You may obtain a cop...;0.6660;0
test/circuit/test_probability_distributions.py;/qiskit/qiskit.circuit.library.arithmetic.weighted_adder.WeightedSumGate;Quantum Arithmetic;summary;This code is part of a Qiskit project. (C) Copyright IBM 2017, 2025. This code is licensed under the Apache License, Version 2.0. You may obtain a cop...;0.6659;0
test/circuit/test_probability_distributions.py;/classiq/qmod.builtins.functions.exponentiation.suzuki_trotter;Hamiltonian Simulation;summary;This code is part of a Qiskit project. (C) Copyright IBM 2017, 2025. This code is licensed under the Apache License, Version 2.0. You may obtain a cop...;0.6658;0
test/circuit/test_probability_distributions.py;/qiskit/qiskit.circuit.library.overlap.UnitaryOverlap;Circuit Construction Utility;summary;This code is part of a Qiskit project. (C) Copyright IBM 2017, 2025. This code is licensed under the Apache License, Version 2.0. You may obtain a cop...;0.6653;0
test/circuit/test_probability_distributions.py;/classiq/open_library.functions.state_preparation.prepare_basis_state;Initialization;summary;This code is part of a Qiskit project. (C) Copyright IBM 2017, 2025. This code is licensed under the Apache License, Version 2.0. You may obtain a cop...;0.6647;0
test/circuit/test_probability_distributions.py;/pennylane/pennylane.templates.subroutines.qchem.kupccgsd.kUpCCGSD;Variational Quantum Algorithm (VQA);summary;This code is part of a Qiskit project. (C) Copyright IBM 2017, 2025. This code is licensed under the Apache License, Version 2.0. You may obtain a cop...;0.6643;0
test/circuit/test_probability_distributions.py;/qiskit/qiskit.circuit.library.arithmetic.weighted_adder.WeightedAdder;Quantum Arithmetic;summary;This code is part of a Qiskit project. (C) Copyright IBM 2017, 2025. This code is licensed under the Apache License, Version 2.0. You may obtain a cop...;0.6641;0
test/circuit/test_probability_distributions.py;/classiq/open_library.functions.utility_functions.hadamard_transform;Basis Change;summary;This code is part of a Qiskit project. (C) Copyright IBM 2017, 2025. This code is licensed under the Apache License, Version 2.0. You may obtain a cop...;0.6638;0
test/circuit/test_probability_distributions.py;/classiq/open_library.functions.qsvt.qsvt_lcu_step;Domain Specific Application;summary;This code is part of a Qiskit project. (C) Copyright IBM 2017, 2025. This code is licensed under the Apache License, Version 2.0. You may obtain a cop...;0.6629;0
test/data_providers/__init__.py;/classiq/open_library.functions.state_preparation.prepare_int;N/A;summary;This code is part of a Qiskit project. (C) Copyright IBM 2021, 2023. This code is licensed under the Apache License, Version 2.0. You may obtain a cop...;0.6819;0
test/data_providers/__init__.py;/pennylane/pennylane.templates.layers.gate_fabric.GateFabric;Variational Quantum Algorithm (VQA);summary;This code is part of a Qiskit project. (C) Copyright IBM 2021, 2023. This code is licensed under the Apache License, Version 2.0. You may obtain a cop...;0.6740;0
test/data_providers/__init__.py;/classiq/open_library.functions.qsvt.qsvt_lcu;Domain Specific Application;summary;This code is part of a Qiskit project. (C) Copyright IBM 2021, 2023. This code is licensed under the Apache License, Version 2.0. You may obtain a cop...;0.6697;0
test/data_providers/__init__.py;/classiq/open_library.functions.state_preparation.inplace_prepare_int;N/A;summary;This code is part of a Qiskit project. (C) Copyright IBM 2021, 2023. This code is licensed under the Apache License, Version 2.0. You may obtain a cop...;0.6659;0
test/data_providers/__init__.py;/classiq/open_library.functions.qsvt.qsvt_step;Domain Specific Application;summary;This code is part of a Qiskit project. (C) Copyright IBM 2021, 2023. This code is licensed under the Apache License, Version 2.0. You may obtain a cop...;0.6652;0
test/data_providers/__init__.py;/classiq/open_library.functions.discrete_sine_cosine_transform.qct_type2;Basis Change;summary;This code is part of a Qiskit project. (C) Copyright IBM 2021, 2023. This code is licensed under the Apache License, Version 2.0. You may obtain a cop...;0.6626;0
test/data_providers/__init__.py;/classiq/open_library.functions.discrete_sine_cosine_transform.qst_type2;Basis Change;summary;This code is part of a Qiskit project. (C) Copyright IBM 2021, 2023. This code is licensed under the Apache License, Version 2.0. You may obtain a cop...;0.6612;0
test/data_providers/__init__.py;/qiskit/qiskit.circuit.library.arithmetic.quadratic_form.QuadraticFormGate;Quantum Arithmetic;summary;This code is part of a Qiskit project. (C) Copyright IBM 2021, 2023. This code is licensed under the Apache License, Version 2.0. You may obtain a cop...;0.6592;0
test/data_providers/__init__.py;/classiq/open_library.functions.discrete_sine_cosine_transform.qct_qst_type2;Basis Change;summary;This code is part of a Qiskit project. (C) Copyright IBM 2021, 2023. This code is licensed under the Apache License, Version 2.0. You may obtain a cop...;0.6580;0
test/data_providers/__init__.py;/classiq/open_library.functions.qsvt.qsvt;Domain Specific Application;summary;This code is part of a Qiskit project. (C) Copyright IBM 2021, 2023. This code is licensed under the Apache License, Version 2.0. You may obtain a cop...;0.6563;0
test/data_providers/__init__.py;/pennylane/pennylane.templates.subroutines.qrom.QROM;Data Encoding;summary;This code is part of a Qiskit project. (C) Copyright IBM 2021, 2023. This code is licensed under the Apache License, Version 2.0. You may obtain a cop...;0.6523;0
test/data_providers/__init__.py;/classiq/open_library.functions.modular_exponentiation.c_modular_multiply;Quantum Arithmetic;summary;This code is part of a Qiskit project. (C) Copyright IBM 2021, 2023. This code is licensed under the Apache License, Version 2.0. You may obtain a cop...;0.6505;0
test/data_providers/test_data_providers.py;/qiskit-algorithms/qiskit_algorithms.phase_estimators.phase_estimation.PhaseEstimation;Quantum Phase Estimation (QPE);summary;This code is part of a Qiskit project. (C) Copyright IBM 2019, 2024. This code is licensed under the Apache License, Version 2.0. You may obtain a cop...;0.6540;0
test/finance_test_case.py;/classiq/open_library.functions.state_preparation.inplace_prepare_int;N/A;summary;This code is part of a Qiskit project. (C) Copyright IBM 2018, 2023. This code is licensed under the Apache License, Version 2.0. You may obtain a cop...;0.6562;0
test/test_readme_sample.py;/classiq/open_library.functions.state_preparation.prepare_int;N/A;summary;This code is part of a Qiskit project. (C) Copyright IBM 2020, 2023. This code is licensed under the Apache License, Version 2.0. You may obtain a cop...;0.6537;0
test/test_readme_sample.py;/pennylane/pennylane.templates.subroutines.qrom.QROM;Data Encoding;summary;This code is part of a Qiskit project. (C) Copyright IBM 2020, 2023. This code is licensed under the Apache License, Version 2.0. You may obtain a cop...;0.6510;0
tools/extract_deprecation.py;/classiq/open_library.functions.state_preparation.prepare_int;N/A;summary;This code is part of a Qiskit project. (C) Copyright IBM 2021, 2023. This code is licensed under the Apache License, Version 2.0. You may obtain a cop...;0.6804;0
tools/extract_deprecation.py;/pennylane/pennylane.templates.layers.gate_fabric.GateFabric;Variational Quantum Algorithm (VQA);summary;This code is part of a Qiskit project. (C) Copyright IBM 2021, 2023. This code is licensed under the Apache License, Version 2.0. You may obtain a cop...;0.6629;0
tools/extract_deprecation.py;/classiq/open_library.functions.qsvt.qsvt_lcu;Domain Specific Application;summary;This code is part of a Qiskit project. (C) Copyright IBM 2021, 2023. This code is licensed under the Apache License, Version 2.0. You may obtain a cop...;0.6625;0
tools/extract_deprecation.py;/classiq/open_library.functions.state_preparation.inplace_prepare_int;N/A;summary;This code is part of a Qiskit project. (C) Copyright IBM 2021, 2023. This code is licensed under the Apache License, Version 2.0. You may obtain a cop...;0.6594;0
tools/extract_deprecation.py;/classiq/open_library.functions.qsvt.qsvt_step;Domain Specific Application;summary;This code is part of a Qiskit project. (C) Copyright IBM 2021, 2023. This code is licensed under the Apache License, Version 2.0. You may obtain a cop...;0.6589;0
tools/extract_deprecation.py;/classiq/open_library.functions.discrete_sine_cosine_transform.qct_type2;Basis Change;summary;This code is part of a Qiskit project. (C) Copyright IBM 2021, 2023. This code is licensed under the Apache License, Version 2.0. You may obtain a cop...;0.6523;0
tools/extract_deprecation.py;/classiq/open_library.functions.discrete_sine_cosine_transform.qct_qst_type2;Basis Change;summary;This code is part of a Qiskit project. (C) Copyright IBM 2021, 2023. This code is licensed under the Apache License, Version 2.0. You may obtain a cop...;0.6519;0
tools/extract_deprecation.py;/qiskit/qiskit.circuit.library.arithmetic.quadratic_form.QuadraticFormGate;Quantum Arithmetic;summary;This code is part of a Qiskit project. (C) Copyright IBM 2021, 2023. This code is licensed under the Apache License, Version 2.0. You may obtain a cop...;0.6516;0
tools/generate_spell_dict.py;/pennylane/pennylane.templates.embeddings.amplitude.AmplitudeEmbedding;Data Encoding;summary;This code is part of a Qiskit project. (C) Copyright IBM 2021, 2023. This code is licensed under the Apache License, Version 2.0. You may obtain a cop...;0.6633;0
tools/generate_spell_dict.py;/classiq/open_library.functions.state_preparation.prepare_int;N/A;summary;This code is part of a Qiskit project. (C) Copyright IBM 2021, 2023. This code is licensed under the Apache License, Version 2.0. You may obtain a cop...;0.6632;0
tools/generate_spell_dict.py;/pennylane/pennylane.templates.embeddings.basis.BasisEmbedding;Data Encoding;summary;This code is part of a Qiskit project. (C) Copyright IBM 2021, 2023. This code is licensed under the Apache License, Version 2.0. You may obtain a cop...;0.6620;0
tools/generate_spell_dict.py;/qiskit/qiskit.circuit.library.arithmetic.quadratic_form.QuadraticFormGate;Quantum Arithmetic;summary;This code is part of a Qiskit project. (C) Copyright IBM 2021, 2023. This code is licensed under the Apache License, Version 2.0. You may obtain a cop...;0.6590;0
tools/generate_spell_dict.py;/qiskit/qiskit.circuit.library.generalized_gates.isometry.Isometry;Circuit Construction Utility;summary;This code is part of a Qiskit project. (C) Copyright IBM 2021, 2023. This code is licensed under the Apache License, Version 2.0. You may obtain a cop...;0.6585;0
tools/generate_spell_dict.py;/classiq/open_library.functions.state_preparation.inplace_prepare_int;N/A;summary;This code is part of a Qiskit project. (C) Copyright IBM 2021, 2023. This code is licensed under the Apache License, Version 2.0. You may obtain a cop...;0.6561;0
tools/generate_spell_dict.py;/classiq/open_library.functions.qsvt.qsvt_step;Domain Specific Application;summary;This code is part of a Qiskit project. (C) Copyright IBM 2021, 2023. This code is licensed under the Apache License, Version 2.0. You may obtain a cop...;0.6559;0
tools/generate_spell_dict.py;/classiq/open_library.functions.modular_exponentiation.c_modular_multiply;Quantum Arithmetic;summary;This code is part of a Qiskit project. (C) Copyright IBM 2021, 2023. This code is licensed under the Apache License, Version 2.0. You may obtain a cop...;0.6556;0
tools/generate_spell_dict.py;/pennylane/pennylane.templates.layers.gate_fabric.GateFabric;Variational Quantum Algorithm (VQA);summary;This code is part of a Qiskit project. (C) Copyright IBM 2021, 2023. This code is licensed under the Apache License, Version 2.0. You may obtain a cop...;0.6538;0
tools/generate_spell_dict.py;/pennylane/pennylane.templates.subroutines.aqft.AQFT;Basis Change;summary;This code is part of a Qiskit project. (C) Copyright IBM 2021, 2023. This code is licensed under the Apache License, Version 2.0. You may obtain a cop...;0.6534;0
tools/generate_spell_dict.py;/classiq/open_library.functions.variational.encode_on_bloch;Data Encoding;summary;This code is part of a Qiskit project. (C) Copyright IBM 2021, 2023. This code is licensed under the Apache License, Version 2.0. You may obtain a cop...;0.6515;0
tools/generate_spell_dict.py;/classiq/open_library.functions.discrete_sine_cosine_transform.qct_type2;Basis Change;summary;This code is part of a Qiskit project. (C) Copyright IBM 2021, 2023. This code is licensed under the Apache License, Version 2.0. You may obtain a cop...;0.6506;0
tools/generate_spell_dict.py;/classiq/open_library.functions.discrete_sine_cosine_transform.qct_qst_type2;Basis Change;summary;This code is part of a Qiskit project. (C) Copyright IBM 2021, 2023. This code is licensed under the Apache License, Version 2.0. You may obtain a cop...;0.6505;0
